Title,Authors,Abstract,Published Year,Published Month,Journal,Volume,Issue,Pages,Accession Number,DOI,Ref,Covidence #,Study,Notes,Tags
Revealing the extent of the first wave of the COVID-19 pandemic in Kenya based on serological and PCR-test data.,"Ojal, John; Brand, Samuel P C; Were, Vincent; Okiro, Emelda A; Kombe, Ivy K; Mburu, Caroline; Aziza, Rabia; Ogero, Morris; Agweyu, Ambrose; Warimwe, George M; Uyoga, Sophie; Adetifa, Ifedayo M O; Scott, J Anthony G; Otieno, Edward; Ochola-Oyier, Lynette I; Agoti, Charles N; Kasera, Kadondi; Amoth, Patrick; Mwangangi, Mercy; Aman, Rashid; Ng'ang'a, Wangari; Tsofa, Benjamin; Bejon, Philip; Barasa, Edwine; Keeling, Matt J; Nokes, D James","Policymakers in Africa need robust estimates of the current and future spread of SARS-CoV-2. We used national surveillance PCR test, serological survey and mobility data to develop and fit a county-specific transmission model for Kenya up to the end of September 2020, which encompasses the first wave of SARS-CoV-2 transmission in the country. We estimate that the first wave of the SARS-CoV-2 pandemic peaked before the end of July 2020 in the major urban counties, with 30-50% of residents infected. Our analysis suggests, first, that the reported low COVID-19 disease burden in Kenya cannot be explained solely by limited spread of the virus, and second, that a 30-50% attack rate was not sufficient to avoid a further wave of transmission. Copyright: © 2022 Ojal J et al.",2021,,Wellcome open research,6,101696457,127,,10.12688/wellcomeopenres.16748.3,,#211,Ojal 2021,"",""
COVID-19 transmission in a resource dependent community with heterogeneous populations: An agent-based modeling approach.,"Wood, Aaron D; Berry, Kevin","Outbreaks of COVID-19 in crowded work locations led to mass infection events during the pandemic that stressed health capacity in rural communities. This led to disparate responses - either isolating and restricting workers to facilities and potentially amplifying spread between them, more intense community wide restrictions, or an acceptance of higher disease spread. An extreme case is the salmon fishery in Bristol Bay, Alaska, where fishermen, factory workers, and residents all interact during the summer fishing season. During the pandemic, policy measures were debated, including community mask mandates, restricting workers to their boats and factories, and even closing the valuable seasonal fishery. We develop an agent-based SIR model (ABM) to examine COVID-19 transmission in a resource-dependent community populated by distinct subgroups. The model includes a virus spreading within and between three heterogenous populations who interact with other members of their type in their home location, and with different types of agents when out in the community. We simulate various non-pharmaceutical interventions and vaccination rates across these groups. Results demonstrate the efficacy of non-pharmaceutical interventions and vaccinations, as well as tradeoffs between duration and intensity and tradeoffs between groups impacted by the outbreak. This ABM demonstrates the impact of public policy mechanisms on health outcomes in resource-dependent communities with distinct populations. Copyright © 2023 Elsevier B.V. All rights reserved.",2024,,Economics and human biology,52,101166135,101314,,10.1016/j.ehb.2023.101314,,#226,Wood 2024,Nancy Tahmo (2025-05-05 14:08:56)(Select): Page 3-4; fishermen; ,""
Novel multi-cluster workflow system to support real-time HPC-enabled epidemic science: Investigating the impact of vaccine acceptance on COVID-19 spread.,"Bhattacharya, Parantapa; Machi, Dustin; Chen, Jiangzhuo; Hoops, Stefan; Lewis, Bryan; Mortveit, Henning; Venkatramanan, Srinivasan; Wilson, Mandy L; Marathe, Achla; Porebski, Przemyslaw; Klahn, Brian; Outten, Joseph; Vullikanti, Anil; Xie, Dawen; Adiga, Abhijin; Brown, Shawn; Barrett, Christopher; Marathe, Madhav","We present MacKenzie, a HPC-driven multi-cluster workflow system that was used repeatedly to configure and execute fine-grained US national-scale epidemic simulation models during the COVID-19 pandemic. Mackenzie supported federal and Virginia policymakers, in real-time, for a large number of ""what-if"" scenarios during the COVID-19 pandemic, and continues to be used to answer related questions as COVID-19 transitions to the endemic stage of the disease. MacKenzie is a novel HPC meta-scheduler that can execute US-scale simulation models and associated workflows that typically present significant big data challenges. The meta-scheduler optimizes the total execution time of simulations in the workflow, and helps improve overall human productivity. As an exemplar of the kind of studies that can be conducted using Mackenzie, we present a modeling study to understand the impact of vaccine-acceptance in controlling the spread of COVID-19 in the US. We use a 288 million node synthetic social contact network (digital twin) spanning all 50 US states plus Washington DC, comprised of 3300 counties, with 12 billion daily interactions. The highly-resolved agent-based model used for the epidemic simulations uses realistic information about disease progression, vaccine uptake, production schedules, acceptance trends, prevalence, and social distancing guidelines. Computational experiments show that, for the simulation workload discussed above, MacKenzie is able to scale up well to 10K CPU cores. Our modeling results show that, when compared to faster and accelerating vaccinations, slower vaccination rates due to vaccine hesitancy cause averted infections to drop from 6.7M to 4.5M, and averted total deaths to drop from 39.4K to 28.2K across the US. This occurs despite the fact that the final vaccine coverage is the same in both scenarios. We also find that if vaccine acceptance could be increased by 10% in all states, averted infections could be increased from 4.5M to 4.7M (a 4.4% improvement) and total averted deaths could be increased from 28.2K to 29.9K (a 6% improvement) nationwide.",2024,,Journal of parallel and distributed computing,191,101204404,,,10.1016/j.jpdc.2024.104899,,#228,Bhattacharya 2024,"",""
"Risk assessment for precise intervention of COVID-19 epidemic based on available big data and spatio-temporal simulation method: Empirical evidence from different public places in Guangzhou, China.","Zhou, Shuli; Zhou, Suhong; Zheng, Zhong; Lu, Junwen; Song, Tie","Risk assessment of the intra-city spatio-temporal spreading of COVID-19 is important for providing location-based precise intervention measures, especially when the epidemic occurred in the densely populated and high mobile public places. The individual-based simulation has been proven to be an effective method for the risk assessment. However, the acquisition of individual-level mobility data is limited. This study used publicly available datasets to approximate dynamic intra-city travel flows by a spatio-temporal gravity model. On this basis, an individual-based epidemic model integrating agent-based model with the susceptible-exposed-infectious-removed (SEIR) model was proposed and the intra-city spatio-temporal spreading process of COVID-19 in eleven public places in Guangzhou China were explored. The results indicated that the accuracy of dynamic intra-city travel flows estimated by available big data and gravity model is acceptable. The spatio-temporal simulation method well presented the process of COVID-19 epidemic. Four kinds of spatial-temporal transmission patterns were identified and the pattern was highly dependent on the urban spatial structure and location. It indicated that location-based precise intervention measures should be implemented according to different regions. The approach of this research can be used by policy-makers to make rapid and accurate risk assessments and to implement intervention measures ahead of epidemic outbreaks. Copyright © 2022 The Authors.",2022,,"Applied geography (Sevenoaks, England)",143,101085119,102702,,10.1016/j.apgeog.2022.102702,,#239,Zhou 2022,"",""
Projected outcomes of universal testing and treatment in a generalised HIV epidemic in Zambia and South Africa (the HPTN 071 [PopART] trial): a modelling study.,"Probert, William J M; Sauter, Rafael; Pickles, Michael; Cori, Anne; Bell-Mandla, Nomtha F; Bwalya, Justin; Abeler-Dorner, Lucie; Bock, Peter; Donnell, Deborah J; Floyd, Sian; Macleod, David; Piwowar-Manning, Estelle; Skalland, Timothy; Shanaube, Kwame; Wilson, Ethan; Yang, Blia; Ayles, Helen; Fidler, Sarah; Hayes, Richard J; Fraser, Christophe","BACKGROUND: The long-term impact of universal home-based testing and treatment as part of universal testing and treatment (UTT) on HIV incidence is unknown. We made projections using a detailed individual-based model of the effect of the intervention delivered in the HPTN 071 (PopART) cluster-randomised trial., METHODS: In this modelling study, we fitted an individual-based model to the HIV epidemic and HIV care cascade in 21 high prevalence communities in Zambia and South Africa that were part of the PopART cluster-randomised trial (intervention period Nov 1, 2013, to Dec 31, 2017). The model represents coverage of home-based testing and counselling by age and sex, delivered as part of the trial, antiretroviral therapy (ART) uptake, and any changes in national guidelines on ART eligibility. In PopART, communities were randomly assigned to one of three arms: arm A received the full PopART intervention for all individuals who tested positive for HIV, arm B received the intervention with ART provided in accordance with national guidelines, and arm C received standard of care. We fitted the model to trial data twice using Approximate Bayesian Computation, once before data unblinding and then again after data unblinding. We compared projections of intervention impact with observed effects, and for four different scenarios of UTT up to Jan 1, 2030 in the study communities., FINDINGS: Compared with standard of care, a 51% (95% credible interval 40-60) reduction in HIV incidence is projected if the trial intervention (arms A and B combined) is continued from 2020 to 2030, over and above a declining trend in HIV incidence under standard of care., INTERPRETATION: A widespread and continued commitment to UTT via home-based testing and counselling can have a substantial effect on HIV incidence in high prevalence communities., FUNDING: National Institute of Allergy and Infectious Diseases, US President's Emergency Plan for AIDS Relief, International Initiative for Impact Evaluation, Bill & Melinda Gates Foundation, National Institute on Drug Abuse, and National Institute of Mental Health. Copyright © 2022 The Author(s). Published by Elsevier Ltd. This is an Open Access article under the CC BY 4.0 license. Published by Elsevier Ltd.. All rights reserved.",2022,,The lancet. HIV,9,11,e771-e780,,10.1016/S2352-3018(22)00259-4,,#252,Probert 2022,"",""
The cost-effectiveness of social distancing measures for mitigating the COVID-19 pandemic in a highly-populated country: A case study in Indonesia.,"Suwantika, Auliya A; Dhamanti, Inge; Suharto, Yulianto; Purba, Fredrick D; Abdulah, Rizky","BACKGROUND: As one of the strategies to mitigate the COVID-19 pandemic, social distancing (SD) measures are recommended to control disease spread and reduce the attack rate. Therefore, this study aims to estimate the costs and effects of SD measures through school closures, workforce, and community contact reductions for mitigating the COVID-19 pandemic in Indonesia., METHODS: Two mitigation scenarios of SD for 1 month and continuous SD were compared with the baseline (no intervention). A modified Susceptible-Exposed-Infected-Recovered (SEIR) compartmental model accounting for disease spread during the latent period was applied by considering a 1-year time horizon. The costs of healthcare, school closures, and productivity loss due to disease as well as intervention were considered to estimate the total pandemic cost among all scenarios., RESULTS: In a comparison with the baseline, the result showed that total savings in scenarios of SD for 1 month and continuous SD was approximately $415 billion and $699 billion, respectively, while the averted deaths were 4.6 million and 8.5 million, respectively. Sensitivity analysis showed that basic reproduction number, infectious period, daily wage, incubation period, daily ICU admission cost, and case fatality rate were the most influential parameters affecting the savings and the number of averted deaths., CONCLUSIONS: SD measures through school closures, workforce, and community contact reductions were concluded to be cost-saving. Increasing the duration of social distancing tends to increase both the savings and the number of averted deaths. Copyright © 2021 Elsevier Ltd. All rights reserved.",2022,,Travel medicine and infectious disease,45,101230758,102245,,10.1016/j.tmaid.2021.102245,,#258,Suwantika 2022,Nancy Tahmo (2025-05-08 04:15:16)(Select): Funding; ,""
A participatory modelling approach for investigating the spread of COVID-19 in countries of the Eastern Mediterranean Region to support public health decision-making.,"Adib, Keyrellous; Hancock, Penelope A; Rahimli, Aysel; Mugisa, Bridget; Abdulrazeq, Fayez; Aguas, Ricardo; White, Lisa J; Hajjeh, Rana; Al Ariqi, Lubna; Nabeth, Pierre","Early on in the COVID-19 pandemic, the WHO Eastern Mediterranean Regional Office recognised the importance of epidemiological modelling to forecast the progression of the COVID-19 pandemic to support decisions guiding the implementation of response measures. We established a modelling support team to facilitate the application of epidemiological modelling analyses in the Eastern Mediterranean Region (EMR) countries. Here, we present an innovative, stepwise approach to participatory modelling of the COVID-19 pandemic that engaged decision-makers and public health professionals from countries throughout all stages of the modelling process. Our approach consisted of first identifying the relevant policy questions, collecting country-specific data and interpreting model findings from a decision-maker's perspective, as well as communicating model uncertainty. We used a simple modelling methodology that was adaptable to the shortage of epidemiological data, and the limited modelling capacity, in our region. We discuss the benefits of using models to produce rapid decision-making guidance for COVID-19 control in the WHO EMR, as well as challenges that we have experienced regarding conveying uncertainty associated with model results, synthesising and comparing results across multiple modelling approaches, and modelling fragile and conflict-affected states. Copyright © Author(s) (or their employer(s)) 2021. Re-use permitted under CC BY-NC. No commercial re-use. See rights and permissions. Published by BMJ.",2021,,BMJ global health,6,3,,,10.1136/bmjgh-2021-005207,,#265,Adib 2021,"",""
Underdetection of cases of COVID-19 in France threatens epidemic control.,"Pullano, Giulia; Di Domenico, Laura; Sabbatini, Chiara E; Valdano, Eugenio; Turbelin, Clement; Debin, Marion; Guerrisi, Caroline; Kengne-Kuetche, Charly; Souty, Cecile; Hanslik, Thomas; Blanchon, Thierry; Boelle, Pierre-Yves; Figoni, Julie; Vaux, Sophie; Campese, Christine; Bernard-Stoecklin, Sibylle; Colizza, Vittoria","As countries in Europe gradually relaxed lockdown restrictions after the first wave, test-trace-isolate strategies became critical to maintain the incidence of coronavirus disease 2019 (COVID-19) at low levels1,2. Reviewing their shortcomings can provide elements to consider in light of the second wave that is currently underway in Europe. Here we estimate the rate of detection of symptomatic cases of COVID-19 in France after lockdown through the use of virological3 and participatory syndromic4 surveillance data coupled with mathematical transmission models calibrated to regional hospitalizations2. Our findings indicate that around 90,000 symptomatic infections, corresponding to 9 out 10 cases, were not ascertained by the surveillance system in the first 7 weeks after lockdown from 11 May to 28 June 2020, although the test positivity rate did not exceed the 5% recommendation of the World Health Organization (WHO)5. The median detection rate increased from 7% (95% confidence interval, 6-8%) to 38% (35-44%) over time, with large regional variations, owing to a strengthening of the system as well as a decrease in epidemic activity. According to participatory surveillance data, only 31% of individuals with COVID-19-like symptoms consulted a doctor in the study period. This suggests that large numbers of symptomatic cases of COVID-19 did not seek medical advice despite recommendations, as confirmed by serological studies6,7. Encouraging awareness and same-day healthcare-seeking behaviour of suspected cases of COVID-19 is critical to improve detection. However, the capacity of the system remained insufficient even at the low epidemic activity achieved after lockdown, and was predicted to deteriorate rapidly with increasing incidence of COVID-19 cases. Substantially more aggressive, targeted and efficient testing with easier access is required to act as a tool to control the COVID-19 pandemic. The testing strategy will be critical to enable partial lifting of the current restrictive measures in Europe and to avoid a third wave.",2021,,Nature,590,7844,134-139,,10.1038/s41586-020-03095-6,,#268,Pullano 2021,"",""
Human activity pattern implications for modeling SARS-CoV-2 transmission.,"Wang, Yulan; Li, Bernard; Gouripeddi, Ramkiran; Facelli, Julio C","BACKGROUND AND OBJECTIVES: SARS-CoV-2 emerged in December 2019 and rapidly spread into a global pandemic. Designing optimal community responses (social distancing, vaccination) is dependent on the stage of the disease progression, discovery of asymptomatic individuals, changes in virulence of the pathogen, and current levels of herd immunity. Community strategies may have severe and undesirable social and economic side effects. Modeling is the only available scientific approach to develop effective strategies that can minimize these unwanted side effects while retaining the effectiveness of the interventions., METHODS: We extended the agent-based model, SpatioTemporal Human Activity Model (STHAM), for simulating SARS-CoV-2 transmission dynamics., RESULTS: Here we present preliminary STHAM simulation results that reproduce the overall trends observed in the Wasatch Front (Utah, United States of America) for the general population. The results presented here clearly indicate that human activity patterns are important in predicting the rate of infection for different demographic groups in the population., CONCLUSIONS: Future work in pandemic simulations should use empirical human activity data for agent-based techniques. Copyright © 2020. Published by Elsevier B.V.",2021,,Computer methods and programs in biomedicine,199,"doh, 8506513",105896,,10.1016/j.cmpb.2020.105896,,#269,Wang 2021,Nancy Tahmo (2025-05-01 08:36:11)(Select): Acknowledgement section; ,""
"Population health impact, cost-effectiveness, and affordability of community-based HIV treatment and monitoring in South Africa: a health economics modelling study",Sahu M.; Bayer C.J.; Roberts D.A.; van Rooyen H.; van Heerden A.; Shahmanesh M.; Asiimwe S.; Sausi K.; Sithole N.; Ying R.; Rao D.W.; Krows M.L.; Shapiro A.E.; Baeten J.M.; Celum C.; Revill P.; Barnabas R.V.,"Introduction Community-based delivery and monitoring of antiretroviral therapy (ART) for HIV has the potential to increase viral suppression for individual- and population-level health benefits. However, the cost-effectiveness and budget impact are needed for public health policy. Methods and Findings We used a mathematical model of HIV transmission in KwaZulu-Natal, South Africa, to estimate population prevalence, incidence, mortality, and disability-adjusted life-years (DALYs) from 2020 to 2060 for two scenarios: 1) standard clinic-based HIV care and 2) five-yearly home testing campaigns with community ART for people not reached by clinic-based care. We parameterised model scenarios using observed community-based ART efficacy. We evaluated incremental cost-effectiveness and net health benefits using a threshold of $750/DALY averted. Sensitivity analyses varied costs of ART, hospitalisation, and testing. Uncertainty ranges (URs) were estimated across 25 best-fitting parameter sets. By 2060, community ART following home testing averted 27.9% (UR: 24.3-31.5) of incident HIV infections, 27.8% (26.8-28.8) of HIV-related deaths, and 18.7% (17.9-19.7) of DALYs compared to standard of care. Adolescent girls and young women aged 15-24 years experienced the greatest reduction in incident HIV (30.7%, 27.1-34.7). In the first five years (2020-2024), community ART required an additional $44.9 million (35.8-50.1) annually, representing 14.3% (11.4-16.0) of the current HIV budget. The cost per DALY averted was $102 (85-117) for community ART compared with standard of care. Providing six-monthly refills instead of quarterly refills further increased cost-effectiveness to $78.5 per DALY averted (62.9-92.8). Cost-effectiveness was robust to sensitivity analyses. Conclusions In a high-prevalence setting, scale-up of decentralised ART dispensing and monitoring for people not already virally suppressed can provide large population health benefits and is cost-effective in preventing death and disability due to HIV.Copyright The copyright holder for this preprint is the author/funder, who has granted medRxiv a license to display the preprint in perpetuity. It is made available under a CC-BY 4.0 International license.",2022,,medRxiv,,"(Sahu) Department of Health Metrics Sciences, University of Washington, Seattle, WA, United States(Bayer, Krows) Department of Global Health, University of Washington, Seattle, WA, United States(Roberts, Rao, Baeten, Celum) Department of Epidemiology, Uni",,2018694523,10.1101/2022.05.18.22275272,,#315,Sahu 2022,"",""
Improved health outcomes from hepatitis C treatment scale-up in Spain's prisons: A cost-effectiveness study,Chhatwal J.; Samur S.; Li K.; He T.; Llerena S.; Cobo C.; Ayer T.; Roberts M.; Spaulding A.; Crespo J.,"Background and Aims: Hepatitis C virus (HCV) infection is 15 times more prevalent among prison inmates in Spain compared with the general population. Direct-acting antivirals (DAAs) for HCV treatment can potentially reduce ongoing transmission, and eliminate HCV. Spain initiated an innovative pilot program, JAILFREE-C, to screen and treat HCV in prisons. Our aim was to identify a cost-effective strategy to scale-up HCV treatment to all Spain's prisons. Method(s): We used a dynamic agent-based microsimulation model that considered HCV transmission, natural history of HCV progression, screening, treatment with oral DAAs, and simulation of prison and general population dynamics. The baseline population in the model represented Spain's population in the community and prisons in all regions stratified by age, prevalence of HCV, health states, HCV genotype, and injection drug use status. SVR rates and patient demographics in prisons were informed by published studies, including the JAILFREE-C study. Treatment capacity in prisons was assumed to be 2000/year. The long-term disease and cost outcomes of the following strategies in prisons were evaluated: (1) no treatment; (2) prioritize treatment of inmates by their health states (F4, F3, F2, F1, F0) irrespective of the prison/region; (3) prioritize inmates in prisons high HCV prevalence; and (4) prioritize inmates in prisons with high number of HCV-infected inmates. Result(s): Under the current limited resources in prisons, scaling-up treatment by prioritizing patients based on their disease stagewould yield the highest quality-adjusted life years (QALYs) - 7186 additional QALYs but cost 98.24 million more than that under no treatment. This strategy was also the most cost-effective strategy, yielding the incremental cost-effectiveness ratio of 5800/QALY when compared with the next effective strategy. Compared with no treatment, this strategy would prevent 70 new incident cases of HCV, 270 cases of decompensated cirrhosis, 450 cases of hepatocellular carcinoma and 670 HCV-related deaths in the next 25 years in Spain. The majority of these benefits would occur outside of prisons in the general community. Conclusion(s): Scaling-up HCV treatment with DAAs to all prisons in Spain would reduce ongoing HCV transmission and HCV sequelae burden. Among the strategies considered, prioritizing patients with advanced disease stage in all prisons, irrespective of the region, HCV prevalence or size of the prison would be the most cost-effective strategy.",2018,,Journal of Hepatology,68,Supplement 1,S151,621860180,,,#337,Chhatwal 2018,"",""
Revealing the extent of the first wave of the COVID-19 pandemic in Kenya based on serological and PCR-test data,"Ojal, J.; Brand, S.P.C.; Were, V.; Okiro, E.A.; Kombe, I.K.; Mburu, C.; Aziza, R.; Ogero, M.; Agweyu, A.; Warimwe, G.M.; Uyoga, S.; Adetifa, I.M.O.; Scott, J.A.G.; Otieno, E.; Ochola-Oyier, L.I.; Agoti, C.N.; Kasera, K.; Amoth, P.; Mwangangi, M.; Aman, R.; Ng'ang'a, W.; Tsofa, B.; Bejon, P.; Barasa, E.; Keeling, M.J.; Nokes, D.J.","Policymakers in Africa need robust estimates of the current and future spread of SARS-CoV-2. We used national surveillance PCR test, serological survey and mobility data to develop and fit a county-specific transmission model for Kenya up to the end of September 2020, which encompasses the first wave of SARS-CoV-2 transmission in the country. We estimate that the first wave of the SARS-CoV-2 pandemic peaked before the end of July 2020 in the major urban counties, with 30-50% of residents infected. Our analysis suggests, first, that the reported low COVID-19 disease burden in Kenya cannot be explained solely by limited spread of the virus, and second, that a 30-50% attack rate was not sufficient to avoid a further wave of transmission. © 2022 Ojal J et al.",2022,,Wellcome Open Res.,6,,,,10.12688/wellcomeopenres.16748.3,,#386,Ojal 2022,"",""
Modeling indoor-level non-pharmaceutical interventions during the COVID-19 pandemic: A pedestrian dynamics-based microscopic simulation approach.,"Xiao, Yao; Yang, Mofeng; Zhu, Zheng; Yang, Hai; Zhang, Lei; Ghader, Sepehr","Mathematical modeling of epidemic spreading has been widely adopted to estimate the threats of epidemic diseases (i.e., the COVID-19 pandemic) as well as to evaluate epidemic control interventions. The indoor place is considered to be a significant epidemic spreading risk origin, but existing widely-used epidemic spreading models are usually limited for indoor places since the dynamic physical distance changes between people are ignored, and the empirical features of the essential and non-essential travel are not differentiated. In this paper, we introduce a pedestrian-based epidemic spreading model that is capable of modeling indoor transmission risks of diseases during people's social activities. Taking advantage of the before-and-after mobility data from the University of Maryland COVID-19 Impact Analysis Platform, it's found that people tend to spend more time in grocery stores once their travel frequencies are restricted to a low level. In other words, an increase in dwell time could balance the decrease in travel frequencies and satisfy people's demands. Based on the pedestrian-based model and the empirical evidence, combined non-pharmaceutical interventions from different operational levels are evaluated. Numerical simulations show that restrictions on people's travel frequency and open hours of indoor places may not be universally effective in reducing average infection risks for each pedestrian who visit the place. Entry limitations can be a widely effective alternative, whereas the decision-maker needs to balance the decrease in risky contacts and the increase in queue length outside the place that may impede people from fulfilling their travel needs. The results show that a good coordination among the decision-makers can contribute to the improvement of the performance of combined non-pharmaceutical interventions, and it also benefits the short-term and long-term interventions in the future. Copyright © 2021 Elsevier Ltd. All rights reserved.",2021,,Transport policy,109,101670168,12-23,,10.1016/j.tranpol.2021.05.004,,#432,Xiao 2021,Nancy Tahmo (2025-05-03 11:48:58)(Select): Acknowledgment section; ,""
An assessment of the potential impact of the Omicron variant of SARS-CoV-2 in Aotearoa New Zealand.,"Vattiato, Giorgia; Maclaren, Oliver; Lustig, Audrey; Binny, Rachelle N; Hendy, Shaun C; Plank, Michael J","New Zealand delayed the introduction of the Omicron variant of SARS-CoV-2 into the community by the continued use of strict border controls through to January 2022. This allowed time for vaccination rates to increase and the roll out of third doses of the vaccine (boosters) to begin. It also meant more data on the characteristics of Omicron became available prior to the first cases of community transmission. Here we present a mathematical model of an Omicron epidemic, incorporating the effects of the booster roll out and waning of vaccine-induced immunity, and based on estimates of vaccine effectiveness and disease severity from international data. The model considers differing levels of immunity against infection, severe illness and death, and ignores waning of infection-induced immunity. This model was used to provide an assessment of the potential impact of an Omicron wave in the New Zealand population, which helped inform government preparedness and response. At the time the modelling was carried out, the date of introduction of Omicron into the New Zealand community was unknown. We therefore simulated outbreaks with different start dates, as well as investigating different levels of booster uptake. We found that an outbreak starting on 1 February or 1 March led to a lower health burden than an outbreak starting on 1 January because of increased booster coverage, particularly in older age groups. We also found that outbreaks starting later in the year led to worse health outcomes than an outbreak starting on 1 March. This is because waning immunity in older groups started to outweigh the increased protection from higher booster coverage in younger groups. For an outbreak starting on 1 February and with high booster uptake, the number of occupied hospital beds in the model peaked between 800 and 3,300 depending on assumed transmission rates. We conclude that combining an accelerated booster programme with public health measures to flatten the curve are key to avoid overwhelming the healthcare system. Copyright © 2022 The Authors.",2022,,Infectious Disease Modelling,7,2,94-105,,10.1016/j.idm.2022.04.002,,#439,Vattiato 2022,Nancy Tahmo (2025-05-01 13:16:45)(Select): Introduction & Acknowledgement section; ,""
Assessment of tuberculosis transmission probability in three Thai prisons based on five dynamic models.,"Mahawan, Nithinan; Rattananupong, Thanapoom; Sri-Uam, Puchong; Jiamjarasrangsi, Wiroj","This study aimed to assess and compare the probability of tuberculosis (TB) transmission based on five dynamic models: the Wells-Riley equation, two Rudnick & Milton-proposed models based on air changes per hour (ACH) and liters per second per person (L/s/p), the model proposed by Issarow et al, and the Applied Susceptible-Exposed-Infected-Recovered (SEIR) TB transmission model. This study also aimed to determine the impact of model parameters on such probabilities in three Thai prisons. A cross-sectional study was conducted using data from 985 prison cells. The TB transmission probability for each cell was calculated using parameters relevant to the specific model formula, and the magnitude of the model agreement was examined by Spearman's rank correlation and Bland-Altman plot. Subsequently, a multiple linear regression analysis was conducted to investigate the influence of each model parameter on the estimated probability. Results revealed that the median (Quartiles 1 and 3) of TB transmission probability among these cells was 0.052 (0.017, 0.180). Compared with the pioneered Wells-Riley's model, the remaining models projected discrepant TB transmission probability from less to more commensurate to the degree of model modification from the pioneered model as follows: Rudnick & Milton (ACH), Issarow et al., and Rudnick & Milton (L/s/p), and the applied SEIR models. The ventilation rate and number of infectious TB patients in each cell or zone had the greatest impact on the estimated TB transmission probability in most models. Additionally, the number of inmates in each cell, the area per person in square meters, and the inmate turnover rate were identified as high-impact parameters in the applied SEIR model. All stakeholders must urgently address these influential parameters to reduce TB transmission in prisons. Moreover, further studies are required to determine their relative validity in accurately predicting TB incidence in prison settings. Copyright: © 2024 Mahawan et al. This is an open access article distributed under the terms of the Creative Commons Attribution License, which permits unrestricted use, distribution, and reproduction in any medium, provided the original author and source are credited.",2024,,PloS one,19,7,e0305264,,10.1371/journal.pone.0305264,,#448,Mahawan 2024,Nancy Tahmo (2025-04-30 07:00:40)(Select): acknowlegement section; ,""
K-Track-Covid: interactive web-based dashboard for analyzing geographical and temporal spread of COVID-19 in South Korea.,"Song, Hanbyul; Han, Kyulhee; Park, Jiwon; Liu, Zhe; Goo, Taewan; Krishnamurthy, Ashok; Park, Taesung","The COVID-19 pandemic has necessitated the development of robust tools for tracking and modeling the spread of the virus. We present 'K-Track-Covid,' an interactive web-based dashboard developed using the R Shiny framework, to offer users an intuitive dashboard for analyzing the geographical and temporal spread of COVID-19 in South Korea. Our dashboard employs dynamic user interface elements, employs validated epidemiological models, and integrates regional data to offer tailored visual displays. The dashboard allows users to customize their data views by selecting specific time frames, geographic regions, and demographic groups. This customization enables the generation of charts and statistical summaries pertinent to both daily fluctuations and cumulative counts of COVID-19 cases, as well as mortality statistics. Additionally, the dashboard offers a simulation model based on mathematical models, enabling users to make predictions under various parameter settings. The dashboard is designed to assist researchers, policymakers, and the public in understanding the spread and impact of COVID-19, thereby facilitating informed decision-making. All data and resources related to this study are publicly available to ensure transparency and facilitate further research. Copyright © 2024 Song, Han, Park, Liu, Goo, Krishnamurthy and Park.",2024,,Frontiers in public health,12,101616579,1347862,,10.3389/fpubh.2024.1347862,,#464,Song 2024,Nancy Tahmo (2025-04-30 05:09:07)(Select): Crowd-sourcing; ,""
Modeling COVID-19 spread using multi-agent simulation with small-world network approach.,"Fan, Qin; Li, Qun; Chen, Youliang; Tang, Jianbo","BACKGROUND: The rapid global spread of COVID-19 has seriously impacted people's daily lives and the social economy while also posing a threat to their lives. The analysis of infectious disease transmission is of significant importance for the rational allocation of epidemic prevention and control resources, the management of public health emergencies, and the improvement of future public health systems., METHODS: We propose a spatiotemporal COVID-19 transmission model with a neighborhood as an agent unit and an urban spatial network with long and short edge connections. The spreading model includes a network of defined agent attributes, transformation rules, and social relations and a small world network representing agents' social relations. Parameters for each stage are fitted by the Runge-Kutta method combined with the SEIR model. Using the NetLogo development platform, accurate dynamic simulations of the spatial and temporal evolution of the early epidemic were achieved., RESULTS: Experimental results demonstrate that the fitted curves from the four stages agree with actual data, with only a 12.27% difference between the average number of infected agents and the actual number of infected agents after simulating 1 hundred times. Additionally, the model simulates and compares different ""city closure"" scenarios. The results showed that implementing a 'lockdown' 10 days earlier would lead to the peak number of infections occurring 7 days earlier than in the normal scenario, with a reduction of 40.35% in the total number of infections., DISCUSSION: Our methodology emphasizes the crucial role of timely epidemic interventions in curbing the spread of infectious diseases, notably in the predictive assessment and evaluation of lockdown strategies. Furthermore, this approach adeptly forecasts the influence of varying intervention timings on peak infection rates and total case numbers, accurately reflecting real-world virus transmission patterns. This highlights the importance of proactive measures in diminishing epidemic impacts. It furnishes a robust framework, empowering policymakers to refine epidemic response strategies based on a synthesis of predictive modeling and empirical data. Copyright © 2024. The Author(s).",2024,,BMC public health,24,1,672,,10.1186/s12889-024-18157-x,,#476,Fan 2024,Nancy Tahmo (2025-05-01 09:55:37)(Select): Acknowledgement section; ,""
Dynamic Patterns and Modeling of Early COVID-19 Transmission by Dynamic Mode Decomposition.,"Fang, Dehong; Guo, Lei; Hughes, M Courtney; Tan, Jifu","INTRODUCTION: Understanding the transmission patterns and dynamics of COVID-19 is critical to effective monitoring, intervention, and control for future pandemics. The aim of this study was to investigate the spatial and temporal characteristics of COVID-19 transmission during the early stage of the outbreak in the US, with the goal of informing future responses to similar outbreaks., METHODS: We used dynamic mode decomposition (DMD) and national data on COVID-19 cases (April 6, 2020-October 9, 2020) to model the spread of COVID-19 in the US as a dynamic system. DMD can decompose the complex evolution of disease cases into linear combinations of simple spatial patterns or structures (modes) with time-dependent mode amplitudes (coefficients). The modes reveal the hidden dynamic behaviors of the data. We identified geographic patterns of COVID-19 spread and quantified time-dependent changes in COVID-19 cases during the study period., RESULTS: The magnitude analysis from the dominant mode in DMD showed that California, Louisiana, Kansas, Georgia, and Texas had higher numbers of COVID-19 cases than other areas during the study period. States such as Arizona, Florida, Georgia, Massachusetts, New York, and Texas showed simultaneous increases in the number of COVID-19 cases, consistent with data from the Centers for Disease Control and Prevention., CONCLUSION: Results from DMD analysis indicate that certain areas in the US shared similar trends and similar spatiotemporal transmission patterns of COVID-19. These results provide valuable insights into the spread of COVID-19 and can inform policy makers and public health authorities in designing and implementing mitigation interventions.",2023,,Preventing chronic disease,20,101205018,E95,,10.5888/pcd20.230089,,#478,Fang 2023,"",""
Effect of Rapid Urbanization in Mainland China on the Seasonal Influenza Epidemic: Spatiotemporal Analysis of Surveillance Data From 2010 to 2017.,"Lei, Hao; Zhang, Nan; Niu, Beidi; Wang, Xiao; Xiao, Shenglan; Du, Xiangjun; Chen, Tao; Yang, Lei; Wang, Dayan; Cowling, Benjamin; Li, Yuguo; Shu, Yuelong","BACKGROUND: The world is undergoing an unprecedented wave of urbanization. However, the effect of rapid urbanization during the early or middle stages of urbanization on seasonal influenza transmission remains unknown. Since about 70% of the world population live in low-income countries, exploring the impact of urbanization on influenza transmission in urbanized countries is significant for global infection prediction and prevention., OBJECTIVE: The aim of this study was to explore the effect of rapid urbanization on influenza transmission in China., METHODS: We performed spatiotemporal analyses of province-level influenza surveillance data collected in Mainland China from April 1, 2010, to March 31, 2017. An agent-based model based on hourly human contact-related behaviors was built to simulate the influenza transmission dynamics and to explore the potential mechanism of the impact of urbanization on influenza transmission., RESULTS: We observed persistent differences in the influenza epidemic attack rates among the provinces of Mainland China across the 7-year study period, and the attack rate in the winter waves exhibited a U-shaped relationship with the urbanization rates, with a turning point at 50%-60% urbanization across Mainland China. Rapid Chinese urbanization has led to increases in the urban population density and percentage of the workforce but decreases in household size and the percentage of student population. The net effect of increased influenza transmission in the community and workplaces but decreased transmission in households and schools yielded the observed U-shaped relationship., CONCLUSIONS: Our results highlight the complicated effects of urbanization on the seasonal influenza epidemic in China. As the current urbanization rate in China is approximately 59%, further urbanization with no relevant interventions suggests a worrisome increasing future trend in the influenza epidemic attack rate. Copyright ©Hao Lei, Nan Zhang, Beidi Niu, Xiao Wang, Shenglan Xiao, Xiangjun Du, Tao Chen, Lei Yang, Dayan Wang, Benjamin Cowling, Yuguo Li, Yuelong Shu. Originally published in JMIR Public Health and Surveillance (https://publichealth.jmir.org), 07.07.2023.",2023,,JMIR public health and surveillance,9,101669345,e41435,,10.2196/41435,,#480,Lei 2023,Nancy Tahmo (2025-05-01 09:56:26)(Select): Author affiliation; ,""
"Participatory Mathematical Modeling Approach for Policymaking during the First Year of the COVID-19 Crisis, Jordan.","Bellizzi, Saverio; Letchford, Nicholas; Adib, Keyrellous; Probert, William J M; Hancock, Penelope; Alsawalha, Lora; Santoro, Alessio; Profili, Maria C; Aguas, Ricardo; Popescu, Christian; Al Ariqi, Lubna; White, Lisa; Hayajneh, Wail; Obeidat, Nathir; Nabeth, Pierre","We engaged in a participatory modeling approach with health sector stakeholders in Jordan to support government decision-making regarding implementing public health measures to mitigate COVID-19 disease burden. We considered the effect of 4 physical distancing strategies on reducing COVID-19 transmission and mortality in Jordan during March 2020-January 2021: no physical distancing; intermittent physical distancing where all but essential services are closed once a week; intermittent physical distancing where all but essential services are closed twice a week; and a permanent physical distancing intervention. Modeling showed that the fourth strategy would be most effective in reducing cases and deaths; however, this approach was only marginally beneficial to reducing COVID-19 disease compared with an intermittently enforced physical distancing intervention. Scenario-based model influenced policy-making and the evolution of the pandemic in Jordan confirmed the forecasting provided by the modeling exercise and helped confirm the effectiveness of the policy adopted by the government of Jordan.",2023,,Emerging infectious diseases,29,9,1738-1746,,10.3201/eid2909.221493,,#487,Bellizzi 2023,"",""
Keeping kids in school: modelling school-based testing and quarantine strategies during the COVID-19 pandemic in Australia.,"Abeysuriya, Romesh G; Sacks-Davis, Rachel; Heath, Katherine; Delport, Dominic; Russell, Fiona M; Danchin, Margie; Hellard, Margaret; McVernon, Jodie; Scott, Nick","Background: In 2021, the Australian Government Department of Health commissioned a consortium of modelling groups to generate evidence assisting the transition from a goal of no community COVID-19 transmission to 'living with COVID-19', with adverse health and social consequences limited by vaccination and other measures. Due to the extended school closures over 2020-21, maximizing face-to-face teaching was a major objective during this transition. The consortium was tasked with informing school surveillance and contact management strategies to minimize infections and support this goal., Methods: Outcomes considered were infections and days of face-to-face teaching lost in the 45 days following an outbreak within an otherwise COVID-naive school setting. A stochastic agent-based model of COVID-19 transmission was used to evaluate a 'test-to-stay' strategy using daily rapid antigen tests (RATs) for close contacts of a case for 7 days compared with home quarantine; and an asymptomatic surveillance strategy involving twice-weekly screening of all students and/or teachers using RATs., Findings: Test-to-stay had similar effectiveness for reducing school infections as extended home quarantine, without the associated days of face-to-face teaching lost. Asymptomatic screening was beneficial in reducing both infections and days of face-to-face teaching lost and was most beneficial when community prevalence was high., Interpretation: Use of RATs in school settings for surveillance and contact management can help to maximize face-to-face teaching and minimize outbreaks. This evidence supported the implementation of surveillance testing in schools in several Australian jurisdictions from January 2022. Copyright © 2023 Abeysuriya, Sacks-Davis, Heath, Delport, Russell, Danchin, Hellard, McVernon and Scott.",2023,,Frontiers in public health,11,101616579,1150810,,10.3389/fpubh.2023.1150810,,#494,Abeysuriya 2023,Nancy Tahmo (2025-05-01 09:59:08)(Select): Acknowledgment; ,""
"COVID-19 epidemic modelling for policy decision support in Victoria, Australia 2020-2021.","Scott, Nick; Abeysuriya, Romesh G; Delport, Dominic; Sacks-Davis, Rachel; Nolan, Jonathan; West, Daniel; Sutton, Brett; Wallace, Euan M; Hellard, Margaret","BACKGROUND: Policy responses to COVID-19 in Victoria, Australia over 2020-2021 have been supported by evidence generated through mathematical modelling. This study describes the design, key findings, and process for policy translation of a series of modelling studies conducted for the Victorian Department of Health COVID-19 response team during this period., METHODS: An agent-based model, Covasim, was used to simulate the impact of policy interventions on COVID-19 outbreaks and epidemic waves. The model was continually adapted to enable scenario analysis of settings or policies being considered at the time (e.g. elimination of community transmission versus disease control). Model scenarios were co-designed with government, to fill evidence gaps prior to key decisions., RESULTS: Understanding outbreak risk following incursions was critical to eliminating community COVID-19 transmission. Analyses showed risk depended on whether the first detected case was the index case, a primary contact of the index case, or a 'mystery case'. There were benefits of early lockdown on first case detection and gradual easing of restrictions to minimise resurgence risk from undetected cases. As vaccination coverage increased and the focus shifted to controlling rather than eliminating community transmission, understanding health system demand was critical. Analyses showed that vaccines alone could not protect health systems and need to be complemented with other public health measures., CONCLUSIONS: Model evidence offered the greatest value when decisions needed to be made pre-emptively, or for questions that could not be answered with empiric data and data analysis alone. Co-designing scenarios with policy-makers ensured relevance and increased policy translation. Copyright © 2023. The Author(s).",2023,,BMC public health,23,1,988,,10.1186/s12889-023-15936-w,,#497,Scott 2023,"",""
Assessing the impact of varying levels of case detection and contact tracing on COVID-19 transmission in Canada during lifting of restrictive closures using a dynamic compartmental model.,"Ludwig, Antoinette; Berthiaume, Philippe; Orpana, Heather; Nadeau, Claude; Diasparra, Maikol; Barnes, Joel; Hennessy, Deirdre; Otten, Ainsley; Ogden, Nicholas","BACKGROUND: The coronavirus disease 2019 (COVID-19) pandemic began with a detected cluster of pneumonia cases in Wuhan, China in December 2019. Endemic transmission was recognized in Canada in early February 2020, making it urgent for public health stakeholders to have access to robust and reliable tools to support decision-making for epidemic management. The objectives of this paper are to present one of these tools-an aged-stratified dynamic compartmental model developed by the Public Health Agency of Canada in collaboration with Statistics Canada-and to model the impact of non-pharmaceutical interventions on the attack rate of COVID-19 infection in Canada., METHODS: This model simulates the impact of different levels of non-pharmaceutical interventions, including case detection/isolation, contact tracing/quarantine and changes in the level of physical distancing in Canada, as restrictive closures began to be lifted in May 2020., RESULTS: This model allows us to highlight the importance of a relatively high level of detection and isolation of cases, as well as tracing and quarantine of individuals in contact with those cases, in order to avoid a resurgence of the epidemic in Canada as restrictive closures are lifted. Some level of physical distancing by the public will also likely need to be maintained., CONCLUSION: This study underlines the importance of a cautious approach to lifting restrictive closures in this second phase of the epidemic. This approach includes efforts by public health to identify cases and trace contacts, and to encourage Canadians to get tested if they are at risk of having been infected and to maintain physical distancing in public areas.",2020,,Canada communicable disease report = Releve des maladies transmissibles au Canada,46,1112,409-421,,10.14745/ccdr.v46i1112a08,,#502,Ludwig 2020,"",""
Impact of One-Health framework on vaccination cost-effectiveness: A case study of rabies in Ethiopia.,"Beyene, Tariku Jibat; Fitzpatrick, Meagan C; Galvani, Alison P; Mourits, Monique C M; Revie, Crawford W; Cernicchiaro, Natalia; Sanderson, Michael W; Hogeveen, Henk","Livestock losses due to rabies and health and the corresponding benefits of controlling the disease are not often considered when the cost-effectiveness of rabies control is evaluated. In this research, assessed the benefits of applying a One Health perspective that includes these losses to the case of canine rabies vaccination in Ethiopia. We constructed a dynamic epidemiological model of rabies transmission. The model was fit to district-specific data on human rabies exposures and canine demography for two districts with distinct agro-ecologies. The epidemiological model was coupled with human and livestock economic outcomes to predict the health and economic impacts under a range of vaccination scenarios. The model indicates that human exposures, human deaths, and rabies-related livestock losses would decrease monotonically with increasing vaccination coverage. In the rural district, all vaccination scenarios were found to be cost-saving compared to the status quo of no vaccination, as more money could be saved by preventing livestock losses than would be required to fund the vaccination campaigns. Vaccination coverages of 70% and 80% were identified as most likely to provide the greatest net health benefits at the WHO cost-effectiveness threshold over a period of 5years, in urban and rural districts respectively. Shorter time frames led to recommendations for higher coverage in both districts, as did even a minor threat of rabies re-introduction. Exclusion of rabies-related livestock losses reduced the optimal vaccination coverage for the rural district to 50%. This study demonstrated the importance of including all economic consequences of zoonotic disease into control decisions. Analyses that include cattle and other rabies-susceptible livestock are likely better suited to many rural communities in Africa wishing to maximize the benefits of canine vaccination.",2019,,"One health (Amsterdam, Netherlands)",8,101660501,100103,,10.1016/j.onehlt.2019.100103,,#506,Beyene 2019,"",""
Sibanye Methods for Prevention Packages Program Project Protocol: Pilot Study of HIV Prevention Interventions for Men Who Have Sex With Men in South Africa.,"McNaghten, Ad; Kearns, Rachel; Siegler, Aaron J; Phaswana-Mafuya, Nancy; Bekker, Linda-Gail; Stephenson, Rob; Baral, Stefan D; Brookmeyer, Ron; Yah, Clarence S; Lambert, Andrew J; Brown, Benjamin; Rosenberg, Eli; Blalock Tharp, Mondie; de Voux, Alex; Beyrer, Chris; Sullivan, Patrick S","BACKGROUND: Human immunodeficiency virus (HIV) prevention intervention programs and related research for men who have sex with men (MSM) in the southern African region remain limited, despite the emergence of a severe epidemic among this group. With a lack of understanding of their social and sexual lives and HIV risks, and with MSM being a hidden and stigmatized group in the region, optimized HIV prevention packages for southern African MSM are an urgent public health and research priority., OBJECTIVE: The objective of the Sibanye Health Project is to develop and evaluate a combination package of biomedical, behavioral, and community-level HIV prevention interventions and services for MSM in South Africa., METHODS: The project consists of three phases: (1) a comprehensive literature review and summary of current HIV prevention interventions (Phase I), (2) agent-based mathematical modeling of HIV transmission in southern African MSM (Phase II), and (3) formative and stigma-related qualitative research, community engagement, training on providing health care to MSM, and the pilot study (Phase III). The pilot study is a prospective one-year study of 200 men in Cape Town and Port Elizabeth, South Africa. The study will assess a package of HIV prevention services, including condom and condom-compatible lubricant choices, risk-reduction counseling, couples HIV testing and counseling, pre-exposure prophylaxis (PrEP) for eligible men, and non-occupational post-exposure prophylaxis for men with a high risk exposure. The pilot study will begin in October 2014., RESULTS: Preliminary results from all components but the pilot study are available. We developed a literature review database with meta-data extracted from 3800 documents from 67 countries. Modeling results indicate that regular HIV testing and promotion of condom use can significantly impact new HIV infections among South African MSM, even in the context of high coverage of early treatment of HIV-positive men and high coverage of PrEP for at-risk HIV-negative men. Formative qualitative research consisted of 79 in-depth interviews, and six focus group discussions in Cape Town and Port Elizabeth. Analysis of these data has informed pilot study protocol development and has been documented in peer-reviewed manuscripts. Qualitative work regarding stigma faced by South African MSM resulted in finalized scales for use in the pilot study questionnaire. A total of 37 health care providers completed training designed to facilitate clinically and culturally competent care for MSM in the Eastern Cape., CONCLUSIONS: The design of a future, larger study of the HIV prevention package will be conducted at the end of the pilot study, powered to detect efficacy of the prevention package. Data from the updated mathematical model, results of the pilot study, acceptability data, and advancements in HIV prevention sciences will be considered in developing the final proposed package and study design., TRIAL REGISTRATION: ClinicalTrials.gov NCT02043015; http://clinicaltrials.gov/show/NCT02043015 (Archived by WebCite at http://www.webcitation.org/6THvp7rAj).",2014,,JMIR research protocols,3,4,e55,,10.2196/resprot.3737,,#508,McNaghten 2014,"",""
Cost-Effectiveness Analysis of COVID-19 Vaccine Booster Dose in the Thai Setting during the Period of Omicron Variant Predominance.,"Sirison, Kanchanok; Nittayasoot, Natthaprang; Techasuwanna, Ranida; Cetthakrikul, Nisachol; Suphanchaimat, Rapeepong","The Thai government implemented COVID-19 booster vaccines to prevent morbidity and mortality during the spreading of the Omicron variant. However, little is known about which types of vaccine should be invested in as the booster dose for the Thai population. This study aims to investigate the most cost-effective COVID-19 vaccine for a booster shot as empirical evidence for Thai policymakers. This study applied a stochastic simulation based on a compartmental susceptible-exposed-infectious-recovered model and included system dynamics in the model. We evaluated three scenarios: (1) No booster, (2) A viral vector vaccine as the booster dose, (3) An mRNA vaccine as the booster dose. The incremental cost-effectiveness ratio (ICER) was calculated based on provider perspectives. We found the number of cases in scenarios with viral vector and mRNA booster doses to be lower than in the non-booster group. Likewise, the number of deaths in the viral vector and the mRNA booster scenarios was threefold lower than in the no-booster scenario. Moreover, the estimated grand cost for the no-booster scenario was over 100 billion baht, while viral vector and mRNA scenario costs were 70 and 64.7 billion baht, respectively. ICER shows that viral vector and mRNA scenarios are more cost-effective than the no-booster scenario. Viral vector booster shot appeared to be slightly more cost-effective than mRNA booster shot in terms of death aversion. However, being boosted by an mRNA vaccine seemed slightly more cost-effective than a viral vector vaccine concerning case aversion. In conclusion, policies to promote COVID-19 booster shots in the Thai population by either mRNA or viral vector vaccines are likely to be worthwhile for both economic and public health reasons.",2023,,Tropical medicine and infectious disease,8,2,,,10.3390/tropicalmed8020091,,#533,Sirison 2023,"",""
Modeling the impact of surveillance activities combined with physical distancing interventions on COVID-19 epidemics at a local level.,"Chen, Guan-Jhou; Palmer, John R B; Bartumeus, Frederic; Alba-Casals, Ana","Physical distancing and contact tracing are two key components in controlling the COVID-19 epidemics. Understanding their interaction at local level is important for policymakers. We propose a flexible modeling framework to assess the effect of combining contact tracing with different physical distancing strategies. Using scenario tree analyses, we compute the probability of COVID-19 detection using passive surveillance, with and without contact tracing, in metropolitan Barcelona. The estimates of detection probability and the frequency of daily social contacts are fitted into an age-structured susceptible-exposed-infectious-recovered compartmental model to simulate the epidemics considering different physical distancing scenarios over a period of 26 weeks. With the original Wuhan strain, the probability of detecting an infected individual without implementing physical distancing would have been 0.465, 0.515, 0.617, and 0.665 in designated age groups (0-14, 15-49, 50-64, and >65), respectively. As the physical distancing measures were reinforced and the disease circulation decreased, the interaction between the two interventions resulted in a reduction of the detection probabilities; however, despite this reduction, active contact tracing and isolation remained an effective supplement to physical distancing. If we relied solely on passive surveillance for diagnosing COVID-19, the model required a minimal 50% (95% credible interval, 39-69%) reduction of daily social contacts to keep the infected population under 5%, as compared to the 36% (95% credible interval, 22-56%) reduction with contact tracing systems. The simulation with the B.1.1.7 and B.1.167.2 strains shows similar results. Our simulations showed that a functioning contact tracing program would reduce the need for physical distancing and mitigate the COVID-19 epidemics. Copyright © 2022 The Authors.",2022,,Infectious Disease Modelling,7,4,811-822,,10.1016/j.idm.2022.11.001,,#546,Chen 2022,"",""
"Early COVID-19 pandemic modeling: Three compartmental model case studies from Texas, USA.","Pierce, K A; Ho, E; Wang, X; Pasco, R; Du, Z; Zynda, G; Song, J; Wells, G; Fox, S J; Meyers, L A","The novel coronavirus (SARS-CoV-2) emerged in late 2019 and spread globally in early 2020. Initial reports suggested the associated disease, COVID-19, produced rapid epidemic growth and caused high mortality. As the virus sparked local epidemics in new communities, health systems and policy makers were forced to make decisions with limited information about the spread of the disease. We developed a compartmental model to project COVID-19 healthcare demands that combined information regarding SARS-CoV-2 transmission dynamics from international reports with local COVID-19 hospital census data to support response efforts in three Metropolitan Statistical Areas (MSAs) in Texas, USA: Austin-Round Rock, Houston-The Woodlands-Sugar Land, and Beaumont-Port Arthur. Our model projects that strict stay-home orders and other social distancing measures could suppress the spread of the pandemic. Our capacity to provide rapid decision-support in response to emerging threats depends on access to data, validated modeling approaches, careful uncertainty quantification, and adequate computational resources.",2021,,Computing in science & engineering,23,1,25-34,,10.1109/mcse.2020.3037033,,#561,Pierce 2021,"Nancy Tahmo (2025-04-30 05:47:29)(Select): Stakeholders provided data and the question
; ",""
The effect of school closures and reopening strategies on COVID-19 infection dynamics in the San Francisco Bay Area: a cross-sectional survey and modeling analysis.,"Head, Jennifer R; Andrejko, Kristin; Cheng, Qu; Collender, Philip A; Phillips, Sophie; Boser, Anna; Heaney, Alexandra K; Hoover, Christopher M; Wu, Sean L; Northrup, Graham R; Click, Karen; Harrison, Robert; Lewnard, Joseph A; Remais, Justin V","Background Large-scale school closures have been implemented worldwide to curb the spread of COVID-19. However, the impact of school closures and re-opening on epidemic dynamics remains unclear. Methods We simulated COVID-19 transmission dynamics using an individual-based stochastic model, incorporating social-contact data of school-aged children during shelter-in-place orders derived from Bay Area (California) household surveys. We simulated transmission under observed conditions and counterfactual intervention scenarios between March 17-June 1, and evaluated various fall 2020 K-12 reopening strategies. Findings Between March 17-June 1, assuming children <10 were half as susceptible to infection as older children and adults, we estimated school closures averted a similar number of infections (13,842 cases; 95% CI: 6,290, 23,040) as workplace closures (15,813; 95% CI: 9,963, 22,617) and social distancing measures (7,030; 95% CI: 3,118, 11,676). School closure effects were driven by high school and middle school closures. Under assumptions of moderate community transmission, we estimate that fall 2020 school reopenings will increase symptomatic illness among high school teachers (an additional 40.7% expected to experience symptomatic infection, 95% CI: 1.9, 61.1), middle school teachers (37.2%, 95% CI: 4.6, 58.1), and elementary school teachers (4.1%, 95% CI: -1.7, 12.0). Results are highly dependent on uncertain parameters, notably the relative susceptibility and infectiousness of children, and extent of community transmission amid re-opening. The school-based interventions needed to reduce the risk to fewer than an additional 1% of teachers infected varies by grade level. A hybrid-learning approach with halved class sizes of 10 students may be needed in high schools, while maintaining small cohorts of 20 students may be needed for elementary schools. Interpretation Multiple in-school intervention strategies and community transmission reductions, beyond the extent achieved to date, will be necessary to avoid undue excess risk associated with school reopening. Policymakers must urgently enact policies that curb community transmission and implement within-school control measures to simultaneously address the tandem health crises posed by COVID-19 and adverse child health and development consequences of long-term school closures.",2020,,medRxiv : the preprint server for health sciences,,101767986,,,10.1101/2020.08.06.20169797,,#588,Head 2020,Nancy Tahmo (2025-05-03 11:42:00)(Select): Acknowledgement section; ,""
"Evaluating the effect of targeted strategies as control tools for hypervirulent meningococcal C outbreaks: a case study from Tuscany, Italy, 2015 to 2016.","Guzzetta, Giorgio; Ajelli, Marco; Miglietta, Alessandro; Fazio, Cecilia; Neri, Arianna; Merler, Stefano; Rezza, Giovanni; Stefanelli, Paola","Background Meningococcus (Neisseria meningitidis) is the causative bacteria of invasive meningococcal disease (IMD), a major cause of meningitis and sepsis. In 2015-16, an outbreak caused by serogroup C meningococci (MenC), belonging to the hyperinvasive strain ST-11(cc-11), resulted in 62 IMD cases in the region of Tuscany, Italy.AimWe aimed to estimate the key outbreak parameters and assess the impact of interventions used in the outbreak response. Methods We developed a susceptible-carrier-susceptible individual-based model of MenC transmission, accounting for transmission in households, schools, discos/clubs and the general community, which was informed by detailed data on the 2015-16 outbreak (derived from epidemiological investigations) and on the implemented control measures. Results The outbreak reproduction number (Re) was 1.35 (95% prediction interval: 1.13-1.47) and the IMD probability was 4.6 for every 1,000 new MenC carriage episodes (95%confidence interval: 1.8-12.2). The interventions, i.e. chemoprophylaxis and vaccination of close contacts of IMD cases as well as age-targeted vaccination, were effective in reducing Re and ending the outbreak. Case-based interventions (including ring vaccination) alone would have been insufficient to achieve outbreak control. The definition of age groups to prioritise vaccination had a critical impact on the effectiveness and efficiency of control measures. Conclusions Our findings suggest that there are no effective alternatives to widespread reactive vaccination during outbreaks of highly transmissible MenC strains. Age-targeted campaigns can increase the effectiveness of vaccination campaigns. These results can be instrumental to define effective guidelines for the control of future meningococcal outbreaks caused by hypervirulent strains.",2023,,Euro surveillance : bulletin Europeen sur les maladies transmissibles = European communicable disease bulletin,28,19,,,10.2807/1560-7917.ES.2023.28.19.2200650,,#601,Guzzetta 2023,"",""
"Getting the most out of maths: How to coordinate mathematical modelling research to support a pandemic, lessons learnt from three initiatives that were part of the COVID-19 response in the UK.","Dangerfield, Ciara E; David Abrahams, I; Budd, Chris; Butchers, Matt; Cates, Michael E; Champneys, Alan R; Currie, Christine S M; Enright, Jessica; Gog, Julia R; Goriely, Alain; Deirdre Hollingsworth, T; Hoyle, Rebecca B; Ini Professional Services; Isham, Valerie; Jordan, Joanna; Kaouri, Maha H; Kavoussanakis, Kostas; Leeks, Jane; Maini, Philip K; Marr, Christie; Merritt, Clare; Mollison, Denis; Ray, Surajit; Thompson, Robin N; Wakefield, Alexandra; Wasley, Dawn","In March 2020 mathematics became a key part of the scientific advice to the UK government on the pandemic response to COVID-19. Mathematical and statistical modelling provided critical information on the spread of the virus and the potential impact of different interventions. The unprecedented scale of the challenge led the epidemiological modelling community in the UK to be pushed to its limits. At the same time, mathematical modellers across the country were keen to use their knowledge and skills to support the COVID-19 modelling effort. However, this sudden great interest in epidemiological modelling needed to be coordinated to provide much-needed support, and to limit the burden on epidemiological modellers already very stretched for time. In this paper we describe three initiatives set up in the UK in spring 2020 to coordinate the mathematical sciences research community in supporting mathematical modelling of COVID-19. Each initiative had different primary aims and worked to maximise synergies between the various projects. We reflect on the lessons learnt, highlighting the key roles of pre-existing research collaborations and focal centres of coordination in contributing to the success of these initiatives. We conclude with recommendations about important ways in which the scientific research community could be better prepared for future pandemics. This manuscript was submitted as part of a theme issue on ""Modelling COVID-19 and Preparedness for Future Pandemics"". Copyright © 2022 The Author(s). Published by Elsevier Ltd.. All rights reserved.",2023,,Journal of theoretical biology,557,"k8n, 0376342",111332,,10.1016/j.jtbi.2022.111332,,#613,Dangerfield 2023,"",""
SAfE transport: wearing face masks significantly reduces the spread of COVID-19 on trains.,"Grzybowska, Hanna; Hickson, R I; Bhandari, Bishal; Cai, Chen; Towke, Michael; Itzstein, Benjamin; Jurdak, Raja; Liebig, Jessica; Najeebullah, Kamran; Plani, Adrian; Shoghri, Ahmad El; Paini, Dean","COVID-19 has had a substantial impact globally. It spreads readily, particularly in enclosed and crowded spaces, such as public transport carriages, yet there are limited studies on how this risk can be reduced. We developed a tool for exploring the potential impacts of mitigation strategies on public transport networks, called the Systems Analytics for Epidemiology in Transport (SAfE Transport). SAfE Transport combines an agent-based transit assignment model, a community-wide transmission model, and a transit disease spread model to support strategic and operational decision-making. For this simulated COVID-19 case study, the transit disease spread model incorporates both direct (person-to-person) and fomite (person-to-surface-to-person) transmission modes. We determine the probable impact of wearing face masks on trains over a seven day simulation horizon, showing substantial and statistically significant reductions in new cases when passenger mask wearing proportions are greater than 80%. The higher the level of mask coverage, the greater the reduction in the number of new infections. Also, the higher levels of mask coverage result in an earlier reduction in disease spread risk. These results can be used by decision makers to guide policy on face mask use for public transport networks. Copyright © 2022. The Author(s).",2022,,BMC infectious diseases,22,1,694,,10.1186/s12879-022-07664-0,,#616,Grzybowska 2022,"",""
Cost-effectiveness of hepatitis C virus test-and-treat and risk reduction strategies among men who have sex with men living with HIV in France.,"Castry, Mathieu; Cousien, Anthony; Champenois, Karen; Supervie, Virginie; Velter, Annie; Ghosn, Jade; Yazdanpanah, Yazdan; Paltiel, A David; Deuffic-Burban, Sylvie","INTRODUCTION: Studies suggest that hepatitis C virus (HCV) micro-elimination is feasible among men who have sex with men (MSM) living with human immunodeficiency virus (HIV), through treatment-as-prevention and interventions aimed at reducing risk behaviours. However, their economic impact is poorly understood. The aim of this study was to assess the cost-effectiveness of HCV screening and risk reduction strategies in France., METHODS: A compartmental deterministic mathematical model was developed to describe HCV disease transmission and progression among MSM living with HIV in France. We evaluated different combinations of HCV screening frequency (every 12, 6 or 3 months) and risk reduction strategies (targeting only high-risk or all MSM) from 2021 onwards. The model simulated the number of HCV infections, life-expectancy (LYs), quality-adjusted life-expectancy (QALYs), lifetime costs and incremental cost-effectiveness ratio (ICER) over a lifetime horizon (leading to an end of the simulation in 2065)., RESULTS: All strategies increased QALYs, compared with current practices, that is yearly HCV screening, with no risk reduction. A behavioural intervention resulting in a 20% risk reduction in the high-risk group, together with yearly screening, was the least expensive strategy, and, therefore, cost-saving compared to current practices. The ICER per QALY gained for the strategy combining risk reduction for the high-risk group with 6-month HCV screening, compared to risk reduction with yearly screening, was 61,389. It also prevented 398 new HCV infections between 2021 and 2065, with a cost per infection averted of 37,790. All other strategies were dominated (more expensive and less effective than some other available alternative) or not cost-effective (ICER per QALY gained > 100,000)., CONCLUSIONS: In the French context, current HCV screening practices without risk reduction among MSM living with HIV cannot be justified on economic grounds. Risk reduction interventions targeted to high-risk individuals-alongside screening either once or twice a year-could be cost-effective depending on the policymaker's willingness-to-pay. Copyright © 2022 The Authors. Journal of the International AIDS Society published by John Wiley & Sons Ltd on behalf of the International AIDS Society.",2022,,Journal of the International AIDS Society,25,12,e26035,,10.1002/jia2.26035,,#625,Castry 2022,Nancy Tahmo (2025-05-03 10:45:15)(Select): Author affiliation; ,""
"Control of COVID-19 Outbreaks under Stochastic Community Dynamics, Bimodality, or Limited Vaccination.","Goldenbogen, Bjorn; Adler, Stephan O; Bodeit, Oliver; Wodke, Judith A H; Escalera-Fanjul, Ximena; Korman, Aviv; Krantz, Maria; Bonn, Lasse; Moran-Torres, Rafael; Haffner, Johanna E L; Karnetzki, Maxim; Maintz, Ivo; Mallis, Lisa; Prawitz, Hannah; Segelitz, Patrick S; Seeger, Martin; Linding, Rune; Klipp, Edda","Reaching population immunity against COVID-19 is proving difficult even in countries with high vaccination levels. Thus, it is critical to identify limits of control and effective measures against future outbreaks. The effects of nonpharmaceutical interventions (NPIs) and vaccination strategies are analyzed with a detailed community-specific agent-based model (ABM). The authors demonstrate that the threshold for population immunity is not a unique number, but depends on the vaccination strategy. Prioritizing highly interactive people diminishes the risk for an infection wave, while prioritizing the elderly minimizes fatalities when vaccinations are low. Control over COVID-19 outbreaks requires adaptive combination of NPIs and targeted vaccination, exemplified for Germany for January-September 2021. Bimodality emerges from the heterogeneity and stochasticity of community-specific human-human interactions and infection networks, which can render the effects of limited NPIs uncertain. The authors' simulation platform can process and analyze dynamic COVID-19 epidemiological situations in diverse communities worldwide to predict pathways to population immunity even with limited vaccination. Copyright © 2022 The Authors. Advanced Science published by Wiley-VCH GmbH.",2022,,"Advanced science (Weinheim, Baden-Wurttemberg, Germany)",9,23,e2200088,,10.1002/advs.202200088,,#639,Goldenbogen 2022,"",""
Post-lockdown changes of age-specific susceptibility and its correlation with adherence to social distancing measures.,"Lau, Max S Y; Liu, Carol; Siegler, Aaron J; Sullivan, Patrick S; Waller, Lance A; Shioda, Kayoko; Lopman, Benjamin A","Social distancing measures are effective in reducing overall community transmission but much remains unknown about how they have impacted finer-scale dynamics. In particular, much is unknown about how changes of contact patterns and other behaviors including adherence to social distancing, induced by these measures, may have impacted finer-scale transmission dynamics among different age groups. In this paper, we build a stochastic age-specific transmission model to systematically characterize the degree and variation of age-specific transmission dynamics, before and after lifting the lockdown in Georgia, USA. We perform Bayesian (missing-)data-augmentation model inference, leveraging reported age-specific case, seroprevalence and mortality data. We estimate that overall population-level transmissibility was reduced to 41.2% with 95% CI [39%, 43.8%] of the pre-lockdown level in about a week of the announcement of the shelter-in-place order. Although it subsequently increased after the lockdown was lifted, it only bounced back to 62% [58%, 67.2%] of the pre-lockdown level after about a month. We also find that during the lockdown susceptibility to infection increases with age. Specifically, relative to the oldest age group (> 65+), susceptibility for the youngest age group (0-17 years) is 0.13 [0.09, 0.18], and it increases to 0.53 [0.49, 0.59] for 18-44 and 0.75 [0.68, 0.82] for 45-64. More importantly, our results reveal clear changes of age-specific susceptibility (defined as average risk of getting infected during an infectious contact incorporating age-dependent behavioral factors) after the lockdown was lifted, with a trend largely consistent with reported age-specific adherence levels to social distancing and preventive measures. Specifically, the older groups (> 45) (with the highest levels of adherence) appear to have the most significant reductions of susceptibility (e.g., post-lockdown susceptibility reduced to 31.6% [29.3%, 34%] of the estimate before lifting the lockdown for the 6+ group). Finally, we find heterogeneity in case reporting among different age groups, with the lowest rate occurring among the 0-17 group (9.7% [6.4%, 19%]). Our results provide a more fundamental understanding of the impacts of stringent lockdown measures, and finer evidence that other social distancing and preventive measures may be effective in reducing SARS-CoV-2 transmission. These results may be exploited to guide more effective implementations of these measures in many current settings (with low vaccination rate globally and emerging variants) and in future potential outbreaks of novel pathogens. Copyright © 2022. The Author(s).",2022,,Scientific reports,12,1,4637,,10.1038/s41598-022-08566-6,,#654,Lau 2022,"",""
"Model-Estimated Association Between Simulated US Elementary School-Related SARS-CoV-2 Transmission, Mitigation Interventions, and Vaccine Coverage Across Local Incidence Levels.","Giardina, John; Bilinski, Alyssa; Fitzpatrick, Meagan C; Kendall, Emily A; Linas, Benjamin P; Salomon, Joshua; Ciaranello, Andrea L","Importance: With recent surges in COVID-19 incidence and vaccine authorization for children aged 5 to 11 years, elementary schools face decisions about requirements for masking and other mitigation measures. These decisions require explicit determination of community objectives (eg, acceptable risk level for in-school SARS-CoV-2 transmission) and quantitative estimates of the consequences of changing mitigation measures., Objective: To estimate the association between adding or removing in-school mitigation measures (eg, masks) and COVID-19 outcomes within an elementary school community at varying student vaccination and local incidence rates., Design, Setting, and Participants: This decision analytic model used an agent-based model to simulate SARS-CoV-2 transmission within a school community, with a simulated population of students, teachers and staff, and their household members (ie, immediate school community). Transmission was evaluated for a range of observed local COVID-19 incidence (0-50 cases per 100000 residents per day, assuming 33% of all infections detected). The population used in the model reflected the mean size of a US elementary school, including 638 students and 60 educators and staff members in 6 grades with 5 classes per grade., Exposures: Variant infectiousness (representing wild-type virus, Alpha variant, and Delta variant), mitigation effectiveness (0%-100% reduction in the in-school secondary attack rate, representing increasingly intensive combinations of mitigations including masking and ventilation), and student vaccination levels were varied., Main Outcomes and Measures: The main outcomes were (1) probability of at least 1 in-school transmission per month and (2) mean increase in total infections per month among the immediate school community associated with a reduction in mitigation; multiple decision thresholds were estimated for objectives associated with each outcome. Sensitivity analyses on adult vaccination uptake, vaccination effectiveness, and testing approaches (for selected scenarios) were conducted., Results: With student vaccination coverage of 70% or less and moderate assumptions about mitigation effectiveness (eg, masking), mitigation could only be reduced when local case incidence was 14 or fewer cases per 100000 residents per day to keep the mean additional cases associated with reducing mitigation to 5 or fewer cases per month. To keep the probability of any in-school transmission to less than 50% per month, the local case incidence would have to be 4 or fewer cases per 100000 residents per day., Conclusions and Relevance: In this study, in-school mitigation measures (eg, masks) and student vaccinations were associated with substantial reductions in transmissions and infections, but the level of reduction varied across local incidence. These findings underscore the potential role for responsive plans that deploy mitigation strategies based on local COVID-19 incidence, vaccine uptake, and explicit consideration of community objectives.",2022,,JAMA network open,5,2,e2147827,,10.1001/jamanetworkopen.2021.47827,,#659,Giardina 2022,"",""
Assessing the impact of SARS-CoV-2 prevention measures in Austrian schools using agent-based simulations and cluster tracing data.,"Lasser, Jana; Sorger, Johannes; Richter, Lukas; Thurner, Stefan; Schmid, Daniela; Klimek, Peter","We aim to identify those measures that effectively control the spread of SARS-CoV-2 in Austrian schools. Using cluster tracing data we calibrate an agent-based epidemiological model and consider situations where the B1.617.2 (delta) virus strain is dominant and parts of the population are vaccinated to quantify the impact of non-pharmaceutical interventions (NPIs) such as room ventilation, reduction of class size, wearing of masks during lessons, vaccinations, and school entry testing by SARS-CoV2-antigen tests. In the data we find that 40% of all clusters involved no more than two cases, and 3% of the clusters only had more than 20 cases. The model shows that combinations of NPIs together with vaccinations are necessary to allow for a controlled opening of schools under sustained community transmission of the SARS-CoV-2 delta variant. For plausible vaccination rates, primary (secondary) schools require a combination of at least two (three) of the above NPIs. Copyright © 2022. The Author(s).",2022,,Nature communications,13,1,554,,10.1038/s41467-022-28170-6,,#660,Lasser 2022,"",""
Modelling testing and response strategies for COVID-19 outbreaks in remote Australian Aboriginal communities.,"Hui, Ben B; Brown, Damien; Chisholm, Rebecca H; Geard, Nicholas; McVernon, Jodie; Regan, David G","BACKGROUND: Remote Australian Aboriginal and Torres Strait Islander communities have potential to be severely impacted by COVID-19, with multiple factors predisposing to increased transmission and disease severity. Our modelling aims to inform optimal public health responses., METHODS: An individual-based simulation model represented SARS-CoV2 transmission in communities ranging from 100 to 3500 people, comprised of large, interconnected households. A range of strategies for case finding, quarantining of contacts, testing, and lockdown were examined, following the silent introduction of a case., RESULTS: Multiple secondary infections are likely present by the time the first case is identified. Quarantine of close contacts, defined by extended household membership, can reduce peak infection prevalence from 60 to 70% to around 10%, but subsequent waves may occur when community mixing resumes. Exit testing significantly reduces ongoing transmission. Concurrent lockdown of non-quarantined households for 14 days is highly effective for epidemic control and reduces overall testing requirements; peak prevalence of the initial outbreak can be constrained to less than 5%, and the final community attack rate to less than 10% in modelled scenarios. Lockdown also mitigates the effect of a delay in the initial response. Compliance with lockdown must be at least 80-90%, however, or epidemic control will be lost., CONCLUSIONS: A SARS-CoV-2 outbreak will spread rapidly in remote communities. Prompt case detection with quarantining of extended-household contacts and a 14 day lockdown for all other residents, combined with exit testing for all, is the most effective strategy for rapid containment. Compliance is crucial, underscoring the need for community supported, culturally sensitive responses. Copyright © 2021. The Author(s).",2021,,BMC infectious diseases,21,1,929,,10.1186/s12879-021-06607-5,,#690,Hui 2021,Nancy Tahmo (2025-05-03 10:13:11)(Select): Introduction; ,""
Lockdown as a last resort option in case of COVID-19 epidemic rebound: a modelling study.,"Tran Kiem, Cecile; Crepey, Pascal; Bosetti, Paolo; Levy Bruhl, Daniel; Yazdanpanah, Yazdan; Salje, Henrik; Boelle, Pierre-Yves; Cauchemez, Simon","BackgroundGiven its high economic and societal cost, policymakers might be reluctant to implement a large-scale lockdown in case of coronavirus disease (COVID-19) epidemic rebound. They may consider it as a last resort option if alternative control measures fail to reduce transmission.AimWe developed a modelling framework to ascertain the use of lockdown to ensure intensive care unit (ICU) capacity does not exceed a peak target defined by policymakers. Methods We used a deterministic compartmental model describing transmission of severe acute respiratory syndrome coronavirus 2 (SARS-CoV-2) and the trajectories of COVID-19 patients in healthcare settings, accounting for age-specific mixing patterns and an increasing probability of severe outcomes with age. The framework is illustrated in the context of metropolitan France. Results The daily incidence of ICU admissions and the number of occupied ICU beds are the most robust indicators to decide when a lockdown should be triggered. When the doubling time of hospitalisations estimated before lockdown is between 8 and 20 days, lockdown should be enforced when ICU admissions reach 3.0-3.7 and 7.8-9.5 per million for peak targets of 62 and 154 ICU beds per million (4,000 and 10,000 beds for metropolitan France), respectively. When implemented earlier, the lockdown duration required to get back below a desired level is also shorter. Conclusions We provide simple indicators and triggers to decide if and when a last-resort lockdown should be implemented to avoid saturation of ICU. These metrics can support the planning and real-time management of successive COVID-19 pandemic waves.",2021,,Euro surveillance : bulletin Europeen sur les maladies transmissibles = European communicable disease bulletin,26,22,,,10.2807/1560-7917.ES.2021.26.22.2001536,,#706,TranKiem 2021,"",""
Geospatial clustering and modelling provide policy guidance to distribute funding for active TB case finding in Ethiopia.,"Shaweno, Debebe; Trauer, James M; Doan, Tan N; Denholm, Justin T; McBryde, Emma S","Tuberculosis (TB) exhibits considerable spatial heterogeneity, occurring in clusters that may act as hubs of community transmission. We evaluated the impact of an intervention targeting spatial TB hotspots in a rural region of Ethiopia. To evaluate the impact of targeted active case finding (ACF), we used a spatially structured mathematical model that has previously been described. From model equilibrium, we simulated the impact of a hotspot-targeted strategy (HTS) on TB incidence ten years from intervention commencement and the associated cost-effectiveness. HTS was also compared with an untargeted strategy (UTS). We used logistic cost-coverage analysis to estimate cost-effectiveness of interventions. At a community screening coverage level of 95 % in a hotspot region, which corresponds to screening 20 % of the total population, HTS would reduce overall TB incidence by 52 % compared with baseline. For UTS to achieve an equivalent effect, it would be necessary to screen more than 80 % of the total population. Compared to the existing passive case detection strategy, the HTS at a CDR of 75 percent in hotspot regions is expected to avert 1,023 new TB cases over ten years saving USD 170 per averted case. Similarly, at the same CDR, the UTS will detect 1316 cases over the same period saving USD 3 per averted TB case. The incremental-cost effectiveness-ratio (ICER) of UTS compared with HTS is USD 582 per averted case corresponding to 293 more TB cases averted at an additional cost of USD 170,700. Where regional TB program spending was capped at current levels, maximum gains in incidence reduction were seen when the regional budget was shared between hotspots and non-hotspot regions in the ratio of 40% : 60%. Our analysis suggests that a spatially targeted strategy is efficient and cost-saving, with the potential for significant reduction in overall TB burden. Copyright © 2021 The Authors. Published by Elsevier B.V. All rights reserved.",2021,,Epidemics,36,101484711,100470,,10.1016/j.epidem.2021.100470,,#708,Shaweno 2021,Nancy Tahmo (2025-05-01 05:34:16)(Select): Acknowledgement section; ,""
Accounting for regional transmission variability and the impact of malaria control interventions in Ghana: a population level mathematical modelling approach.,"Awine, Timothy; Silal, Sheetal P","BACKGROUND: This paper investigates the impact of malaria preventive interventions in Ghana and the prospects of achieving programme goals using mathematical models based on regionally diverse climatic zones of the country., METHODS: Using data from the District Health Information Management System of the Ghana Health Service from 2008 to 2017, and historical intervention coverage levels, ordinary non-linear differential equations models were developed. These models incorporated transitions amongst various disease compartments for the three main ecological zones in Ghana. The Approximate Bayesian Computational sampling approach, with a distance based rejection criteria, was adopted for calibration. A leave-one-out approach was used to validate model parameters and the most sensitive parameters were evaluated using a multivariate regression analysis. The impact of insecticide-treated bed nets and their usage, and indoor residual spraying, as well as their protective efficacy on the incidence of malaria, was simulated at various levels of coverage and protective effectiveness in each ecological zone to investigate the prospects of achieving goals of the Ghana malaria control strategy for 2014-2020., RESULTS: Increasing the coverage levels of both long-lasting insecticide-treated bed nets and indoor residual spraying activities, without a corresponding increase in their recommended utilization, does not impact highly on averting predicted incidence of malaria. Improving proper usage of long-lasting insecticide-treated bed nets could lead to substantial reductions in the predicted incidence of malaria. Similar results were obtained with indoor residual spraying across all ecological zones of Ghana., CONCLUSIONS: Projected goals set in the national strategic plan for malaria control 2014-2020, as well as World Health Organization targets for malaria pre-elimination by 2030, are only likely to be achieved if a substantial improvement in treated bed net usage is achieved, coupled with targeted deployment of indoor residual spraying with high community acceptability and efficacy.",2020,,Malaria journal,19,1,423,,10.1186/s12936-020-03496-y,,#741,Awine 2020,Nancy Tahmo (2025-04-30 06:53:19)(Select): Acknowlegement section; ,""
Optimising age coverage of seasonal influenza vaccination in England: A mathematical and health economic evaluation.,"Hill, Edward M; Petrou, Stavros; Forster, Henry; de Lusignan, Simon; Yonova, Ivelina; Keeling, Matt J","For infectious disease prevention, policy-makers are typically required to base policy decisions in light of operational and monetary restrictions, prohibiting implementation of all candidate interventions. To inform the evidence-base underpinning policy decision making, mathematical and health economic modelling can be a valuable constituent. Applied to England, this study aims to identify the optimal target age groups when extending a seasonal influenza vaccination programme of at-risk individuals to those individuals at low risk of developing complications following infection. To perform this analysis, we utilise an age- and strain-structured transmission model that includes immunity propagation mechanisms which link prior season epidemiological outcomes to immunity at the beginning of the following season. Making use of surveillance data from the past decade in conjunction with our dynamic model, we simulate transmission dynamics of seasonal influenza in England from 2012 to 2018. We infer that modified susceptibility due to natural infection in the previous influenza season is the only immunity propagation mechanism to deliver a non-negligible impact on the transmission dynamics. Further, we discerned case ascertainment to be higher for young infants compared to adults under 65 years old, and uncovered a decrease in case ascertainment as age increased from 65 to 85 years of age. Our health economic appraisal sweeps vaccination age space to determine threshold vaccine dose prices achieving cost-effectiveness under differing paired strategies. In particular, we model offering vaccination to all those low-risk individuals younger than a given age (but no younger than two years old) and all low-risk individuals older than a given age, while maintaining vaccination of at-risk individuals of any age. All posited strategies were deemed cost-effective. In general, the addition of low-risk vaccination programmes whose coverage encompassed children and young adults (aged 20 and below) were highly cost-effective. The inclusion of elder age-groups to the low-risk programme typically lessened the cost-effectiveness. Notably, elderly-centric programmes vaccinating from 65-75 years and above had the least permitted expense per vaccine.",2020,,PLoS computational biology,16,10,e1008278,,10.1371/journal.pcbi.1008278,,#766,Hill 2020,"",""
Potential effects of disruption to HIV programmes in sub-Saharan Africa caused by COVID-19: results from multiple mathematical models.,"Jewell, Britta L; Mudimu, Edinah; Stover, John; Ten Brink, Debra; Phillips, Andrew N; Smith, Jennifer A; Martin-Hughes, Rowan; Teng, Yu; Glaubius, Robert; Mahiane, Severin Guy; Bansi-Matharu, Loveleen; Taramusi, Isaac; Chagoma, Newton; Morrison, Michelle; Doherty, Meg; Marsh, Kimberly; Bershteyn, Anna; Hallett, Timothy B; Kelly, Sherrie L","BACKGROUND: The COVID-19 pandemic could lead to disruptions to provision of HIV services for people living with HIV and those at risk of acquiring HIV in sub-Saharan Africa, where UNAIDS estimated that more than two-thirds of the approximately 38 million people living with HIV resided in 2018. We aimed to predict the potential effects of such disruptions on HIV-related deaths and new infections in sub-Saharan Africa., METHODS: In this modelling study, we used five well described models of HIV epidemics (Goals, Optima HIV, HIV Synthesis, an Imperial College London model, and Epidemiological MODeling software [EMOD]) to estimate the effect of various potential disruptions to HIV prevention, testing, and treatment services on HIV-related deaths and new infections in sub-Saharan Africa lasting 6 months over 1 year from April 1, 2020. We considered scenarios in which disruptions affected 20%, 50%, and 100% of the population., FINDINGS: A 6-month interruption of supply of antiretroviral therapy (ART) drugs across 50% of the population of people living with HIV who are on treatment would be expected to lead to a 1.63 times (median across models; range 1.39-1.87) increase in HIV-related deaths over a 1-year period compared with no disruption. In sub-Saharan Africa, this increase amounts to a median excess of HIV deaths, across all model estimates, of 296 000 (range 229 023-420 000) if such a high level of disruption occurred. Interruption of ART would increase mother-to-child transmission of HIV by approximately 1.6 times. Although an interruption in the supply of ART drugs would have the largest impact of any potential disruptions, effects of poorer clinical care due to overstretched health facilities, interruptions of supply of other drugs such as co-trimoxazole, and suspension of HIV testing would all have a substantial effect on population-level mortality (up to a 1.06 times increase in HIV-related deaths over a 1-year period due to disruptions affecting 50% of the population compared with no disruption). Interruption to condom supplies and peer education would make populations more susceptible to increases in HIV incidence, although physical distancing measures could lead to reductions in risky sexual behaviour (up to 1.19 times increase in new HIV infections over a 1-year period if 50% of people are affected)., INTERPRETATION: During the COVID-19 pandemic, the primary priority for governments, donors, suppliers, and communities should focus on maintaining uninterrupted supply of ART drugs for people with HIV to avoid additional HIV-related deaths. The provision of other HIV prevention measures is also important to prevent any increase in HIV incidence., FUNDING: Bill & Melinda Gates Foundation. Copyright © 2020 World Health Organization; licensee Elsevier. This is an Open Access article published under the CC BY 3.0 IGO license which permits unrestricted use, distribution, and reproduction in any medium, provided the original work is properly cited. In any use of this article, there should be no suggestion that WHO endorses any specific organisation, products or services. The use of the WHO logo is not permitted. This notice should be preserved along with the article's original URL.",2020,,The lancet. HIV,7,9,e629-e640,,10.1016/S2352-3018(20)30211-3,,#773,Jewell 2020,Nancy Tahmo (2025-05-03 11:39:50)(Select): Author affiliation; ,""
Simulating the End of AIDS in New York: Using Participatory Dynamic Modeling to Improve Implementation of the Ending the Epidemic Initiative.,"Martin, Erika G; MacDonald, Roderick H; Gordon, Daniel E; Swain, Carol-Ann; O'Donnell, Travis; Helmeset, John; Dwicaksono, Adenantera; Tesoriero, James M","OBJECTIVES: In 2014, the governor of New York announced the Ending the Epidemic (ETE) plan to reduce annual new HIV infections from 3000 to 750, achieve a first-ever decrease in HIV prevalence, and reduce AIDS progression by the end of 2020. The state health department undertook participatory simulation modeling to develop a baseline for comparing epidemic trends and feedback on ETE strategies., METHODS: A dynamic compartmental model projected the individual and combined effects of 3 ETE initiatives: enhanced linkage to and retention in HIV treatment, increased preexposure prophylaxis (PrEP) among men who have sex with men, and expanded housing assistance. Data inputs for model calibration and low-, medium-, and high-implementation scenarios (stakeholders' rollout predictions, and lower and upper bounds) came from surveillance and program data through 2014, the literature, and expert judgment., RESULTS: Without ETE (baseline scenario), new HIV infections would decline but remain >750, and HIV prevalence would continue to increase by 2020. Concurrently implementing the 3 programs would lower annual new HIV infections by 16.0%, 28.1%, and 45.7% compared with baseline in the low-, medium-, and high-implementation scenarios, respectively. In all concurrent implementation scenarios, although annual new HIV infections would remain >750, there would be fewer new HIV infections than deaths, yielding the first-ever decrease in HIV prevalence. PrEP and enhanced linkage and retention would confer the largest population-level changes., CONCLUSIONS: New York State will achieve 1 ETE benchmark under the most realistic (medium) implementation scenario. Findings facilitated framing of ETE goals and underscored the need to prioritize men who have sex with men and maintain ETE's multipronged approach, including other programs not modeled here.",2020,,"Public health reports (Washington, D.C. : 1974)",135,1_suppl,158S-171S,,10.1177/0033354920935069,,#776,Martin 2020,"",""
Impact of lockdown on COVID-19 epidemic in Ile-de-France and possible exit strategies.,"Di Domenico, Laura; Pullano, Giulia; Sabbatini, Chiara E; Boelle, Pierre-Yves; Colizza, Vittoria","BACKGROUND: More than half of the global population is under strict forms of social distancing. Estimating the expected impact of lockdown and exit strategies is critical to inform decision makers on the management of the COVID-19 health crisis., METHODS: We use a stochastic age-structured transmission model integrating data on age profile and social contacts in Ile-de-France to (i) assess the epidemic in the region, (ii) evaluate the impact of lockdown, and (iii) propose possible exit strategies and estimate their effectiveness. The model is calibrated to hospital admission data before lockdown. Interventions are modeled by reconstructing the associated changes in the contact matrices and informed by mobility reductions during lockdown evaluated from mobile phone data. Different types and durations of social distancing are simulated, including progressive and targeted strategies, with large-scale testing., RESULTS: We estimate the reproductive number at 3.18 [3.09, 3.24] (95% confidence interval) prior to lockdown and at 0.68 [0.66, 0.69] during lockdown, thanks to an 81% reduction of the average number of contacts. Model predictions capture the disease dynamics during lockdown, showing the epidemic curve reaching ICU system capacity, largely strengthened during the emergency, and slowly decreasing. Results suggest that physical contacts outside households were largely avoided during lockdown. Lifting the lockdown with no exit strategy would lead to a second wave overwhelming the healthcare system, if conditions return to normal. Extensive case finding and isolation are required for social distancing strategies to gradually relax lockdown constraints., CONCLUSIONS: As France experiences the first wave of COVID-19 pandemic in lockdown, intensive forms of social distancing are required in the upcoming months due to the currently low population immunity. Extensive case finding and isolation would allow the partial release of the socio-economic pressure caused by extreme measures, while avoiding healthcare demand exceeding capacity. Response planning needs to urgently prioritize the logistics and capacity for these interventions.",2020,,BMC medicine,18,1,240,,10.1186/s12916-020-01698-4,,#778,DiDomenico 2020,"",""
A mathematical model to estimate the state-specific impact of the Health Resources and Services Administration's Ryan White HIV/AIDS Program.,"Klein, Pamela W; Cohen, Stacy M; Uzun Jacobson, Evin; Li, Zihao; Clark, Glenn; Fanning, Miranda; Sterling, Rene; Young, Steven R; Sansom, Stephanie; Hauck, Heather","BACKGROUND: Access to and engagement in high-quality HIV medical care and treatment is essential for ending the HIV epidemic. The Health Resources and Services Administration's (HRSA) Ryan White HIV/AIDS Program (RWHAP) plays a critical role in ensuring that people living with diagnosed HIV (PLWH) are linked to and consistently engaged in high quality care and receive HIV medication in a timely manner. State variation in HIV prevalence, the proportion of PLWH served by the RWHAP, and local health care environments could influence the state-specific impact of the RWHAP. This analysis sought to measure the state-specific impact of the RWHAP on the HIV service delivery system and health outcomes for PLWH, and presents template language to communicate this impact for state planning and stakeholder engagement., METHODS AND FINDINGS: The HRSA's HIV/AIDS Bureau (HAB) and the Centers for Disease Control and Prevention's Division of HIV/AIDS Prevention (CDC DHAP) have developed a mathematical model to estimate the state-specific impact of the RWHAP. This model was parameterized using RWHAP data, HIV surveillance data, an existing CDC model of HIV transmission and disease progression, and parameters from the literature. In this study, the model was used to analyze the hypothetical scenario of an absence of the RWHAP and to calculate the projected impact of this scenario on RWHAP clients, RWHAP-funded providers, mortality, new HIV cases, and costs compared with the current state inclusive of the RWHAP. To demonstrate the results of the model, we selected two states, representing high HIV prevalence and low HIV prevalence areas. These states serve to demonstrate the functionality of the model and how state-specific results can be translated into a state-specific impact statement using template language., CONCLUSIONS: In the example states presented, the RWHAP provides HIV care, treatment, and support services to a large proportion of PLWH in each state. The absence of the RWHAP in these states could result in substantially more deaths and HIV cases than currently observed, resulting in considerable lifetime HIV care and treatment costs associated with additional HIV cases. State-specific impact statements may be valuable in the development of state-level HIV prevention and care plans or for communications with planning bodies, state health department leadership, and other stakeholders. State-specific impact statements will be available to RWHAP Part B recipients upon request from HRSA's HIV/AIDS Bureau.",2020,,PloS one,15,6,e0234652,,10.1371/journal.pone.0234652,,#780,Klein 2020,Nancy Tahmo (2025-04-30 05:00:00)(Select): Government agency is the researcher; ,""
"Integrated screening and treatment services for HIV, hypertension and diabetes in Kenya: assessing the epidemiological impact and cost-effectiveness from a national and regional perspective.","Kasaie, Parastu; Weir, Brian; Schnure, Melissa; Dun, Chen; Pennington, Jeff; Teng, Yu; Wamai, Richard; Mutai, Kipkoech; Dowdy, David; Beyrer, Chris","INTRODUCTION: As people with HIV age, prevention and management of other communicable and non-communicable diseases (NCDs) will become increasingly important. Integration of screening and treatment for HIV and NCDs is a promising approach for addressing the dual burden of these diseases. The aim of this study was to assess the epidemiological impact and cost-effectiveness of a community-wide integrated programme for screening and treatment of HIV, hypertension and diabetes in Kenya., METHODS: Coupling a microsimulation of cardiovascular diseases (CVDs) with a population-based model of HIV dynamics (the Spectrum), we created a hybrid HIV/CVD model. Interventions were modelled from year 2019 (baseline) to 2023, and population was followed to 2033. Analyses were carried at a national level and for three selected regions (Nairobi, Coast and Central)., RESULTS: At a national level, the model projected 7.62 million individuals living with untreated hypertension, 692,000 with untreated diabetes and 592,000 individuals in need of ART in year 2018. Improving ART coverage from 68% at baseline to 88% in 2033 reduced HIV incidence by an estimated 64%. Providing NCD treatment to 50% of diagnosed cases from 2019 to 2023 and maintaining them on treatment afterwards could avert 116,000 CVD events and 43,600 CVD deaths in Kenya over the next 15 years. At a regional level, the estimated impact of expanded HIV services was highest in Nairobi region (averting 42,100 HIV infections compared to baseline) while Central region experienced the highest impact of expanded NCD treatment (with a reduction of 22,200 CVD events). The integrated HIV/NCD intervention could avert 7.76 million disability-adjusted-life-years (DALYs) over 15 years at an estimated cost of $6.68 billion ($445.27 million per year), or $860.30 per DALY averted. At a cost-effectiveness threshold of $2,010 per DALY averted, the probability of cost-effectiveness was 0.92, ranging from 0.71 in Central to 0.92 in Nairobi region., CONCLUSIONS: Integrated screening and treatment of HIV and NCDs can be a cost-effective and impactful approach to save lives of people with HIV in Kenya, although important variation exists at the regional level. Containing the substantial costs required for scale-up will be critical for management of HIV and NCDs on a national scale. Copyright © 2020 The Authors. Journal of the International AIDS Society published by John Wiley & Sons Ltd on behalf of the International AIDS Society.",2020,,Journal of the International AIDS Society,23 Suppl 1,101478566,e25499,,10.1002/jia2.25499,,#781,Kasaie 2020,Nancy Tahmo (2025-05-03 12:20:21)(Select): Affiliations; ,""
icumonitoring.ch: a platform for short-term forecasting of intensive care unit occupancy during the COVID-19 epidemic in Switzerland.,"Zhao, Cheng; Tepekule, Burcu; Criscuolo, Nicola G; Wendel Garcia, Pedro D; Hilty, Matthias P; Risc-Icu Consortium Investigators In Switzerland; Fumeaux, Thierry; Van Boeckel, Thomas","In Switzerland, the COVID-19 epidemic is progressively slowing down owing to ""social distancing"" measures introduced by the Federal Council on 16 March 2020. However, the gradual ease of these measures may initiate a second epidemic wave, the length and intensity of which are difficult to anticipate. In this context, hospitals must prepare for a potential increase in intensive care unit (ICU) admissions of patients with acute respiratory distress syndrome. Here, we introduce icumonitoring.ch, a platform providing hospital-level projections for ICU occupancy. We combined current data on the number of beds and ventilators with canton-level projections of COVID-19 cases from two S-E-I-R models. We disaggregated epidemic projection in each hospital in Switzerland for the number of COVID-19 cases, hospitalisations, hospitalisations in ICU, and ventilators in use. The platform is updated every 3-4 days and can incorporate projections from other modelling teams to inform decision makers with a range of epidemic scenarios for future hospital occupancy.",2020,,Swiss medical weekly,150,"d10, 100970884",w20277,,10.4414/smw.2020.20277,,#785,Zhao 2020,Nancy Tahmo (2025-05-03 10:14:39)(Select): Software tool; ,""
Control of Ebola virus disease outbreaks: Comparison of health care worker-targeted and community vaccination strategies.,"Robert, Alexis; Camacho, Anton; Edmunds, W John; Baguelin, Marc; Muyembe Tamfum, Jean-Jacques; Rosello, Alicia; Keita, Sakoba; Eggo, Rosalind M","BACKGROUND: Health care workers (HCW) are at risk of infection during Ebola virus disease outbreaks and therefore may be targeted for vaccination before or during outbreaks. The effect of these strategies depends on the role of HCW in transmission which is understudied., METHODS: To evaluate the effect of HCW-targeted or community vaccination strategies, we used a transmission model to explore the relative contribution of HCW and the community to transmission. We calibrated the model to data from multiple Ebola outbreaks. We quantified the impact of ahead-of-time HCW-targeted strategies, and reactive HCW and community vaccination., RESULTS: We found that for some outbreaks (we call ""type 1) HCW amplified transmission both to other HCW and the community, and in these outbreaks prophylactic vaccination of HCW decreased outbreak size. Reactive vaccination strategies had little effect because type 1 outbreaks ended quickly. However, in outbreaks with longer time courses (""type 2 outbreaks""), reactive community vaccination decreased the number of cases, with or without prophylactic HCW-targeted vaccination. For both outbreak types, we found that ahead-of-time HCW-targeted strategies had an impact at coverage of 30%., CONCLUSIONS: The vaccine strategies tested had a different impact depending on the transmission dynamics and previous control measures. Although we will not know the characteristics of a new outbreak, ahead-of-time HCW-targeted vaccination can decrease the total outbreak size, even at low vaccine coverage. Copyright © 2019 The Authors. Published by Elsevier B.V. All rights reserved.",2019,,Epidemics,27,101484711,106-114,,10.1016/j.epidem.2019.03.001,,#796,Robert 2019,"",""
Modelling the effect of the introduction of antenatal screening for group B Streptococcus (GBS) carriage in the UK.,"Bevan, David; White, Alicia; Marshall, John; Peckham, Catherine","OBJECTIVES: To estimate the potential impact of the addition of culture-based screening for group B streptococcus (GBS) carriage in pregnancy to a risk-based prevention policy in the UK. We aimed to establish agreement within a multidisciplinary group of key stakeholders on the model input parameters., DESIGN: Deterministic model using a consensus approach for the selection of input parameters., SETTING AND PARTICIPANTS: A theoretical annual cohort of 711 999 live births in the UK (excluding births by elective caesarean section)., INTERVENTIONS: Culture-based screening for GBS at 35-37 weeks of pregnancy added to the recommended risk-based prevention policy in place on the date of modelling., OUTCOME MEASURES: Outcomes assessed included use of intrapartum antibiotic prophylaxis (IAP), early onset GBS (EOGBS), EOGBS mortality, severe EOGBS-related morbidity and maternal penicillin anaphylaxis., RESULTS: With no prophylaxis strategy, the model estimated that there would be 421 cases of culture positive EOGBS in a year (0.59/1000 live births). In the risk-based prophylaxis scenario, 30 666 women were estimated to receive IAP and 70 cases of EOGBS were prevented. Addition of screening resulted in a further 96 260 women receiving IAP and the prevention of an additional 52 to 57 cases of EOGBS. This resulted in the prevention of three EOGBS deaths and four cases of severe disability. With screening, an additional 1675 to 1854 women receive IAP to prevent one EOGBS case and 24 065 to 32 087 receive IAP to prevent one EOGBS death., CONCLUSIONS: The evidence base available for a broad range of model input parameters was limited, leading to uncertainty in the estimates produced by the model. Where data was limited, the model input parameters were agreed with the multidisciplinary stakeholder group, the first time this has been done to our knowledge. The main impact of screening is likely to be on the large group of low-risk women where the clinical impact of EOGBS tends to be less severe. This model suggests that the reduction in mortality and severe disability due to EOGBS with antenatal GBS screening is likely to be very limited, with a high rate of overdetection and overuse of antibiotics. Copyright © Author(s) (or their employer(s)) 2019. Re-use permitted under CC BY-NC. No commercial re-use. See rights and permissions. Published by BMJ.",2019,,BMJ open,9,3,e024324,,10.1136/bmjopen-2018-024324,,#803,Bevan 2019,"",""
"The impact of control strategies and behavioural changes on the elimination of Ebola from Lofa County, Liberia.","Funk, Sebastian; Ciglenecki, Iza; Tiffany, Amanda; Gignoux, Etienne; Camacho, Anton; Eggo, Rosalind M; Kucharski, Adam J; Edmunds, W John; Bolongei, Josephus; Azuma, Phillip; Clement, Peter; Alpha, Tamba S; Sterk, Esther; Telfer, Barbara; Engel, Gregory; Parker, Lucy Anne; Suzuki, Motoi; Heijenberg, Nico; Reeder, Bruce","The Ebola epidemic in West Africa was stopped by an enormous concerted effort of local communities and national and international organizations. It is not clear, however, how much the public health response and behavioural changes in affected communities, respectively, contributed to ending the outbreak. Here, we analyse the epidemic in Lofa County, Liberia, lasting from March to November 2014, by reporting a comprehensive time line of events and estimating the time-varying transmission intensity using a mathematical model of Ebola transmission. Model fits to the epidemic show an alternation of peaks and troughs in transmission, consistent with highly heterogeneous spread. This is combined with an overall decline in the reproduction number of Ebola transmission from early August, coinciding with an expansion of the local Ebola treatment centre. We estimate that healthcare seeking approximately doubled over the course of the outbreak, and that isolation of those seeking healthcare reduced their reproduction number by 62% (mean estimate, 95% credible interval (CI) 59-66). Both expansion of bed availability and improved healthcare seeking contributed to ending the epidemic, highlighting the importance of community engagement alongside clinical intervention. This article is part of the themed issue 'The 2013-2016 West African Ebola epidemic: data, decision-making and disease control'. Copyright © 2017 The Authors.",2017,,"Philosophical transactions of the Royal Society of London. Series B, Biological sciences",372,1721,,,10.1098/rstb.2016.0302,,#828,Funk 2017,"",""
Stochastic agent-based modeling of tuberculosis in Canadian Indigenous communities.,"Tuite, Ashleigh R; Gallant, Victor; Randell, Elaine; Bourgeois, Annie-Claude; Greer, Amy L","BACKGROUND: In Canada, active tuberculosis (TB) disease rates remain disproportionately higher among the Indigenous population, especially among the Inuit in the north. We used mathematical modeling to evaluate how interventions might enhance existing TB control efforts in a region of Nunavut., METHODS: We developed a stochastic, agent-based model of TB transmission that captured the unique household and community structure. Evaluated interventions included: (i) rapid treatment of active cases; (ii) rapid contact tracing; (iii) expanded screening programs for latent TB infection (LTBI); and (iv) reduced household density. The outcomes of interest were incident TB infections and total diagnosed active TB disease over a 10- year time period., RESULTS: Model-projected incidence in the absence of additional interventions was highly variable (range: 33-369 cases) over 10 years. Compared to the 'no additional intervention' scenario, reducing the time between onset of active TB disease and initiation of treatment reduced both the number of new TB infections (47% reduction, relative risk of TB = 0.53) and diagnoses of active TB disease (19% reduction, relative risk of TB = 0.81). Expanding general population screening was also projected to reduce the burden of TB, although these findings were sensitive to assumptions around the relative amount of transmission occurring outside of households. Other potential interventions examined in the model (school-based screening, rapid contact tracing, and reduced household density) were found to have limited effectiveness., CONCLUSIONS: In a region of northern Canada experiencing a significant TB burden, more rapid treatment initiation in active TB cases was the most impactful intervention evaluated. Mathematical modeling can provide guidance for allocation of limited resources in a way that minimizes disease transmission and protects population health.",2017,,BMC public health,17,1,73,,10.1186/s12889-016-3996-7,,#838,Tuite 2017,"",""
Voluntary Medical Male Circumcision for HIV Prevention in Swaziland: Modeling the Impact of Age Targeting.,"Kripke, Katharine; Okello, Velephi; Maziya, Vusi; Benzerga, Wendy; Mirira, Munamato; Gold, Elizabeth; Schnure, Melissa; Sgaier, Sema; Castor, Delivette; Reed, Jason; Njeuhmeli, Emmanuel","BACKGROUND: Voluntary medical male circumcision (VMMC) for HIV prevention has been a priority for Swaziland since 2009. Initially focusing on men ages 15-49, the Ministry of Health reduced the minimum age for VMMC from 15 to 10 years in 2012, given the existing demand among 10- to 15-year-olds. To understand the implications of focusing VMMC service delivery on specific age groups, the MOH undertook a modeling exercise to inform policy and implementation in 2013-2014., METHODS AND FINDINGS: The impact and cost of circumcising specific age groups were assessed using the Decision Makers' Program Planning Tool, Version 2.0 (DMPPT 2.0), a simple compartmental model. We used age-specific HIV incidence from the Swaziland HIV Incidence Measurement Survey (SHIMS). Population, mortality, births, and HIV prevalence were imported from a national Spectrum/Goals model recently updated in consultation with country stakeholders. Baseline male circumcision prevalence was derived from the most recent Swaziland Demographic and Health Survey. The lowest numbers of VMMCs per HIV infection averted are achieved when males ages 15-19, 20-24, 25-29, and 30-34 are circumcised, although the uncertainty bounds for the estimates overlap. Circumcising males ages 25-29 and 20-24 provides the most immediate reduction in HIV incidence. Circumcising males ages 15-19, 20-24, and 25-29 provides the greatest magnitude incidence reduction within 15 years. The lowest cost per HIV infection averted is achieved by circumcising males ages 15-34: $870 U.S. dollars (USD)., CONCLUSIONS: The potential impact, cost, and cost-effectiveness of VMMC scale-up in Swaziland are not uniform. They vary by the age group of males circumcised. Based on the results of this modeling exercise, the Ministry of Health's Swaziland Male Circumcision Strategic and Operational Plan 2014-2018 adopted an implementation strategy that calls for circumcision to be scaled up to 50% coverage for neonates, 80% among males ages 10-29, and 55% among males ages 30-34.",2016,,PloS one,11,7,e0156776,,10.1371/journal.pone.0156776,,#841,Kripke 2016,"",""
Potential for reduction of burden and local elimination of malaria by reducing Plasmodium falciparum malaria transmission: a mathematical modelling study.,"Griffin, Jamie T; Bhatt, Samir; Sinka, Marianne E; Gething, Peter W; Lynch, Michael; Patouillard, Edith; Shutes, Erin; Newman, Robert D; Alonso, Pedro; Cibulskis, Richard E; Ghani, Azra C","BACKGROUND: Rapid declines in malaria prevalence, cases, and deaths have been achieved globally during the past 15 years because of improved access to first-line treatment and vector control. We aimed to assess the intervention coverage needed to achieve further gains over the next 15 years., METHODS: We used a mathematical model of the transmission of Plasmodium falciparum malaria to explore the potential effect on case incidence and malaria mortality rates from 2015 to 2030 of five different intervention scenarios: remaining at the intervention coverage levels of 2011-13 (Sustain), for which coverage comprises vector control and access to treatment; two scenarios of increased coverage to 80% (Accelerate 1) and 90% (Accelerate 2), with a switch from quinine to injectable artesunate for management of severe disease and seasonal malaria chemoprevention where recommended for both Accelerate scenarios, and rectal artesunate for pre-referral treatment at the community level added to Accelerate 2; a near-term innovation scenario (Innovate), which included longer-lasting insecticidal nets and expansion of seasonal malaria chemoprevention; and a reduction in coverage to 2006-08 levels (Reverse). We did the model simulations at the first administrative level (ie, state or province) for the 80 countries with sustained stable malaria transmission in 2010, accounting for variations in baseline endemicity, seasonality in transmission, vector species, and existing intervention coverage. To calculate the cases and deaths averted, we compared the total number of each under the five scenarios between 2015 and 2030 with the predicted number in 2015, accounting for population growth., FINDINGS: With an increase to 80% coverage, we predicted a reduction in case incidence of 21% (95% credible intervals [CrI] 19-29) and a reduction in mortality rates of 40% (27-61) by 2030 compared with 2015 levels. Acceleration to 90% coverage and expansion of treatment at the community level was predicted to reduce case incidence by 59% (Crl 56-64) and mortality rates by 74% (67-82); with additional near-term innovation, incidence was predicted to decline by 74% (70-77) and mortality rates by 81% (76-87). These scenarios were predicted to lead to local elimination in 13 countries under the Accelerate 1 scenario, 20 under Accelerate 2, and 22 under Innovate by 2030, reducing the proportion of the population living in at-risk areas by 36% if elimination is defined at the first administrative unit. However, failing to maintain coverage levels of 2011-13 is predicted to raise case incidence by 76% (Crl 71-80) and mortality rates by 46% (39-51) by 2020., INTERPRETATION: Our findings show that decreases in malaria transmission and burden can be accelerated over the next 15 years if the coverage of key interventions is increased., FUNDING: UK Medical Research Council, UK Department for International Development, the Bill & Melinda Gates Foundation, the Swiss Development Agency, and the US Agency for International Development. Copyright © Griffin et al. Open Access article distributed under the terms of CC BY. 2015. World Health Organization; licensee Elsevier. This is an Open Access article published without any waiver of WHO's privileges and immunities under international law, convention, or agreement. This article should not be reproduced for use in association with the promotion of commercial products, services, or any legal entity. There should be no suggestion that WHO endorses any specific organisation or products. The use of the WHO logo is not permitted. This notice should be preserved along with the Article's original URL.",2016,,The Lancet. Infectious diseases,16,4,465-72,,10.1016/S1473-3099(15)00423-5,,#852,Griffin 2016,"",""
Global epidemiology of HIV among female sex workers: influence of structural determinants.,"Shannon, Kate; Strathdee, Steffanie A; Goldenberg, Shira M; Duff, Putu; Mwangi, Peninah; Rusakova, Maia; Reza-Paul, Sushena; Lau, Joseph; Deering, Kathleen; Pickles, Michael R; Boily, Marie-Claude","Female sex workers (FSWs) bear a disproportionately large burden of HIV infection worldwide. Despite decades of research and programme activity, the epidemiology of HIV and the role that structural determinants have in mitigating or potentiating HIV epidemics and access to care for FSWs is poorly understood. We reviewed available published data for HIV prevalence and incidence, condom use, and structural determinants among this group. Only 87 (43%) of 204 unique studies reviewed explicitly examined structural determinants of HIV. Most studies were from Asia, with few from areas with a heavy burden of HIV such as sub-Saharan Africa, Russia, and eastern Europe. To further explore the potential effect of structural determinants on the course of epidemics, we used a deterministic transmission model to simulate potential HIV infections averted through structural changes in regions with concentrated and generalised epidemics, and high HIV prevalence among FSWs. This modelling suggested that elimination of sexual violence alone could avert 17% of HIV infections in Kenya (95% uncertainty interval [UI] 1-31) and 20% in Canada (95% UI 3-39) through its immediate and sustained effect on non-condom use) among FSWs and their clients in the next decade. In Kenya, scaling up of access to antiretroviral therapy among FSWs and their clients to meet WHO eligibility of a CD4 cell count of less than 500 cells per muL could avert 34% (95% UI 25-42) of infections and even modest coverage of sex worker-led outreach could avert 20% (95% UI 8-36) of infections in the next decade. Decriminalisation of sex work would have the greatest effect on the course of HIV epidemics across all settings, averting 33-46% of HIV infections in the next decade. Multipronged structural and community-led interventions are crucial to increase access to prevention and treatment and to promote human rights for FSWs worldwide. Copyright © 2015 Elsevier Ltd. All rights reserved.",2015,,"Lancet (London, England)",385,9962,55-71,,10.1016/S0140-6736(14)60931-4,,#855,Shannon 2015,"",""
Tactics and strategies for managing Ebola outbreaks and the salience of immunization.,"Getz, Wayne M; Gonzalez, Jean-Paul; Salter, Richard; Bangura, James; Carlson, Colin; Coomber, Moinya; Dougherty, Eric; Kargbo, David; Wolfe, Nathan D; Wauquier, Nadia","We present a stochastic transmission chain simulation model for Ebola viral disease (EVD) in West Africa, with the salutary result that the virus may be more controllable than previously suspected. The ongoing tactics to detect cases as rapidly as possible and isolate individuals as safely as practicable is essential to saving lives in the current outbreaks in Guinea, Liberia, and Sierra Leone. Equally important are educational campaigns that reduce contact rates between susceptible and infectious individuals in the community once an outbreak occurs. However, due to the relatively low R 0 of Ebola (around 1.5 to 2.5 next generation cases are produced per current generation case in naive populations), rapid isolation of infectious individuals proves to be highly efficacious in containing outbreaks in new areas, while vaccination programs, even with low efficacy vaccines, can be decisive in curbing future outbreaks in areas where the Ebola virus is maintained in reservoir populations.",2015,,Computational and mathematical methods in medicine,2015,101277751,736507,,10.1155/2015/736507,,#856,Getz 2015,"",""
Transmission of the First Influenza A(H1N1)pdm09 Pandemic Wave in Australia Was Driven by Undetected Infections: Pandemic Response Implications.,"Fielding, James E; Kelly, Heath A; Glass, Kathryn","BACKGROUND: During the first wave of influenza A(H1N1)pdm09 in Victoria, Australia the rapid increase in notified cases and the high proportion with relatively mild symptoms suggested that community transmission was established before cases were identified. This lead to the hypothesis that those with low-level infections were the main drivers of the pandemic., METHODS: A deterministic susceptible-infected-recovered model was constructed to describe the first pandemic wave in a population structured by disease severity levels of asymptomatic, low-level symptoms, moderate symptoms and severe symptoms requiring hospitalisation. The model incorporated mixing, infectivity and duration of infectiousness parameters to calculate subgroup-specific reproduction numbers for each severity level., RESULTS: With stratum-specific effective reproduction numbers of 1.82 and 1.32 respectively, those with low-level symptoms, and those with asymptomatic infections were responsible for most of the transmission. The effective reproduction numbers for infections resulting in moderate symptoms and hospitalisation were less than one. Sensitivity analyses confirmed the importance of parameters relating to asymptomatic individuals and those with low-level symptoms., CONCLUSIONS: Transmission of influenza A(H1N1)pdm09 was largely driven by those invisible to the health system. This has implications for control measures--such as distribution of antivirals to cases and contacts and quarantine/isolation--that rely on detection of infected cases. Pandemic plans need to incorporate milder scenarios, with a graded approach to implementation of control measures.",2015,,PloS one,10,12,e0144331,,10.1371/journal.pone.0144331,,#858,Fielding 2015,Nancy Tahmo (2025-04-30 23:38:07)(Select): Acknowlegement section; ,""
Modelling control of Schistosoma haematobium infection: predictions of the long-term impact of mass drug administration in Africa.,"Gurarie, David; Yoon, Nara; Li, Emily; Ndeffo-Mbah, Martial; Durham, David; Phillips, Anna E; Aurelio, H Osvaldo; Ferro, Josefo; Galvani, Alison P; King, Charles H","BACKGROUND: Effective control of schistosomiasis remains a challenging problem for endemic areas of the world. Given knowledge of the biology of transmission and past experience with mass drug administration (MDA) programs, it is important to critically evaluate the likelihood that MDA programs will achieve substantial reductions in Schistosoma prevalence. In implementing the World Health Organization Roadmap for Neglected Tropical Diseases it would useful for policymaking to model projections of the status of Schistosoma control in MDA-treated areas in the next 5-10 years., METHODS: Calibrated mathematical models were used to project the effects of different frequency and coverage of MDA for schistosomiasis haematobia control in present-day endemic communities, taking into account uncertainties of parasite biology and input data. The modeling approach in this analysis was the Stratified Worm Burden model developed in our earlier works, calibrated using data from longitudinal S. haematobium control trials in Kenya., RESULTS: Model-based simulations of MDA control in typical low-risk and higher-risk communities indicated that infection prevalence can be substantially reduced within 10 years only when there is a high degree of community participation (>70 %) with at least annual MDA. Significant risk for re-emergence of infection remains if MDA is suspended., CONCLUSIONS: In a stable (stationary) ecosystem, Schistosoma reproduction and transmission are sufficiently robust that the process of human infection continues, even under pressure from aggressive MDA. MDA alone is unlikely to interrupt transmission, and once mass treatment is suspended, the prevalence of human infection is likely to rebound to pre-control levels over a period of 25-30 years. MDA success in achieving very low levels of infection prevalence is highly dependent on treatment coverage and frequency within the local human population, and requires that both adults and children be included in drug delivery coverage. Ultimately, supplemental snail control and significant improvements in sanitation will be required to achieve full control of schistosomiasis by elimination of ongoing Schistosoma transmission.",2015,,Parasites & vectors,8,101462774,529,,10.1186/s13071-015-1144-3,,#859,Gurarie 2015,"",""
Integrating Community-Based Interventions to Reverse the Convergent TB/HIV Epidemics in Rural South Africa.,"Gilbert, Jennifer A; Long, Elisa F; Brooks, Ralph P; Friedland, Gerald H; Moll, Anthony P; Townsend, Jeffrey P; Galvani, Alison P; Shenoi, Sheela V","The WHO recommends integrating interventions to address the devastating TB/HIV co-epidemics in South Africa, yet integration has been poorly implemented and TB/HIV control efforts need strengthening. Identifying infected individuals is particularly difficult in rural settings. We used mathematical modeling to predict the impact of community-based, integrated TB/HIV case finding and additional control strategies on South Africa's TB/HIV epidemics. We developed a model incorporating TB and HIV transmission to evaluate the effectiveness of integrating TB and HIV interventions in rural South Africa over 10 years. We modeled the impact of a novel screening program that integrates case finding for TB and HIV in the community, comparing it to status quo and recommended TB/HIV control strategies, including GeneXpert, MDR-TB treatment decentralization, improved first-line TB treatment cure rate, isoniazid preventive therapy, and expanded ART. Combining recommended interventions averted 27% of expected TB cases (95% CI 18-40%) 18% HIV (95% CI 13-24%), 60% MDR-TB (95% CI 34-83%), 69% XDR-TB (95% CI 34-90%), and 16% TB/HIV deaths (95% CI 12-29). Supplementing these interventions with annual community-based TB/HIV case finding averted a further 17% of TB cases (44% total; 95% CI 31-56%), 5% HIV (23% total; 95% CI 17-29%), 8% MDR-TB (68% total; 95% CI 40-88%), 4% XDR-TB (73% total; 95% CI 38-91%), and 8% TB/HIV deaths (24% total; 95% CI 16-39%). In addition to increasing screening frequency, we found that improving TB symptom questionnaire sensitivity, second-line TB treatment delays, default before initiating TB treatment or ART, and second-line TB drug efficacy were significantly associated with even greater reductions in TB and HIV cases. TB/HIV epidemics in South Africa were most effectively curtailed by simultaneously implementing interventions that integrated community-based TB/HIV control strategies and targeted drug-resistant TB. Strengthening existing TB and HIV treatment programs is needed to further reduce disease incidence.",2015,,PloS one,10,5,e0126267,,10.1371/journal.pone.0126267,,#864,Gilbert 2015,"",""
"Health benefits, costs, and cost-effectiveness of earlier eligibility for adult antiretroviral therapy and expanded treatment coverage: a combined analysis of 12 mathematical models.","Eaton, Jeffrey W; Menzies, Nicolas A; Stover, John; Cambiano, Valentina; Chindelevitch, Leonid; Cori, Anne; Hontelez, Jan A C; Humair, Salal; Kerr, Cliff C; Klein, Daniel J; Mishra, Sharmistha; Mitchell, Kate M; Nichols, Brooke E; Vickerman, Peter; Bakker, Roel; Barnighausen, Till; Bershteyn, Anna; Bloom, David E; Boily, Marie-Claude; Chang, Stewart T; Cohen, Ted; Dodd, Peter J; Fraser, Christophe; Gopalappa, Chaitra; Lundgren, Jens; Martin, Natasha K; Mikkelsen, Evelinn; Mountain, Elisa; Pham, Quang D; Pickles, Michael; Phillips, Andrew; Platt, Lucy; Pretorius, Carel; Prudden, Holly J; Salomon, Joshua A; van de Vijver, David A M C; de Vlas, Sake J; Wagner, Bradley G; White, Richard G; Wilson, David P; Zhang, Lei; Blandford, John; Meyer-Rath, Gesine; Remme, Michelle; Revill, Paul; Sangrujee, Nalinee; Terris-Prestholt, Fern; Doherty, Meg; Shaffer, Nathan; Easterbrook, Philippa J; Hirnschall, Gottfried; Hallett, Timothy B","BACKGROUND: New WHO guidelines recommend ART initiation for HIV-positive persons with CD4 cell counts <=500 cells/microL, a higher threshold than was previously recommended. Country decision makers must consider whether to further expand ART eligibility accordingly., METHODS: We used multiple independent mathematical models in four settings-South Africa, Zambia, India, and Vietnam-to evaluate the potential health impact, costs, and cost-effectiveness of different adult ART eligibility criteria under scenarios of current and expanded treatment coverage, with results projected over 20 years. Analyses considered extending eligibility to include individuals with CD4 <=500 cells/microL or all HIV-positive adults, compared to the previous recommendation of initiation with CD4 <=350 cells/microL. We assessed costs from a health system perspective, and calculated the incremental cost per DALY averted ($/DALY) to compare competing strategies. Strategies were considered 'very cost-effective' if the $/DALY was less than the country's per capita gross domestic product (GDP; South Africa: $8040, Zambia: $1425, India: $1489, Vietnam: $1407) and 'cost-effective' if $/DALY was less than three times per capita GDP., FINDINGS: In South Africa, the cost per DALY averted of extending ART eligibility to CD4 <=500 cells/microL ranged from $237 to $1691/DALY compared to 2010 guidelines; in Zambia, expanded eligibility ranged from improving health outcomes while reducing costs (i.e. dominating current guidelines) to $749/DALY. Results were similar in scenarios with substantially expanded treatment access and for expanding eligibility to all HIV-positive adults. Expanding treatment coverage in the general population was therefore found to be cost-effective. In India, eligibility for all HIV-positive persons ranged from $131 to $241/DALY and in Vietnam eligibility for CD4 <=500 cells/microL cost $290/DALY. In concentrated epidemics, expanded access among key populations was also cost-effective., INTERPRETATION: Earlier ART eligibility is estimated to be very cost-effective in low- and middle-income settings, although these questions should be revisited as further information becomes available. Scaling-up ART should be considered among other high-priority health interventions competing for health budgets., FUNDING: The Bill and Melinda Gates Foundation and World Health Organization.",2013,,The Lancet. Global health,2,1,23-34,,10.1016/S2214-109X(13)70172-4,,#884,Eaton 2013,"",""
Agent-based modeling of the spread of influenza-like illness in an emergency department: a simulation study.,"Laskowski, Marek; Demianyk, Bryan C P; Witt, Julia; Mukhi, Shamir N; Friesen, Marcia R; McLeod, Robert D","The objective of this paper was to develop an agent-based modeling framework in order to simulate the spread of influenza virus infection on a layout based on a representative hospital emergency department in Winnipeg, Canada. In doing so, the study complements mathematical modeling techniques for disease spread, as well as modeling applications focused on the spread of antibiotic-resistant nosocomial infections in hospitals. Twenty different emergency department scenarios were simulated, with further simulation of four infection control strategies. The agent-based modeling approach represents systems modeling, in which the emergency department was modeled as a collection of agents (patients and healthcare workers) and their individual characteristics, behaviors, and interactions. The framework was coded in C++ using Qt4 libraries running under the Linux operating system. A simple ordinary least squares (OLS) regression was used to analyze the data, in which the percentage of patients that became infected in one day within the simulation was the dependent variable. The results suggest that within the given instance context, patient-oriented infection control policies (alternate treatment streams, masking symptomatic patients) tend to have a larger effect than policies that target healthcare workers. The agent-based modeling framework is a flexible tool that can be made to reflect any given environment; it is also a decision support tool for practitioners and policymakers to assess the relative impact of infection control strategies. The framework illuminates scenarios worthy of further investigation, as well as counterintuitive findings.",2011,,IEEE transactions on information technology in biomedicine : a publication of the IEEE Engineering in Medicine and Biology Society,15,6,877-89,,10.1109/TITB.2011.2163414,,#900,Laskowski 2011,Nancy Tahmo (2025-04-30 06:44:24)(Select): Acknowledgment section; ,""
"HIV epidemic trend and antiretroviral treatment need in Karonga District, Malawi.","White, R G; Vynnycky, E; Glynn, J R; Crampin, A C; Jahn, A; Mwaungulu, F; Mwanyongo, O; Jabu, H; Phiri, H; McGrath, N; Zaba, B; Fine, P E M","We describe the development of the HIV epidemic in Karonga District, Malawi over 22 years using data from population surveys and community samples. These data are used to estimate the trend in HIV prevalence, incidence and need for antiretroviral treatment (ART) using a simple mathematical model. HIV prevalence rose quickly in the late 1980s and early 1990s, stabilizing at around 12% in the mid-1990s. Estimated annual HIV incidence rose quickly, peaking in the early 1990s at 2.2% among males and 3.1% among females, and then levelled off at 1.3% among males and 1.1% among females by the late 1990s. Assuming a 2-year eligibility period, both our model and the UNAIDS models predicted 2.1% of adults were in need of ART in 2005. This prediction was sensitive to the assumed eligibility period, ranging from 1.6% to 2.6% if the eligibility period was instead assumed to be 1.5 or 2.5 years, respectively.",2007,,Epidemiology and infection,135,6,922-32,,10.1017/S0950268806007680,,#919,White 2007,Nancy Tahmo (2025-05-03 11:38:31)(Select): Author affiliation; ,""
Optimal COVID-19 testing strategy on limited resources,Tatsuki O.; Naoki H.; Igarashi Y.,"The last three years have been spent combating COVID-19, and governments have been seeking optimal solutions to minimize the negative impacts on societies. Although two types of testing have been performed for this-follow-up testing for those who had close contact with infected individuals and mass-testing of those with symptoms-the allocation of resources has been controversial. Mathematical models such as the susceptible, infectious, exposed, recovered, and dead (SEIRD) model have been developed to predict the spread of infection. However, these models do not consider the effects of testing characteristics and resource limitations. To determine the optimal testing strategy, we developed a testing-SEIRD model that depends on testing characteristics and limited resources. In this model, people who test positive are admitted to the hospital based on capacity and medical resources. Using this model, we examined the infection spread depending on the ratio of follow-up and mass-testing. The simulations demonstrated that the infection dynamics exhibit an all-or-none response as infection expands or extinguishes. Optimal and worst follow-up and mass-testing combinations were determined depending on the total resources and cost ratio of the two types of testing. Furthermore, we demonstrated that the cumulative deaths varied significantly by hundreds to thousands of times depending on the testing strategy, which is encouraging for policymakers. Therefore, our model might provide guidelines for testing strategies in the cases of recently emerging infectious diseases.Copyright The copyright holder for this preprint is the author/funder, who has granted medRxiv a license to display the preprint in perpetuity. It is made available under a CC-BY-NC-ND 4.0 International license.",2021,,medRxiv,,"(Tatsuki) Department of Pharmacoepidemiology, Graduate School of Medicine and Public Health, Kyoto University, Yoshidakonoecho, Sakyo, Kyoto, Japan(Tatsuki) Department of Anesthesiology and Pain Clinic, Juntendo University Shizuoka Hospital, Shizuoka, Izu",,2015038991,10.1101/2021.08.31.21262868,,#934,Tatsuki 2021,"",""
Design of effective outpatient sentinel surveillance for COVID-19 decision-making: A modeling study,Toh K.B.; Runge M.; Richardson R.A.K.; Hladish T.J.; Gerardin J.,"Background: Decision-makers impose COVID-19 mitigations based on public health indicators such as reported cases, which are sensitive to fluctuations in supply and demand for diagnostic testing, and hospital admissions, which lag infections by up to two weeks. Imposing mitigations too early has unnecessary economic costs, while imposing too late leads to uncontrolled epidemics with unnecessary cases and deaths. Sentinel surveillance of recently-symptomatic individuals in outpatient testing sites may overcome biases and lags in conventional indicators, but the minimal outpatient sentinel surveillance system needed for reliable trend estimation remains unknown. Method(s): We used a stochastic, compartmental transmission model to evaluate the performance of various surveillance indicators at reliably triggering an alarm in response to, but not before, a step increase in transmission of SARS-CoV-2. The surveillance indicators included hospital admissions, hospital occupancy, and sentinel cases with varying levels of sampling effort capturing 5, 10, 20, 50 or 100% of incident mild cases. We tested 3 levels of transmission increase, 3 population sizes, and condition of either simultaneous transmission increase, or lagged increase in older population. We compared the indicators' performance at triggering alarm soon after, but not prior, to the transmission increase. Result(s): Compared to surveillance based on hospital admissions, outpatient sentinel surveillance that captured at least 20% of incident mild cases could trigger alarm 2 to 5 days earlier for a mild increase in transmission and 6 days earlier for moderate or strong increase. Sentinel surveillance triggered fewer false alarms and averted more deaths per day spent in mitigation. When transmission increase in older populations lagged increase in younger populations by 14 days, sentinel surveillance extended its lead time over hospital admissions by an additional 2 days. Conclusion(s): Sentinel surveillance of mild symptomatic cases can provide more timely and reliable information on changes in transmission to inform decision-makers in an epidemic like COVID-19.Copyright The copyright holder for this preprint is the author/funder, who has granted medRxiv a license to display the preprint in perpetuity. It is made available under a CC-BY-NC-ND 4.0 International license.",2022,,medRxiv,,"(Toh, Runge, Gerardin) Department of Preventive Medicine and Robert J. Havey, MD Institute for Global Health, Northwestern University, Feinberg School of Medicine, Chicago, IL, United States(Richardson) Department of Chemical and Biological Engineering, N",,2021043860,10.1101/2022.10.21.22281330,,#935,Toh 2022,"",""
Modelling optimal vaccination strategies against Covid-19 in a context of Gamma variant predominance in Brazil,Ferreira L.S.; de Almeida G.B.; Borges M.E.; Simon L.M.; Poloni S.; Bagattini A.M.; da Rosa M.Q.M.; Filho J.A.F.D.; de Souza Kuchenbecker R.; Camey S.A.; Kraenkel R.A.; Coutinho R.M.; Toscano C.M.,"Brazil experienced moments of collapse in its health system throughout 2021, driven by a timid initial vaccination strategy against Covid-19, combined with the emergence of variants of interest (VOC). Mathematical modelling has been used to subsidize decision-makers in public health planning. Considering the vaccine products available, effectiveness estimates, the emergence of Gamma as the predominant VOC circulating in 2021, and national estimated doses available for the next several months, we developed a Markov-chain mathematical modelling approach to evaluate optimal strategies for Covid-19 vaccination in Brazil in terms of Covid deaths averted. Our main findings are that in order to reach higher vaccination impact in Brazil, Covid-19 immunization strategies should include recovering vaccination coverage rates in high-risk groups reaching higher coverage; expanding vaccination to younger age groups should be considered only after ensuring at least 80% coverage in older age groups; reducing the interval between doses of AZD1222 from 12 to 8 weeks. We also demonstrate that the latter is only feasible if accompanied by an increase in vaccine supply of at least 50% in the next six month period.Copyright The copyright holder for this preprint is the author/funder, who has granted medRxiv a license to display the preprint in perpetuity. It is made available under a CC-BY-ND 4.0 International license.",2021,,medRxiv,,"(Ferreira, Poloni, Kraenkel) Sao Paulo State University (UNESP), Institute for Theoretical Physics, Brazil(Ferreira, Borges, Poloni, Filho, Kraenkel, Coutinho) Observatorio Covid-19 BR(de Almeida) Sao Paulo State University (UNESP), Infectious Diseases De",,2015874243,10.1101/2021.11.19.21266590,,#945,Ferreira 2021,"",""
COVID-19 Hotspot Mapping and Prediction in Aizawl District of Mizoram: a Hotspot and SEIR Model-Based Analysis,"Biswas, B.; Das, K.; Saikia, D.; Chouhan, P.","The COVID-19 virus rapidly expanded worldwide and infected people from most of the countries (215) within a span of three months. The virus did not spare even the remote geographical areas, including the remote regions of India’s hilly north-eastern states. According to the Ministry of Health and Family Welfare (MoHFW, GoI), report 2021, the recovery rate of the Aizawl district was very low, but the positivity rate was high during the second wave of this pandemic, compared to the national average. Hence, the present work is aimed at analysing the spatial pattern of COVID-19 in Mizoram through hotspot analysis and forecasting the trend of coronavirus spread using the susceptible-exposed-infected-removed (SEIR) model. To show the clustering pattern of COVID-19 in Aizawl we used Getis-Ords Gi* statistic. The Getis-Ords Gi* statistic defines a cluster of values that are higher or lower than expected by chance giving the output as a z score.Getis-Ords Gi* statistic, also known as “hotspots” and “coldspots”, identify the clustering pattern of high and low values in a spatial distribution.To perform the Getis-Ords Gi* statistic the authors used the monthly average of COVID-19 data for the study period.During the study done between September 2021 and March 2022, hotspot analysis identified the city areas as hotspot zones, while the periphery of city limits was identified as coldspot zones. The forecast was made for 45 days (from July 27th to September 10th, 2022). An ROC curve has been used to validate the prediction result. The area under the curve (AUC) is 76.71%, signifying the validation of the prediction. This research will assist policymakers and the government in developing health management policies to mitigate the effects of a future pandemic. © Indian Statistical Institute 2023.",2024,,Sankhya A,86,1,1-26,,10.1007/s13171-023-00312-y,,#1040,Biswas 2024,Nancy Tahmo (2025-04-26 07:41:24)(Select): Acknowledgment section; ,""
Professors and Practitioners: Assessing the Impact of COVID-19 in the State of Oklahoma with and Without Residents of Long-Term Care Facilities,"Taylor, J.; McCann, M.; Chakraborty, G.; Krutz, G.; Dvorak, J.; Wendelboe, A.","Objectives: Our analysis, which began as a request from the Oklahoma Governor for useable analysis for state decision making, seeks to predict statewide COVID-19 spread through a variety of lenses, including with and without long-term care facilities (LTCFs), accounting for rural/urban differences, and considering the impact of state government regulations of the citizenry on disease spread. Methods: We utilize a deterministic susceptible exposed infectious resistant (SEIR) model designed to fit observed fatalities, hospitalizations, and ICU beds for the state of Oklahoma with a particular focus on the role of the rural/urban nature of the state and the impact that COVID-19 cases in LTCFs played in the outbreak. Results: The model provides a reasonable fit for the observed data on new cases, deaths, and hospitalizations. Moreover, removing LTCF cases from the analysis sharpens the analysis of the population in general, showing a more gradual increase in cases at the start of the pandemic and a steeper increase when the second surge occurred. Conclusions: We anticipate that this procedure could be helpful to policymakers in other states or municipalities now and in the future. © 2020 by the Southwestern Social Science Association",2021,,Soc. Sci. Q.,102,1,17-28,,10.1111/ssqu.12895,,#1104,Taylor 2021,"",""
"Modeling the Impact of the COVID-19 Pandemic on First Nations, Metis, and Inuit Communities: Some Considerations","Lavoie, J.G.; Romanescu, R.G.; Katz, A.; Nickel, N.","Objectives: This article articulates the complexity of modeling in First Nations, Metis, and Inuit contexts by providing the results of a modeling exercise completed at the request of the First Nations Health and Social Secretariat of Manitoba. Methods: We developed a model using the impact of a previous pandemic (the 2009 H1N1) to generate estimates. Results: The lack of readily available data has resulted in a model that assumes homogeneity of communities in terms of health status, behaviour, and infrastructure limitations. While homogeneity may be a reasonable assumption for province-wide planning, First Nation communities and Tribal Councils require more precise information in order to plan effectively. Metis and urban Inuit communities, in contrast, have access to much less information, making the role of Indigenous organizations mandated to serve the needs of these populations that much more difficult.Conclusion: For many years, Indigenous organizations have advocated for the need to have access to current and precise data to meet their needs. The COVID-19 pandemic demonstrates the importance of timely and accurate community-based data to support pandemic responses. © 2020. International Indigenous Policy Journal. All Rights Reserved.",2020,,Int. Indig. Policy J.,11,3,1-8,,10.18584/iipj.2020.11.3.10733,,#1111,Lavoie 2020,"",""
Using a real-world network to model localized COVID-19 control strategies,"Firth, J.A.; Hellewell, J.; Klepac, P.; Kissler, S.; Jit, M.; Atkins, K.E.; Clifford, S.; Villabona-Arenas, C.J.; Meakin, S.R.; Diamond, C.; Bosse, N.I.; Munday, J.D.; Prem, K.; Foss, A.M.; Nightingale, E.S.; Zandvoort, K.; Davies, N.G.; Gibbs, H.P.; Medley, G.; Gimma, A.; Flasche, S.; Simons, D.; Auzenbergs, M.; Russell, T.W.; Quilty, B.J.; Rees, E.M.; Leclerc, Q.J.; Edmunds, W.J.; Funk, S.; Houben, R.M.G.J.; Knight, G.M.; Abbott, S.; Sun, F.Y.; Lowe, R.; Tully, D.C.; Procter, S.R.; Jarvis, C.I.; Endo, A.; O’Reilly, K.; Emery, J.C.; Jombart, T.; Rosello, A.; Deol, A.K.; Quaife, M.; Hué, S.; Liu, Y.; Eggo, R.M.; Pearson, C.A.B.; Kucharski, A.J.; Spurgin, L.G.","Case isolation and contact tracing can contribute to the control of COVID-19 outbreaks1,2. However, it remains unclear how real-world social networks could influence the effectiveness and efficiency of such approaches. To address this issue, we simulated control strategies for SARS-CoV-2 transmission in a real-world social network generated from high-resolution GPS data that were gathered in the course of a citizen-science experiment3,4. We found that tracing the contacts of contacts reduced the size of simulated outbreaks more than tracing of only contacts, but this strategy also resulted in almost half of the local population being quarantined at a single point in time. Testing and releasing non-infectious individuals from quarantine led to increases in outbreak size, suggesting that contact tracing and quarantine might be most effective as a ‘local lockdown’ strategy when contact rates are high. Finally, we estimated that combining physical distancing with contact tracing could enable epidemic control while reducing the number of quarantined individuals. Our findings suggest that targeted tracing and quarantine strategies would be most efficient when combined with other control measures such as physical distancing. © 2020, The Author(s), under exclusive licence to Springer Nature America, Inc.",2020,,Nat. Med.,26,10,1616-1622,,10.1038/s41591-020-1036-8,,#1112,Firth 2020,"",""
An epidemiological forecast model and software assessing interventions on the COVID-19 epidemic in China,"Wang, L.; Zhou, Y.; He, J.; Zhu, B.; Wang, F.; Tang, L.; Kleinsasser, M.; Barker, D.; Eisenberg, M.C.; Song, P.X.K.","We develop a health informatics toolbox that enables timely analysis and evaluation of the timecourse dynamics of a range of infectious disease epidemics. As a case study, we examine the novel coronavirus (COVID-19) epidemic using the publicly available data from the China CDC. This toolbox is built upon a hierarchical epidemiological model in which two observed time series of daily proportions of infected and removed cases are generated from the underlying infection dynamics governed by a Markov Susceptible-Infectious-Removed (SIR) infectious disease process. We extend the SIR model to incorporate various types of time-varying quarantine protocols, including government-level 'macro' isolation policies and community-level 'micro' social distancing (e.g. self-isolation and self-quarantine) measures. We develop a calibration procedure for underreported infected cases. This toolbox provides forecasts, in both online and offline forms, as well as simulating the overall dynamics of the epidemic. An R software package is made available for the public, and examples on the use of this software are illustrated. Some possible extensions of our novel epidemiological models are discussed. © 2020 Center for Applied Statistics, School of Statistics, Renmin University of China. All rights reserved.",2020,,J. Data Sci.,18,3,409-432,,10.6339/JDS.202007_18(3).0003,,#1114,Wang 2020,Nancy Tahmo (2025-04-30 05:20:16)(Select): Software tool; ,""
Vaccine prioritization for effective pandemic response,"Lee, E.K.; Yuan, F.; Pietz, F.H.; Benecke, B.A.; Burel, G.","Public health experts agree that the best strategy to contain a pandemic, where vaccination is the prophylactic treatment but vaccine supply is limited, is to give higher priority to higher-risk populations. We derive a mathematical decision framework to track the effectiveness of prioritized vaccination through the course of a pandemic. Our approach couples a disease-propagation model with a vaccine queueing model and an optimization engine to determine optimal prioritized coverage in a mixed-vaccination strategy. This demonstrably minimizes infection and mortality. Given estimated outbreak characteristics, vaccine inventory levels, and individual risk factors, the study reveals an optimal coverage for the high-risk group that results in the lowest overall attack and mortality rates. This knowledge is critical to public health policy makers for determining the best strategies for population protection. This becomes particularly important in determining when to switch from a prioritized strategy emphasizing high-risk groups to a nonprioritized strategy in which the vaccine becomes available publicly. Our analysis highlights the importance of uninterrupted vaccine supply. Although the 2009 H1N1 supply, received in interrupted batches, eventually covered over 30 percent of the population, the resulting attack and mortality rates are significantly inferior to those in a scenario where only 20 percent of the population is covered with an uninterrupted supply. We also learned that early vaccination is important. Contrasting the 2009 H1N1 supply to a 10 percent uninterrupted supply, a three-week delay in vaccination reduces the 9.9 percent infection reduction of the former to a mere 0.9 percent. The optimal trigger for switching from prioritized to nonprioritized vaccination is sensitive to infectivity and vulnerability of the high-risk groups. Our study further underscores the importance of throughput efficiency in dispensing and its effects on the overall attack and mortality rates. The more transmissible the virus is, the lower the threshold for switching to nonprioritized vaccination. Our model, which can be generalized, allows the incorporation of seasonality and virus mutation of the biological agents. The system empowers policy makers to make the right decisions at the appropriate time to save more lives, better utilize limited resources, and reduce the health-service burden during a pandemic event. © 2015 INFORMS.",2015,,Interfaces,45,5,425-443,,10.1287/inte.2015.0814,,#1131,Lee 2015,"",""
"Modeling the effect of water, sanitation, and hygiene and oral cholera vaccine implementation in Haiti","Fung, I.C.-H.; Fitter, D.L.; Borse, R.H.; Meltzer, M.I.; Tappero, J.W.","In 2010, toxigenic Vibrio cholerae was newly introduced to Haiti. Because resources are limited, decisionmakers need to understand the effect of different preventive interventions. We built a static model to estimate the potential number of cholera cases averted through improvements in coverage in water, sanitation and hygiene (WASH) (i.e., latrines, point-of-use chlorination, and piped water), oral cholera vaccine (OCV), or a combination of both. We allowed indirect effects and non-linear relationships between effect and population coverage. Because there are limited incidence data for endemic cholera in Haiti, we estimated the incidence of cholera over 20 years in Haiti by using data from Malawi. Over the next two decades, scalable WASH interventions could avert 57,949-78,567 cholera cases, OCV could avert 38,569-77,636 cases, and interventions that combined WASH and OCV could avert 71,586-88,974 cases. Rate of implementation is the most influential variable, and combined approaches maximized the effect. Copyright © 2013 by The American Society of Tropical Medicine and Hygiene.",2013,,Am. J. Trop. Med. Hyg.,89,4,633-640,,10.4269/ajtmh.13-0201,,#1132,Fung 2013,Nancy Tahmo (2025-05-01 08:53:06)(Select): CDC; ,""
Controlling Dengue with Vaccines in Thailand,"Chao, D.L.; Halstead, S.B.; Halloran, M.E.; Longini, I.M.","Background: Dengue is a mosquito-borne infectious disease that constitutes a growing global threat with the habitat expansion of its vectors Aedes aegyti and A. albopictus and increasing urbanization. With no effective treatment and limited success of vector control, dengue vaccines constitute the best control measure for the foreseeable future. With four interacting dengue serotypes, the development of an effective vaccine has been a challenge. Several dengue vaccine candidates are currently being tested in clinical trials. Before the widespread introduction of a new dengue vaccine, one needs to consider how best to use limited supplies of vaccine given the complex dengue transmission dynamics and the immunological interaction among the four dengue serotypes. Methodology/Principal Findings: We developed an individual-level (including both humans and mosquitoes), stochastic simulation model for dengue transmission and control in a semi-rural area in Thailand. We calibrated the model to dengue serotype-specific infection, illness and hospitalization data from Thailand. Our simulations show that a realistic roll-out plan, starting with young children then covering progressively older individuals in following seasons, could reduce local transmission of dengue to low levels. Simulations indicate that this strategy could avert about 7,700 uncomplicated dengue fever cases and 220 dengue hospitalizations per 100,000 people at risk over a ten-year period. Conclusions/Significance: Vaccination will have an important role in controlling dengue. According to our modeling results, children should be prioritized to receive vaccine, but adults will also need to be vaccinated if one wants to reduce community-wide dengue transmission to low levels. © 2012 Chao et al.",2012,,PLoS. Negl. Trop. Dis.,6,10,,,10.1371/journal.pntd.0001876,,#1136,Chao 2012,Nancy Tahmo (2025-05-20 14:13:37)(Select): acknowledgement; ,""
Temporal factors in school closure policy for mitigating the spread of influenza,"Zhang, T.; Fu, X.; Kwoh, C.K.; Xiao, G.; Wong, L.; Ma, S.; Soh, H.; Lee, G.K.K.; Hung, T.; Lees, M.","Is school closure effective in mitigating influenza outbreaks? For Singapore, we developed an individual-based simulation model using real-life contact data. We evaluated the impacts of temporal factors- trigger threshold and duration- on the effectiveness of school closure as a mitigation policy. We found an upper bound of the duration of school closure, where further extension beyond which will not bring additional benefits to suppressing the attack rate and peak incidence. For school closure with a relatively short duration ( < 6 weeks), it is more effective to start closure after a relatively longer delay from the first day of infection; if the duration of school closure is long (> 6 weeks), however, it is better to start it as early as reasonable. Our studies reveal the critical importance of timing in school closure, especially in cost-cautious situations. Our studies also demonstrate the great potential of a properly developed individual-based simulation model in evaluating various disease control policies. © 2011 Macmillan Publishers Ltd.",2011,,J. Public Health Policy,32,2,180-197,,10.1057/jphp.2011.1,,#1137,Zhang 2011,"",""
