Title,Authors,Abstract,Published Year,Published Month,Journal,Volume,Issue,Pages,Accession Number,DOI,Ref,Covidence #,Study,Notes,Tags
"Dengue in Cebu City, Philippines: A Pilot Study of Predictive Models and Visualizations for Public Health.","Snyder, Johnny; Maglasang, Gibson","Dengue is a global health issue, particularly in the tropical and subtropical regions of the world. Prevention is the most appropriate method to fight the spread of the virus. The objective of this research is to present a model, along with visualizations, that will enable health officials and community leaders to identify when and where potential dengue outbreaks are likely to occur. Armed with this information, local resources can be adequately deployed in an effort to use limited supplies effectively. A mathematical model that uses easily obtainable data, along with visualizations for the 80 barangays of Cebu City, Philippines, is presented. Visualizations are constructed appropriate for a generalist audience to comprehend and use for dengue mitigation. Results of this study include a model that uses readily available data to predict dengue outbreaks one month in advance and visualizations appropriate for decision-makers in public health. Additional items are identified that could enhance the explanatory power of the model, and future directions are discussed.",2024,,The American journal of tropical medicine and hygiene,110,1,179-187,,10.4269/ajtmh.23-0250,,#220,Snyder 2024,Exclusion reason: Not a mathematical model; ,""
"The association between intolerance of uncertainty and depressive symptoms during COVID-19 in New York, USA.","Rafieian, Mojdeh; Skokauskas, Norbert; Cheslack-Postava, Keely; Hoven, Christina W","BACKGROUND: Coronavirus Disease 2019 (COVID-19), a highly contagious respiratory illnesses, has globally impacted mental health. This study aims to investigate the association between intolerance of uncertainty and depressive symptoms during the pandemic in New York, USA, considering COVID-19-related worries as modifiers and mediators., METHOD: 1227 participants from three ongoing cohort studies, originally centered on trauma-exposed children and adolescents, provided data via questionnaires and telephone interviews across three waves. We used multivariable logistic and linear regression models to investigate the intolerance of uncertainty-depressive symptoms relationship, while adjusting for potential confounders and assessing the modification and mediation effects of Covid-19 related worries., RESULTS: Depressive symptoms prevalence was 18 %, 12 %, and 9 % at waves 0, 1, and 2 respectively. Strong positive associations were observed between intolerance of uncertainty above the median and depressive symptoms which remained significant after adjusting for potential confounders. Odds ratios were 2.14 (95 % CI: 1.54-2.99) and 4.50 (95 % CI: 2.67-7.93) for intolerance of uncertainty-depressive symptoms association at wave 0 and 1 respectively, and 3.22 (95 % CI: 1.68-6.63) for intolerance of uncertainty at wave 1 and depressive symptoms at wave 2. There was evidence of partial mediation by worries (12-37 %), but no evidence of a moderating effect., LIMITATION: It includes study's methodology, including self-report measures, remote data collection, and uncontrolled variables like anxiety and COVID-19 perspectives., CONCLUSION: The findings emphasize the importance of evidence-based strategies for tackling intolerance of uncertainty during pandemics, particularly in managing long COVID. Collaborative efforts between policymakers and clinicians are essential in this endeavor. Copyright © 2024 The Authors. Published by Elsevier B.V. All rights reserved.",2024,,Journal of affective disorders,356,"h3v, 7906073",628-638,,10.1016/j.jad.2024.04.037,,#222,Rafieian 2024,Exclusion reason: Irrelevant study; ,""
Disease X epidemic control using a stochastic model and a deterministic approximation: Performance comparison with and without parameter uncertainties.,"Flaig, Julien; Houy, Nicolas","BACKGROUND: The spread of infectious diseases can be modeled using deterministic or stochastic models. A deterministic approximation of a stochastic model can be appropriate under some conditions, but is unable to capture the discrete nature of populations. We look into the choice of a model from the perspective of decision making., METHOD: We consider an emerging disease (Disease X) in a closed population modeled by a stochastic SIR model or its deterministic approximation. The objective of the decision maker is to minimize the cumulative number of symptomatic infected-days over the course of the epidemic by picking a vaccination policy. We consider four decision making scenarios: based on the stochastic model or the deterministic model, and with or without parameter uncertainty. We also consider different sample sizes for uncertain parameter draws and stochastic model runs. We estimate the average performance of decision making in each scenario and for each sample size., RESULTS: The model used for decision making has an influence on the picked policies. The best achievable performance is obtained with the stochastic model, knowing parameter values, and for a large sample size. For small sample sizes, the deterministic model can outperform the stochastic model due to stochastic effects. Resolving uncertainties may bring more benefit than switching to the stochastic model in our example., CONCLUSION: This article illustrates the interplay between the choice of a type of model, parameter uncertainties, and sample sizes. It points to issues to be considered when optimizing a stochastic model. Copyright © 2024 Elsevier B.V. All rights reserved.",2024,,Computer methods and programs in biomedicine,249,"doh, 8506513",108136,,10.1016/j.cmpb.2024.108136,,#223,Flaig 2024,Exclusion reason: Not an infectious disease; ,""
Source code and secondary data of the stochastic process based COVID-19 simulation model.,"Manathunga, S S; Abeyagunawardena, I A; Dharmaratne, S D","The novel coronavirus disease (COVID-19) culminated in a pandemic with many countries affected in varying stages. We aimed to develop a simulation environment for COVID-19 spread, taking environmental and social factors into account. This program consists of three main components; a stochastic process-based model for simulating epidemics, a basic reproduction number estimation unit and a graphics generator. The model can take a variety of environmental factors as input and simulate expected behaviours of the infection spread, enabling policymakers and the scientific community to test the effects of different mitigation strategies in a sandbox. Copyright © 2022 The Author(s).",2022,,Software impacts,12,101779103,100284,,10.1016/j.simpa.2022.100284,,#240,Manathunga 2022,Exclusion reason: No knowledge user participation; ,""
Socio-demographic and health factors drive the epidemic progression and should guide vaccination strategies for best COVID-19 containment.,"Markovic, Rene; Sterk, Marko; Marhl, Marko; Perc, Matjaz; Gosak, Marko","We propose and study an epidemiological model on a social network that takes into account heterogeneity of the population and different vaccination strategies. In particular, we study how the COVID-19 epidemics evolves and how it is contained by different vaccination scenarios by taking into account data showing that older people, as well as individuals with comorbidities and poor metabolic health, and people coming from economically depressed areas with lower quality of life in general, are more likely to develop severe COVID-19 symptoms, and quicker loss of immunity and are therefore more prone to reinfection. Our results reveal that the structure and the spatial arrangement of subpopulations are important epidemiological determinants. In a healthier society the disease spreads more rapidly but the consequences are less disastrous as in a society with more prevalent chronic comorbidities. If individuals with poor health are segregated within one community, the epidemic outcome is less favorable. Moreover, we show that, contrary to currently widely adopted vaccination policies, prioritizing elderly and other higher-risk groups is beneficial only if the supply of vaccine is high. If, however, the vaccination availability is limited, and if the demographic distribution across the social network is homogeneous, better epidemic outcomes are achieved if healthy people are vaccinated first. Only when higher-risk groups are segregated, like in elderly homes, their prioritization will lead to lower COVID-19 related deaths. Accordingly, young and healthy individuals should view vaccine uptake as not only protecting them, but perhaps even more so protecting the more vulnerable socio-demographic groups. Copyright © 2021 The Author(s).",2021,,Results in physics,26,101731363,104433,,10.1016/j.rinp.2021.104433,,#242,Markovic 2021,Exclusion reason: No specific population; ,""
Socioeconomic determinants of COVID-19 in Asian countries: An empirical analysis.,"Varkey, Rittu S; Joy, Justin; Sarmah, Gargee; Panda, Prasant K","The spread of coronavirus disease, 2019, has affected several countries in the world including Asian countries. The occurrences of COVID infections are uneven across countries and the same is determined by socioeconomic situations prevailing in the countries besides the preparedness and management. The paper is an attempt to empirically examine the socioeconomic determinants of the occurrence of COVID in Asian countries considering the data as of June 18, 2020, for 42 Asian countries. A multiple regression analysis in a cross-sectional framework is specified and ordinary least square (OLS) technique with heteroscedasticity corrected robust standard error is employed to obtain regression coefficients. Explanatory variables that are highly collinear have been dropped from the analysis. The findings of the study show a positive significant association of per capita gross national income and net migration with the incidence of total COVID-19 cases and daily new cases. The size of net migration emerged to be a potential factor and positive in determining the total and new cases of COVID. Social capital as measured by voters' turnout ratio (VTR) in order to indicate the people's participation is found to be significant and negative for daily new cases per million population. People's participation has played a very important role in checking the incidence of COVID cases and its spread. In alternate models, countries having high incidence of poverty are also having higher cases of COVID. Though the countries having higher percentage of aged populations are more prone to be affected by the spread of virus, but the sign of the coefficient of this variable for Asian country is not in the expected line. Previous year health expenditure and diabetic prevalence rate are not significant in the analysis. Therefore, people-centric plan and making people more participatory and responsive in adhering to the social distancing norms in public and workplace and adopting preventive measures need to be focused on COVID management strategies. The countries having larger net migration and poverty ratio need to evolve comprehensive and inclusive strategies for testing, tracing, and massive awareness for sanitary practices, social distancing, and following government regulation for management of COVID-19, besides appropriate food security measures and free provision of sanitary kits for vulnerable section. Copyright © 2020 John Wiley & Sons Ltd.",2021,,Journal of public affairs,21,4,e2532,,10.1002/pa.2532,,#244,Varkey 2021,Exclusion reason: Not a mathematical model; ,""
A SEIARQ model combine with Logistic to predict COVID-19 within small-world networks.,"Liu, Qinghua; Yuan, Siyu; Wang, Xinsheng","Since the COVID-19 epidemic, mathematical and simulation models have been extensively utilized to forecast the virus's progress. In order to more accurately describe the actual circumstance surrounding the asymptomatic transmission of COVID-19 in urban areas, this research proposes a model called Susceptible-Exposure-Infected-Asymptomatic-Recovered-Quarantine in a small-world network. In addition, we coupled the epidemic model with the Logistic growth model to simplify the process of setting model parameters. The model was assessed through experiments and comparisons. Simulation results were analyzed to explore the main factors affecting the spread of the epidemic, and statistical analysis that was applied to assess the model's accuracy. The results are consistent well with epidemic data from Shanghai, China in 2022. The model can not only replicate the real virus transmission data, but also anticipate the development trend of the epidemic based on available data, so that health policy-makers can better understand the spread of the epidemic.",2023,,Mathematical biosciences and engineering : MBE,20,2,4006-4017,,10.3934/mbe.2023187,,#245,Liu 2023,Exclusion reason: No knowledge user participation; ,""
Targeted preventive vaccination campaigns to reduce Ebola outbreaks: An individual-based modeling study.,"Bisanzio, Donal; Davis, Ashley E; Talbird, Sandra E; Van Effelterre, Thierry; Metz, Laurent; Gaudig, Maren; Mathieu, Valerie Oriol; Brogan, Anita J","INTRODUCTION: Nonpharmaceutical interventions (NPI) and ring vaccination (i.e., vaccination that primarily targets contacts and contacts of contacts of Ebola cases) are currently used to reduce the spread of Ebola during outbreaks. Because these measures are typically initiated after an outbreak is declared, they are limited by real-time implementation challenges. Preventive vaccination may provide a complementary option to help protect communities against unpredictable outbreaks. This study aimed to assess the impact of preventive vaccination strategies when implemented in conjunction with NPI and ring vaccination., METHODS: A spatial-explicit, individual-based model (IBM) that accounts for heterogeneity of human contact, human movement, and timing of interventions was built to represent Ebola transmission in the Democratic Republic of the Congo. Simulated preventive vaccination strategies targeted healthcare workers (HCW), frontline workers (FW), and the general population (GP) with varying levels of coverage (lower coverage: 30% of HCW/FW, 5% of GP; higher coverage: 60% of HCW/FW, 10% of GP) and efficacy (lower efficacy: 60%; higher efficacy: 90%)., RESULTS: The IBM estimated that the addition of preventive vaccination for HCW reduced cases, hospitalizations, and deaths by ~11 % to ~25 % compared with NPI + ring vaccination alone. Including HCW and FW in the preventive vaccination campaign yielded ~14 % to ~38 % improvements in epidemic outcomes. Further including the GP yielded the greatest improvements, with ~21 % to ~52 % reductions in epidemic outcomes compared with NPI + ring vaccination alone. In a scenario without ring vaccination, preventive vaccination reduced cases, hospitalizations, and deaths by ~28 % to ~59 % compared with NPI alone. In all scenarios, preventive vaccination reduced Ebola transmission particularly during the initial phases of the epidemic, resulting in flatter epidemic curves., CONCLUSIONS: The IBM showed that preventive vaccination may reduce Ebola cases, hospitalizations, and deaths, thus safeguarding the healthcare system and providing more time to implement additional interventions during an outbreak. Copyright © 2022 Elsevier Ltd. All rights reserved.",2023,,Vaccine,41,3,684-693,,10.1016/j.vaccine.2022.11.036,,#247,Bisanzio 2023,Exclusion reason: No knowledge user participation; ,""
Impact of implementation timing on the effectiveness of stay-at-home requirement under the COVID-19 pandemic: Lessons from the Italian Case.,"Mingolla, Stefano; Lu, Zhongming","When a new infectious outbreak emerges, governments must initially rely on non-pharmaceutical interventions (NPIs) to mitigate the impact of the pathogen. Although a strict stay-at-home requirement (i.e., lockdown) presents high effectiveness in reducing patients hospitalized in intensive care units (ICUs), it comes with unintended physical, psychological, and economic damages for the citizens. Using how Italy managed the COVID-19 outbreak from February to September 2020 on a national basis, this study aims at understanding the impact of implementation timing on the effectiveness of NPIs. Our findings may be helpful to avoid the implementation of stay-at-home requirements when it is not strictly necessary. A compartmental SEICRD model was developed to create the baseline scenario without NPIs. Generalized Poisson regressions were applied to study the change in effectiveness over-time of NPIs on Avoided ICUs for each one of the Italian regions. Our study suggests that although the stay-at-home requirement is the most effective measure in reducing ICU hospitalizations in regions encountering the outbreak early, its effectiveness decreases in regions encountering the outbreak later, where a set of other NPIs are more effective. We developed a reference of daily new cases when lockdown should be implemented or avoided, accordingly. Our findings could be useful to support policymakers in contrasting the pandemic and in limiting the societal and economic impact of stringent NPIs. Copyright © 2022 Elsevier B.V. All rights reserved.",2022,,"Health policy (Amsterdam, Netherlands)",126,6,504-511,,10.1016/j.healthpol.2022.04.001,,#256,Mingolla 2022,Exclusion reason: No knowledge user participation; ,""
"The role of prison-based interventions for hepatitis C virus (HCV) micro-elimination among people who inject drugs in Montreal, Canada.","Godin, Arnaud; Kronfli, Nadine; Cox, Joseph; Alary, Michel; Maheu-Giroux, Mathieu","BACKGROUND: In Canada, hepatitis C virus (HCV) transmission primarily occurs among people who inject drugs (PWID) and people with experience in the prison system bare a disproportionate disease burden. These overlapping groups of individuals have been identified as priority populations for HCV micro-elimination in Canada, which is currently not on track to achieve its elimination targets. Considering the missed opportunities to intervene in provincial prisons, this study aims to estimate the population-level impact of prison-based interventions and post-release risk reduction strategies on HCV transmission among PWID in Montreal, a Canadian city with high HCV burden., METHODS: A dynamic HCV transmission model among PWID was developed and calibrated to community and prison bio-behavioural surveys in Montreal. Then, the relative impact of prison-based testing and treatment or post-release linkage to care (both 90% testing and 75% treatment coverage), alone or in combination with strategies that reduce the heightened post-release transmission risk by 50%, was estimated from 2018 to 2030, and compared to counterfactual scenarios., RESULTS: Prison-based test-and-treat strategies could lead to the greatest declines in incidence (48%; 95%CrI: 38-57%) over 2018-2030 and prevent the most new first chronic infections (22%; 95%CrI: 16-28%) among people never exposed to HCV. Prison testing and post-release linkage to care lead to a slightly lower decrease in incidence and prevented fraction of new chronic infections. Combining test-and-treat with risk reduction measures could further its epidemiological impact, preventing 35% (95%CrI: 29-40%) of new first chronic infections. When implemented concomitantly with community-based treatment scale-up, prison-based interventions had synergistic effects, averting a higher fraction of new first chronic infections., CONCLUSION: Offering HCV testing and treatment in provincial prisons, where incarcerations are frequent and sentences short, could change the course of the HCV epidemic in Montreal. Prison-based interventions with potential integration of post-release risk reduction measures should be considered as an integral part of HCV micro-elimination strategies in this setting. Copyright © 2020 Elsevier B.V. All rights reserved.",2021,,The International journal on drug policy,88,9014759,102738,,10.1016/j.drugpo.2020.102738,,#270,Godin 2021,Exclusion reason: No knowledge user participation; ,""
"Fangcang shelter hospitals during the COVID-19 epidemic, Wuhan, China.","Li, Juan; Yuan, Pei; Heffernan, Jane; Zheng, Tingting; Ogden, Nick; Sander, Beate; Li, Jun; Li, Qi; Belair, Jacques; Kong, Jude Dzevela; Aruffo, Elena; Tan, Yi; Jin, Zhen; Yu, Yong; Fan, Meng; Cui, Jingan; Teng, Zhidong; Zhu, Huaiping","OBJECTIVE: To design models of the spread of coronavirus disease-2019 (COVID-19) in Wuhan and the effect of Fangcang shelter hospitals (rapidly-built temporary hospitals) on the control of the epidemic., METHODS: We used data on daily reported confirmed cases of COVID-19, recovered cases and deaths from the official website of the Wuhan Municipal Health Commission to build compartmental models for three phases of the COVID-19 epidemic. We incorporated the hospital-bed capacity of both designated and Fangcang shelter hospitals. We used the models to assess the success of the strategy adopted in Wuhan to control the COVID-19 epidemic., FINDINGS: Based on the 13 348 Fangcang shelter hospitals beds used in practice, our models show that if the Fangcang shelter hospitals had been opened on 6 February (a day after their actual opening), the total number of COVID-19 cases would have reached 7 413 798 (instead of 50 844) with 1 396 017 deaths (instead of 5003), and the epidemic would have lasted for 179 days (instead of 71)., CONCLUSION: While the designated hospitals saved lives of patients with severe COVID-19, it was the increased hospital-bed capacity of the large number of Fangcang shelter hospitals that helped slow and eventually stop the COVID-19 epidemic in Wuhan. Given the current global pandemic of COVID-19, our study suggests that increasing hospital-bed capacity, especially through temporary hospitals such as Fangcang shelter hospitals, to isolate groups of people with mild symptoms within an affected region could help curb and eventually stop COVID-19 outbreaks in communities where effective household isolation is not possible. Copyright (c) 2020 The authors; licensee World Health Organization.",2020,,Bulletin of the World Health Organization,98,12,830-841D,,10.2471/BLT.20.258152,,#274,Li 2020,Exclusion reason: No knowledge user participation; ,""
"Studies of the Transmission Dynamics, Mathematical Model Development and the Control of Schistosome Parasites by Mass Drug Administration in Human Communities.","Anderson, R M; Turner, H C; Farrell, S H; Truscott, J E","Schistosomiasis is global in extent within developing countries, but more than 90% of the at-risk population lives in sub-Saharan Africa. In total, 261 million people are estimated to require preventive treatment. However, with increasing drug availability through donation, the World Health Organization has set a goal of increasing coverage to 75% of at-risk children in endemic countries and elimination in some regions. In this chapter, we discuss key biological and epidemiological processes involved in the schistosome transmission cycle and review the history of modelling schistosomiasis and the impact of mass drug administration, including both deterministic and stochastic approaches. In particular, we look at the potential impact of the WHO 2020 schistosomiasis treatment goals. Copyright © 2016 Elsevier Ltd. All rights reserved.",2016,,Advances in parasitology,94,"2oc, 0370435",199-246,,10.1016/bs.apar.2016.06.003,,#284,Anderson 2016,Exclusion reason: Irrelevant study; ,""
"Transmissibility of tuberculosis among school contacts: an outbreak investigation in a boarding middle school, China.","Ma, Mai-Juan; Yang, Yang; Wang, Hai-Bin; Zhu, Yi-Fan; Fang, Li-Qun; An, Xiao-Ping; Wan, Kang-Lin; Whalen, Christopher C; Yang, Xiao-Xian; Lauzardo, Michael; Zhang, Zhi-Yi; Cao, Jin-Feng; Tong, Yi-Gang; Dai, Er-Hei; Cao, Wu-Chun","Tuberculosis (TB) outbreak occurred in a boarding middle school of China. We explored its probable sources and quantified the transmissibility and pathogenicity of TB. Clinical evaluation, tuberculin skin testing and chest radiography were conducted to identify TB cases. Mycobacterium tuberculosis isolates underwent genotyping analysis to identify the outbreak source. A chain-binomial transmission model was used to evaluate transmissibility and pathogenicity of TB. A total of 46 active cases were ascertained among 258 students and 15 teachers/staff, an attack rate of 16.8%. Genetic analyses revealed two groups of M. tuberculosis cocirculating during the outbreak and possible importation from local communities. Secondary attack rates among students were 4.1% (2.9%, 5.3%) within grade and 7.9% (4.9%, 11%) within class. An active TB case was estimated to infect 8.4 (7.2, 9.6) susceptible people on average. The smear-positive cases were 28 (8, 101) times as infective as smear-negative cases. Previous BCG vaccination could reduce the probability of developing symptoms after infection by 70% (1.4%, 91%). The integration of clinical evaluation, genetic sequencing, and statistical modeling greatly enhanced our understanding of TB transmission dynamics. Timely diagnosis of smear-positive cases, especially in the early phase of the outbreak, is the key to preventing further spread among close contacts. Copyright © 2015 Elsevier B.V. All rights reserved.",2015,,"Infection, genetics and evolution : journal of molecular epidemiology and evolutionary genetics in infectious diseases",32,101084138,148-55,,10.1016/j.meegid.2015.03.001,,#287,Ma 2015,Exclusion reason: Not a mathematical model; ,""
Are major reductions in new HIV infections possible with people who inject drugs? The case for low dead-space syringes in highly affected countries.,"Zule, William A; Cross, Harry E; Stover, John; Pretorius, Carel","Circumstantial evidence from laboratory studies, mathematical models, ecological studies and bio behavioural surveys, suggests that injection-related HIV epidemics may be averted or reversed if people who inject drugs (PWID) switch from using high dead-space to using low dead-space syringes. In laboratory experiments that simulated the injection process and rinsing with water, low dead space syringes retained 1000 times less blood than high dead space syringes. In mathematical models, switching PWID from high dead space to low dead space syringes prevents or reverses injection-related HIV epidemics. No one knows if such an intervention is feasible or what effect it would have on HIV transmission among PWID. Feasibility studies and randomized controlled trials (RCTs) will be needed to answer these questions definitively, but these studies will be very expensive and take years to complete. Rather than waiting for them to be completed, we argue for an approach similar to that used with needle and syringe programs (NSP), which were promoted and implemented before being tested more rigorously. Before implementation, rapid assessments that involve PWID will need to be conducted to ensure buy-in from PWID and other local stakeholders. This commentary summarizes the existing evidence regarding the protective effects of low dead space syringes and estimates potential impacts on HIV transmission; it describes potential barriers to transitioning PWID from high dead space to low dead space needles and syringes; and it presents strategies for overcoming these barriers. Copyright © 2012 Elsevier B.V. All rights reserved.",2013,,The International journal on drug policy,24,1,1-7,,10.1016/j.drugpo.2012.07.002,,#295,Zule 2013,Exclusion reason: Review; ,""
"Campus quarantine (Fengxiao) for curbing emergent infectious diseases: lessons from mitigating  A/H1N1 in Xi'an, China.","Tang, Sanyi; Xiao, Yanni; Yuan, Lin; Cheke, Robert A; Wu, Jianhong","During the 2009 A/H1N1 influenza pandemic, very strict interventions including campus quarantine (Fengxiao) (restrictions on the movements of university personnel) were taken in mainland China to slow down the initial spread of the disease from the university network to a wider community. The decision for implementation and/or relaxation of Fengxiao depends on the assessment of the level of infection within the university network compared with that in the wider community and on the degree of interruption of normal academic activities and the associated social/economic costs. However, the most important consideration influencing the decision is whether the initiation and termination of Fengxiao can alter the pattern of disease spread in the entire community for effective prevention and control of the emerging disease. Here we formulate and analyze a dynamic model to evaluate the effectiveness of Fengxiao as a social distance measure for curbing the outbreak in major cities of China. Using data from the initial laboratory-confirmed cases admitted to the 8th Hospital of Xi'an (the capital city of the Shaanxi Province), we estimated the reproduction number for the period under consideration in the range 1.273-1.784 and concluded that the population's mobility, combined with the suspension of the Fengxiao strategy, was a key factor contributing to a subsequent epidemic wave. Fengxiao in China is a reversal of the usual strategy of school closures adopted in many other countries, but the lessons learnt from it may be useful for disease management in other countries where restrictions on the movements across a facility boundary and close monitoring of the infection within the facility are feasible in the long term. Copyright © 2011 Elsevier Ltd. All rights reserved.",2012,,Journal of theoretical biology,295,"k8n, 0376342",47-58,,10.1016/j.jtbi.2011.10.035,,#296,Tang 2012,Exclusion reason: No knowledge user participation; ,""
Model-based estimation of vaccine effects from community vaccine trials.,"Longini, Ira M Jr; Halloran, M Elizabeth; Nizam, Azhar","Community vaccine trials are becoming increasingly important to assess both the direct and indirect community level effects of vaccination. In this paper, we present statistical methods to analyse such trials, using a design with several matched pairs of communities. The communities are matched on similarities in infection transmission as reflected through the basic reproduction number. Two methods of analysis are presented and compared. The first is simple empirical estimation of vaccine effects. Summary measures of these effects are constructed by reciprocal variance weighted averages across the community pairs. The second is likelihood-based where we derive a mixed effects epidemic model. This model takes the intercommunity variability into account through a random effect on the basic reproduction number. With this model, we derive a distribution-free estimator for the variance of the random effect. We use simulated epidemics to explore the performance of the two estimation methods for different numbers of community pairs and different levels of inter-pair variability. Both methods provide acceptable estimates in terms of bias and precision under reasonable conditions. Although the empirical approach involves fewer assumptions than the model-based approach, the resulting vaccine effectiveness estimates are only applicable to the vaccination fraction tested in the trial. In contrast, the model-based approach can be used to predict the vaccine effectiveness at vaccination fractions other than those used in the trial. Thus, it can be used as a public health policy tool for predicting the community level effects of vaccination. We demonstrate such use by predicting total vaccine effectiveness for the whole range of vaccination fractions. Copyright 2002 John Wiley & Sons, Ltd.",2002,,Statistics in medicine,21,4,481-95,,10.1002/sim.994,,#310,Longini 2002,Exclusion reason: Irrelevant study; ,""
Predicting the impact of non-pharmaceutical interventions against COVID-19 on Mycoplasma pneumoniae in the United States,Park S.W.; Noble B.; Howerton E.; Nielsen B.F.; Jiudice S.S.; Ambroggio L.; Dominguez S.; Messacar K.; Grenfell B.T.,"The introduction of non-pharmaceutical interventions (NPIs) against COVID-19 disrupted circulation of many respiratory pathogens and eventually caused large, delayed outbreaks, owing to the build up of the susceptible pool during the intervention period. In contrast to other common respiratory pathogens that re-emerged soon after the NPIs were lifted, longer delays (> 3 years) in the outbreaks of Mycoplasma pneumoniae (Mp), a bacterium commonly responsible for respiratory infections and pneumonia, have been reported in Europe and Asia. As Mp cases are continuing to increase in the US, predicting the size of an imminent outbreak is timely for public health agencies and decision makers. Here, we use simple mathematical models to provide robust predictions about a large upcoming Mp outbreak in the US. Our model further illustrates that NPIs and waning immunity are important factors in driving long delays in epidemic resurgence.Copyright The copyright holder for this preprint is the author/funder, who has granted medRxiv a license to display the preprint in perpetuity. It is made available under a CC-BY-NC-ND 4.0 International license.",2024,,medRxiv,,"(Park, Howerton, Grenfell) Department of Ecology and Evolutionary Biology, Princeton University, Princeton, NJ, United States(Park) Department of Ecology and Evolution, University of Chicago, Chicago, IL, United States(Noble, Jiudice) bioMerieux, Salt Lak",,2034444835,10.1101/2024.08.19.24312254,,#312,Park 2024,Exclusion reason: No knowledge user participation; ,""
Unifying human infectious disease models and real-time awareness of population- and subpopulation-level intervention effectiveness,Seibel R.L.; Tildesley M.J.; Hill E.M.,"Background. During infectious disease outbreaks, humans often base their decision to adhere to an intervention strategy on their personal opinion towards the intervention, perceived risk of infection and intervention effectiveness. However, due to data limitations and inference challenges, infectious disease models usually omit variables that may impact an individual's decision to get vaccinated and their awareness of the intervention's effectiveness of disease control within their social contacts as well as the overall population. Methods. We constructed a compartmental, deterministic Susceptible-Exposed-Infectious-Recovered (SEIR) disease model that includes a behavioural function with parameters influencing intervention uptake. The behavioural function accounted for an initial subpopulation opinion towards an intervention, their outbreak information sensitivity and the extent they are swayed by the real-time intervention effectiveness information (at a subpopulation- and population-level). Applying the model to vaccination uptake and three human pathogens - pandemic influenza, SARS-CoV-2 and Ebola virus - we explored through model simulation how these intervention adherence decision parameters and behavioural heterogeneity in the population impacted epidemiological outcomes. Results. From our model simulations we found that differences in preference towards outbreak information were pathogen-specific. Therefore, in some pathogen systems, outbreak information types at different outbreak stages may be more informative to an information-sensitive population and lead to less severe epidemic outcomes. In both behaviourally-homogeneous and behaviourally-heterogeneous populations, pandemic influenza showed patterns distinct from SARS-CoV-2 and Ebola for cumulative epidemiological metrics of interest. Furthermore, there was notable sensitivity in outbreak size under different assumptions regarding the population split in behavioural traits. Outbreak information preference was sensitive to vaccine efficacy, which demonstrates the importance of considering human behaviour during outbreaks in the context of the perceived effectiveness of the intervention. Implications. Incorporating behavioural functions that modify infection control intervention adherence into epidemiological models can aid our understanding of adherence dynamics during outbreaks. Ultimately, by parameterising models with what we know about human behaviour towards vaccination (and other infection control interventions) adherence, such models can help assist decision makers during outbreaks. Such progress will be particularly important for emerging infectious diseases when there is initially little information on the disease dynamics and intervention effectiveness.Copyright The copyright holder for this preprint is the author/funder, who has granted medRxiv a license to display the preprint in perpetuity. It is made available under a CC-BY 4.0 International license.",2024,,medRxiv,,"(Seibel) EPSRC and MRC Centre for Doctoral Training in Mathematics for Real-World Systems, Mathematics Institute, University of Warwick, Coventry, United Kingdom(Seibel, Tildesley, Hill) Zeeman Institute for Systems Biology and Infectious Disease Epidemio",,2030219654,10.1101/2024.01.17.24301344,,#313,Seibel 2024,Exclusion reason: Preprint; ,""
SHIVIR - An Agent-Based Model to assess the transmission of COVID-19 in India,Narassima M.S.; John D.; Anbuudayasankar S.P.; Jammy G.R.; Pant R.; Choudhury L.,"Background COVID-19 has tormented the global health and economy like no other event in the recent past. Researchers and policymakers have been working strenuously to end the pandemic completely. Methodology/ Principal Findings Infectious disease dynamics could be well-explained at an individual level with established contact networks and disease models that represent the behaviour of the infection. Hence, an Agent-Based Model, SHIVIR (Susceptible, Infected, Admitted, ICU, Ventilator, Recovered, Immune) that can assess the transmission dynamics of COVID-19 and the effects of Non-Pharmaceutical Interventions (NPI) was developed. Two models were developed using to test the synthetic populations of Rangareddy, a district in Telangana state, and the state itself respectively. NPI such as lockdowns, masks, and social distancing along with the effect of post-recovery immunity were tested across scenarios. The actual and forecast curves were plotted till the unlock phase began in India. The Mean Absolute Percentage Error of scenario MD100I180 was 6.41 percent while those of 3 other scenarios were around 10 percent each. Since the model anticipated lifting of lockdowns that would increase the contact rate proportionately, the forecasts exceeded the actual estimates. Some possible reasons for the difference are discussed. Conclusions Models like SHIVIR that employ a bottom-up Agent-Based Modelling are more suitable to investigate various aspects of infectious diseases owing to their ability to hold details of each individual in the population. Also, the scalability and reproducibility of the model allow modifications to variables, disease model, agent attributes, etc. to provide localized estimates across different places.Copyright The copyright holder for this preprint is the author/funder, who has granted medRxiv a license to display the preprint in perpetuity. It is made available under a CC-BY 4.0 International license.",2022,,medRxiv,,"(Narassima) Academics, Great Lakes Institute of Management, Tamil Nadu, Chennai, India(John) Department of Public Health, Ramaiah University of Applied Sciences, Karnataka, Bengaluru, India(Anbuudayasankar) Department of Mechanical Engineering, Amrita Sch",,2018694739,10.1101/2022.05.26.22275624,,#314,Narassima 2022,Exclusion reason: Preprint; ,""
"A compartmental deterministic epidemiological model with non-linear differential equations for analyzing the co-infection dynamics between COVID-19, HIV, and Monkeypox diseases",Odiba Peace O.; Acheneje Godwin O.; Bolaji B.,"One of the realities of the COVID-19 worldwide pandemic is the occurrence of infected individuals with COVID-19 and two other diseases, Monkeypox and HIV. This study presents a compartmental deterministic epidemiological model with non-linear differential equations to study the transmission dynamics of the co-infection of the three diseases. Rigorous analysis of the model shows that the disease-free equilibrium was locally and globally asymptotically stable when the associated reproduction number of the diseases was not up to unity, showing that the spread of the diseases and their co-circulation can be effectively controlled in this circumstance. Real-life data about the diseases are collated and fitted to the model through which values of key parameters of the model were estimated. These parameters' values were used to carry out numerical simulations of the model using MATLAB and validate the qualitative results obtained earlier from the model. The numerical simulation of the model was used to explore the interactions and dynamics resulting from the co-infection of COVID-19, HIV, and Monkeypox in humans, including the reciprocal impacts of each of the diseases on the other two, their patterns of coexistence and their effects on the host. We developed a tool to help predict the co-infection of the three diseases. Through the insights gained in this study, recommendations were made to policymakers in the healthcare sector on how to combat effectively and adequately the co-infection of the three diseases in the human population and mitigate their disease burden.Copyright © 2024 The Author(s)",2024,,Healthcare Analytics,5,"(Odiba Peace, Acheneje Godwin, Bolaji) Department of Mathematical Sciences, Prince Abubakar Audu University, Anyigba, Nigeria(Odiba Peace, Acheneje Godwin, Bolaji) Laboratory of Mathematical Epidemiology and Applied Sciences, Prince Abubakar Audu Universi",100311,2031175296,10.1016/j.health.2024.100311,,#323,OdibaPeace 2024,Exclusion reason: No knowledge user participation; ,""
An optimization model with simulation for optimal regional allocation of COVID-19 vaccines,Pino R.; Mendoza V.M.; Enriquez E.A.; Velasco A.C.; Mendoza R.,"In response to the coronavirus disease 2019 (COVID-19) pandemic, the allocation of vaccines has become a crucial undertaking, particularly in the Philippines. The efficient distribution of vaccines across different regions remains vital. In this study, we present an approach to determine the optimal allocation of COVID-19 vaccines in the Philippines, leveraging actual data on the supply of vaccines per region for different brands. A notable advantage of our work, compared to existing models, is the comprehensive consideration of crucial factors, including vaccine effectiveness, waning immunity, various age groups, population data, and weekly vaccination rates. We formulate a linear programming model with the objective of minimizing both the primary and breakthrough infections. Several constraints are incorporated into the model, including vaccine supply, the size of the eligible population, weekly vaccination rates, and the interval between vaccine doses set by the Philippine government. Our findings show that prioritizing the pediatric population (aged 5 to 11) for the primary vaccination series within the initial three months is vital. Administering first booster shots to those aged 12 and older during this period is also recommended. Numerical results indicate a preference for highly effective vaccine brands in regions with a high COVID-19 incidence proportion. Conversely, vaccines with lower effectiveness are suitable for primary doses in regions with low COVID-19 cases. This research provides an analytical approach in addressing the complexities of COVID-19 vaccine distribution and allocation. It offers essential guidance to policymakers in the Philippines, enhancing population protection, and contributing to economic recovery.Copyright © 2023 The Author(s)",2023,,Healthcare Analytics,4,"(Pino, Mendoza, Enriquez, Velasco, Mendoza) Institute of Mathematics, University of the Philippines Diliman, Quezon City, Philippines",100244,2026573771,10.1016/j.health.2023.100244,,#325,Pino 2023,Exclusion reason: Not a mathematical model; ,""
System mapping with adolescents: Using group model building to map the complexity of obesity,Savona N.; Brown A.; Macauley T.; Aguiar A.; Hayward J.; Ayuandini S.; Habron J.; Grewal N.K.; Luszczynska A.; Mendes S.; Klepp K.-I.; Rutter H.; Allender S.; Knai C.,"Public health research and practice is increasingly employing systems thinking to help grapple with complex issues, from obesity to HIV treatment. At the same time, there is growing recognition that to address a given problem it is essential collaborate with those most at risk of or affected by it. Group model building (GMB), a process grounded in system dynamics, combines systems thinking and participatory methods to structure and address complex issues. As part of the CO-CREATE project we conducted GMB sessions with young people in six countries to create causal loop diagrams showing the factors that they believe drive obesity. This paper describes the background to GMB and the process we used to construct causal loop diagrams; it discusses how GMB contributed to generating noteworthy and useful findings, and the strengths and limitations of the method. Using GMB, we identified areas of concern to adolescents in relation to obesity that have so far had little attention in obesity research and policy: mental health and online activity. In using GMB, we also helped answer calls for a more participatory approach to youth involvement in research and policy development.Copyright © 2022 The Authors. Obesity Reviews published by John Wiley & Sons Ltd on behalf of World Obesity Federation.",2023,,Obesity Reviews,24,S1,e13506,2020187660,10.1111/obr.13506,,#329,Savona 2023,Exclusion reason: Not an infectious disease; ,""
Investigating the association between mass transit adoption and COVID-19 infections in US metropolitan areas,Thomas M.M.; Mohammadi N.; Taylor J.E.,"Urbanization introduces the threat of increased epidemic disease transmission resulting from crowding on mass transit. The coronavirus disease 2019 (COVID-19) pandemic, which has directly led to over 600,000 deaths in the US as of July 2021, triggered mass social distancing policies to be enacted as a key deterrent of widespread infections. Social distancing can be challenging in confined spaces required for transportation such as mass transit systems. Little is published regarding the degree to which mass transit system adoption effects impacted the rise of the COVID-19 pandemic in urban centers. Taking an ecological approach where areal data are the unit of observation, this national-scale study aims to measure the association between the adoption of mass transit and COVID-19 spread through confirmed cases in US metropolitan areas. National survey-based transit adoption measures are entered in negative binomial regression models to evaluate differences between areas. The model results demonstrate that mass transit adoption in US metropolitan areas was associated with the magnitude of outbreaks. Higher incidence of COVID-19 early in the pandemic was associated with survey results conveying higher transit use. Increasing weekly bus transit usage in metropolitan statistical areas by one scaled unit was associated with a 1.38 [95% CI: (1.25, 1.90)] times increase in incidence rate of COVID-19; a one scaled unit increase in weekly train transit usage was associated with an increase in incidence rate of 1.54 [95% CI: (1.42, 2.07)] times. These conclusions should inform early action practices in urban centers with busy transit systems in the event of future infectious disease outbreaks. Deeper understanding of these observed associations may also benefit modeling efforts by allowing researchers to include mathematical adjustments or better explain caveats to results when communicating with decision makers and the public in the crucial early stages of an epidemic.Copyright © 2021 Elsevier B.V.",2022,,Science of the Total Environment,811,"(Thomas, Mohammadi, Taylor) School of Civil and Environmental Engineering, Georgia Institute of Technology, 790 Atlantic Dr NW, Atlanta, GA 30332, United States",152284,2016014976,10.1016/j.scitotenv.2021.152284,,#330,Thomas 2022,Exclusion reason: Not a mathematical model; ,""
The effect of systematic screening of the general population on TB case notification rates,Telisinghe L.; Shaweno D.; Hayes R.J.; Dodd P.J.; Ayles H.M.,"BACKGROUND: Understanding how TB case notification rates (TB-CNR) change with TB screening and their association with underlying TB incidence/prevalence could inform how they are best used to monitor screening impact. METHODS : We undertook a systematic review to identify articles published between 1 January 1980 and 13 April 2020 on TB-CNR trends associated with TB screening in the general-population. Using a simple compartmental TB transmission model, we modelled TB-CNRs, incidence and prevalence dynamics during 5 years of screening. RESULT S : Of 27,282 articles, seven before/after studies were eligible. Two involved population-wide screening, while five used targeted screening. The data suggest screening was associated with initial increases in TBCNRs. Increases were greatest with population-wide screening, where screening identified a large proportion of notified people with TB. Only one study reported on sustained screening; TB-CNR trendswere compatiblewith model simulations. Model simulations always showed a peak in TB-CNRs with screening. Following the peak, TBCNRs declined but were typically sustained above baseline during the intervention. Incidence and prevalence decreased during the intervention; the relative decline in incidence was smaller than the decline in prevalence. CONCLUS IONS : Published data on TB-CNR trends with TB screening are limited. These data are needed to identify generalisable patterns and enable method development for inferring underlying TB incidence/ prevalence from TB-CNR trends.Copyright © 2021 International Union against Tubercul. and Lung Dis.. All rights reserved.",2021,,International Journal of Tuberculosis and Lung Disease,25,12,964-973,2016043902,10.5588/ijtld.21.0328,,#331,Telisinghe 2021,Exclusion reason: No specific population; ,""
Impact of combination HIV prevention in Zimbabwe: A multidistrict transmission model,Hontelez J.A.; Taramusi I.; Shambira G.; Bakker R.; Bulstra C.; Cowan F.; Matsinde G.; Matthijsse S.M.; Rui C.M.; Steen R.; Mhangara M.; Mpofu A.; De Vlas S.,"Background: The Zimbabwean HIV epidemic is generalized, and heterogeneous at the district level. Combination HIV prevention (CHP) has been rolled out in Zimbabwe over the past decades, including antiretroviral therapy (ART), voluntary male medical circumcision (VMMC), prevention of mother to child transmission, behavior change programmes, and condom distribution. Evaluating the impact of these programs on the HIV epidemic is important to improve intervention planning. Method(s): Together with local policy makers and stakeholders, we developed a multidistrict, individual based HIV transmission model that simulates dynamic interactions between districts to accurately represent transmission dynamics, and quantified it using Zimbabwean demographic, epidemiological, and behavioral data. We used this model to evaluate the impact and costeffectiveness of CHP in Zimbabwe over the period 2011 - 2015. This period was chosen as it encapsulates the national HIV strategic plan, and because the two large-scale population based surveys were conducted at the end of that period. We also estimate the future impact of alternative strategies. Result(s): We simulated the Zimbabwean HIV epidemic over 4 different districts, representative of rural, urban, mining, and commercial farming districts, and were able to reproduce district specific and national census data, sexual behavior in key and general populations, and HIV prevalence and incidence. We show that CHP in Zimbabwe over the period 2011 - 2015 prevented an estimated total of 90 thousand new infections, at 2259 US$ per infection averted (table). Interventions were most cost-effective in urban districts, and least cost-effective in rural districts. Importantly, our model closely reproduced national HIV incidence estimates in 2015 without specifically tuning to these data, serving as an important validation of our unique approach, and shows that we managed to closely reproduce the effects of CHP on incidence. Conclusion(s): We have shown that CHP in 2011-2015 in Zimbabwe was highly cost-effective, even over the short period of implementation. Our approach in modeling a geospatially dynamic representation of the Zimbabwean HIV epidemic proved successful, and could be a valuable to further understand underlying transmission dynamics, and in turn optimize location specific resource allocation, allowing for the dynamic spillover effects of these interventions to other areas. Further expanding these tools could help policy makers in Zimbabwe and other countries to develop efficient and effective strategies to end AIDS by 2030. (Table Presented) .",2020,,Topics in Antiviral Medicine,28,1,428,633780334,,,#334,Hontelez 2020,Exclusion reason: Not a mathematical model; ,""
School-based antimalaria interventions efficiently reduce community-level plasmodium falciparum prevalence in a high-transmission setting: A mathematical modeling study,Buchwald A.G.; Coalson J.E.; Cohee L.M.; Wilson M.L.; Hungerford L.L.; Taylor T.E.; Laufer M.K.,"Global antimalaria scale-up has significantly decreased malaria morbidity and mortality in many regions of the world. However, countries with the highest Plasmodium falciparum transmission have seen the slowest declines in malaria disease incidence and infection prevalence. In Malawi, uptake of antimalaria interventions is high among groups with the highest burden of disease (pregnant women and under-five children). Most P. falciparum infections, however, occur in school-aged children (5- 15 years old) and prevention efforts have not been effective at reducing infection prevalence among this group. School-aged children are also less likely to receive anti-P. falciparum treatment, as many school-aged children's infections are asymptomatic. By targeting this highly-infected group, school-based interventions may be a cost-effective approach to reduce population-level transmission. We used a differential equationbased, deterministic, compartmental simulation model to evaluate how school-based interventions might affect community-level P. falciparum prevalence compared to current strategies (targeting pregnant women and under-five children) or community-based application of mass drug administrations (MDA) and mass screen-and-treat (MST) programs. The model, which accounted for asymptomatic infections, was fit to data from cross-sectional surveillance and longitudinal cohort studies in southern Malawi. We aimed to achieve a 50% decrease in community malaria prevalence while minimizing the number, frequency, and coverage of treatment campaigns as well as minimizing the number of individuals treated. The decrease in community infection prevalence was greatest when interventions were distributed randomly throughout the community. However, school-based interventions led to greater decreases in prevalence than MDA or MST targeting under-five children and pregnant women. While school-based interventions may not produce the greatest decrease in community infection prevalence, their comparative efficiency and potential cost-effectiveness may make them a better strategy for future malaria control programs.",2018,,American Journal of Tropical Medicine and Hygiene,99,4 Supplement,444,627539598,,,#336,Buchwald 2018,Exclusion reason: Conference/meeting abstract; ,""
Understanding and preventing the HCV epidemic among men who have sex with men in the UK: A mathematical modelling analysis,Martin N.K.; Hickman M.; Nelson M.; Thornton A.; Sabin C.; Lattimore S.; Martin T.C.S.; Cooke G.S.; Delpech V.; Ruf M.; Price H.; Thomson E.C.; Vickerman P.,"Background and Aims: There is an emerging hepatitis C virus (HCV) epidemic among HIV-positive men who have sex with men (MSM). Recent UK reports indicate declines in primary and reinfection HCV incidence, despite an expanding epidemic. We use a mathematical model to understand potential drivers of recent incidence declines and predict the impact of HCV prevention interventions, including HCV interferon-free direct acting antivirals (DAAs). Method(s): A dynamic deterministic HCV transmission and treatment model among HIV-positive MSM was developed and calibrated to UK data on HCV Ab+ seroprevalence (2004-2011, UK Collaborative HIV Cohort [UK CHIC]), primary incidence (2002- 2012, Public Health England), and rates of reinfection (2005 and 2011, Chelsea and Westminster Hospital cohort). Based on data, we model HCV treatment rates of 39%/22% treated within 1 year of an acute/chronic diagnosis, respectively, and 1-6%/yr thereafter (UK CHIC). We assume historic interferon-based SVR rates of 80%/40% in the acute/chronic stage, respectively, and 90% with DAAs from 2015. The model was used to understand observed declines in incidence and project the epidemic with: (a) current levels of risk and treatment (status quo), (b) double treatment rates, (c) double treatment and halved risk from 2015 (combination prevention), and (d) no treatment or historic risk reduction (counterfactual). Result(s): Recent declines in primary incidence and reinfection rates suggest a 70% reduction in transmission risk from 2008- 2012, with model projections indicating this will result in HCV Ab+ seroprevalence plateauing at 9% and a slight fall in chronic RNA+ prevalence to 7% among HIV+ MSM by 2025 (Figure 1a,b). Without HCV treatment or risk reductions, seroprevalence could have been 12% in 2014, rising to 14% by 2025. Doubling HCV treatment could reduce chronic prevalence from 8% to 6% over a decade, with incidence and chronic prevalence a relative 12% less than the status quo in 2025 (Figure 1b,c). Combination prevention could reduce chronic prevalence by over a third (to 5%, a quarter lower than the status quo in 2025) and reduce primary and reinfection incidence by 55-60% by 2025 (Figure 1a-d). Conclusion(s): Past treatment and risk reductions in the last 6 years may have averted an expanding HCV epidemic among HIV+ MSM in the UK. Combination prevention including HCV treatment and behavioural interventions could halve incidence within a decade. Further research should identify high risk individuals to focus intervention strategies for maximum impact.",2015,,Journal of Hepatology,62,SUPPL. 2,S843,71938000,,,#341,Martin 2015,Exclusion reason: Conference/meeting abstract; ,""
Visualizing the effect of needle exchange program scaleup in the Russian Federation: Findings from our webbased modeling tool,Goodell A.; Malekinejad M.; Mirzazadeh A.; Harris B.; Marseille E.; Kahn J.,"Background: Despite progress made in halting the global HIV epidemic, new infections among injection drug users (IDU) in Eastern Europe and Central Asia are increasing, and accounted for 10% of all new HIV infections globally in 2010. With 1.8 million IDUs, the Russian Federation (RF) alone contributed to 70% of these infections. Despite ample evidence on effectiveness of needle exchange programs (NEP), the RF is not actively promoting their development. Our project aims to assess the potential health and cost benefits of scaling-up of NEPs in the RF using our advanced modeling tool. Structure/Method/Design: Using standard systematic review methods, we searched and screened studies assessing the direct and indirect effect of NEP on HIV-related outcomes globally. We extracted outcome data from eligible studies, transformed them to standard metric of relative risk reduction (RRR), and calculated summary measures using the random-effects meta-regression model. We developed and calibrated a Markovestate mathematical model to capture the dynamics of the HIV epidemic in the RF and transformed it into our user-friendly, interactive, web-based tool entitled ""Global Health Decisions Policy Explorer."" Results (Scientific Abstract)/Collaborative Partners (Programmatic Abstract): Our meta-analysis revealed that NEP attendance is associated with a 57% (52% to 62%) reduction in needle sharing in IDUs. Using this and other data in our model, we estimate that increasing the coverage of NEPs from 6% to 10% of IDUs in the RF will prevent 11,830 HIV infections and 3369 AIDS-related deaths over the next 20 years for approximately $39 million. Scale-up of programs to reach 25% or 50% of IDUs would avert 70,000 or 164,000 infections, respectively, and 20,000 and 46,000 deaths when compared with the baseline scenario for the cost of $233 million and $557 million. Summary/Conclusion: Resource allocation and governance needs to rely on sound evidence that is easy to use. Our project suggests that large gains in HIV prevention can be made in the Russian Federation through scale-up of NEPs.",2014,,Annals of Global Health,80,3,216-217,71820493,,,#343,Goodell 2014,Exclusion reason: Conference/meeting abstract; ,""
The macro-economic impact of reducing malaria: An application of a dynamic general equilibrium modelling to ghana,Yerushalmi E.; Hunt P.E.; Hoorens S.; Sauboin C.; Smith R.D.,"OBJECTIVES: Cross-country regressions have been used to assess the relationship between malaria and economic growth. However, more detailed estimates of the broad economic impact of malaria interventions targeting children i.e. impact at household level and per region are relevant to donors and policymakers. Therefore, we simulate the impact of reducing malaria morbidity and mortality on the Ghanaian economy utilising a micro-based approach. METHOD(S): A multi-sector, multi-agent, dynamic-computable-general-equilibrium (DCGE) model is developed and linked with health models that estimate: (1) regional demographics with cohort-component projections for fertility, mortality, migration, and urbanization; (2) labour indices for production and productivity of parents with sick children or adults affected by malaria during childhood. We leave out any additional effects (tourism spending, foreign investment, etc.). The model is calibrated to Ghana, with households disaggregated by five epidemiological malaria regions, urbanrural divide, and income level quintiles. Hypothetical intervention scenarios are simulated reducing malaria prevalence by 50%, for children <5years with varying degrees of coverage. RESULT(S): Average yearly GDP would rise by 0.8% above baseline. Due to regional heterogeneity in labour resources, preferences, and malaria prevalence, the income-benefit per child covered by the intervention ranges between $1-$14, $5-$50 and $66-$540 (2007 US Prices) with national averages of $8, $34 and $300 at y1, y15 and y25 respectively. We also find that malaria prevention contributes more to income and consumption in high prevalence regions, and slows down the rise in income inequalities under the limitation that the model does not include the informal sector. CONCLUSION(S): Investing in malaria prevention in children can have an observable impact on the wider economy and may contribute to poverty reduction. We contribute with: (1) a public economics approach to analysing malaria impact on economic growth (2) viewing effects at national, regional, and income level dimension; (3) a suitable method for other diseases.",2012,,Value in Health,15,7,A400,70916637,10.1016/j.jval.2012.08.1149,,#347,Yerushalmi 2012,Exclusion reason: Conference/meeting abstract; ,""
Pandemic influenza: A laboratory testing model,Baldovin C.; Minnings K.; Majury A.; Evans G.; Day T.,"Objective: Laboratory diagnosis of influenza is fundamental to the detection, treatment, containment and surveillance of influenza virus. In order to aid in pandemic planning, we developed a mathematical model aimed at predicting the number of laboratory test requests anticipated in the event of an influenza pandemic. Method(s): Currently, most estimates for the magnitude of a pandemic outbreak (and the resulting number of laboratory test requests that will transpire) come from a spreadsheet calculation called FluAid, which has been developed by researchers at the US CDC. Our model extended this approach by explicitly providing a dynamical accounting of the spread of influenza through a community. This allows us to predict the resulting time course of the pandemic that can be expected, in addition to its total size. Result(s): Although there remains considerable analysis to be done before we can reliably use this model to make sound predictions, we have already managed to draw out some important qualitative information. First, the circulation duration (i.e., the average amount of time an infected individual remains in circulation in the general population) and the attack rate are the two most important factors governing the number of test requests to be expected, and the timing of these requests over the course of a pandemic. All else equal (i.e., for a fixed total outbreak size) a short circulation duration leads to a sharp peak in test requests over a short period of time. A higher attack rate also tends to produce a slightly sharper peak in test requests, but its primary effect is to increase the overall outbreak size (and thus the total number of test requests). Conclusion(s): We are currently developing this model further by introducing more realistic transmission patterns among infected individuals, and by validating the model against available data on both seasonal and past pandemic flu outbreaks. Preliminary results suggest that, not only is the average time that an individual remains in circulation important, but so is the distribution of times around this average. Most previous models implicitly assume that this circulation time follows an exponential distribution, but the available data appear to be inconsistent with this assumption. Our future modeling efforts are therefore aimed at exploring the consequences of other, more realistic, distributions, with the goal of being able to better predict past observations.",2009,,International Journal of Antimicrobial Agents,34,Suppl. 2,S109,70141234,,,#348,Baldovin 2009,Exclusion reason: Conference/meeting abstract; ,""
Mathematical modelling and the control of lymphatic filariasis,Michael E.; Malecela-Lazaro M.N.; Simonsen P.E.; Pedersen E.M.; Barker G.; Kumar A.; Kazura J.W.,"The current global initiative to eliminate lymphatic filariasis represents one of the largest mass drug administration programmes ever conceived for the control of a parasitic disease. Yet, it is still not known whether the WHO-recommended primary strategy of applying annual single-dose mass chemotherapy with a combination of two drugs for 4-6 years will effectively break parasite transmission from all endemic communities. Here we review recent work on the development and application of a deterministic mathematical model of filariasis transmission, to show how models of parasite transmission will help resolve the key currently debated questions regarding the ultimate effectiveness of the global strategy to control filariasis. These critical questions include the required duration of mass treatment in different endemic areas, the optimal drug coverage required to meet control targets within prescribed timeframes, the impact and importance of adding vector control to mass chemotherapy regimens, and the likelihood of the development of drug resistance by treated worm populations. The results demonstrate the vital role that integrating these models into control programming can have in providing effective decision-support frameworks for undertaking the optimal design and monitoring of regional and global filariasis-control programmes. Operationally, the models show that the effectiveness of the strategy to achieve filariasis control will be determined by successfully addressing two key factors: the need to maintain high community treatment coverages, and the need to include vector control measures especially in areas of high endemicity.",2004,,Lancet Infectious Diseases,4,4,223-234,38407305,10.1016/S1473-3099%2804%2900973-9,,#349,Michael 2004,Exclusion reason: Review; ,""
"Data-driven modeling of impact of differential efficacy of covid-19 vaccines in two socio-economically contrasting cities: New york, usa and bogotá, colombia","Martínez-Salinas, E.J.; Arunachalam, V.; Seibel, C.; Huang, Y.; Reisman, J.; Kgosimore, M.; Mubayi, A.; Seshaiyer, P.","In an effort to curb the spread of COVID-19, various types of vaccines, including mRNA, viral vectors, and traditional ones, were globally approved and implemented. However, the distribution of vaccines in each country became a critical and determining factor in the disease’s evolution. The present study aims to understand the differential impact of the different available vaccine types on disease burden. A proposed mathematical model considers multiple vaccines in a community to analyze the dynamics of COVID-19 transmission in two socioeconomically diverse regions. Secondary incidence data for the cities of Bogotá, Colombia, and New York, USA, from March 2020 to December 2021 were used to estimate vaccine-related parameters and actual transmission rates. The results suggest that although New York has more effective vaccines, higher vaccination rates, and lower poverty rates compared to Bogotá, its disease burden was significantly higher due to higher population density and, consequently, a greater number of contacts. This indicates that while more effective vaccines are crucial to flattening the curve, social distancing measures are equally important for quickly controlling the disease if the vaccination rate is not sufficiently high. Additionally, the model successfully captures the epidemiological behaviour of transmission through the use of vaccines, calculating the basic reproductive number in different scenarios and estimating the parameters of the proposed model. © 2024, Rev. Colomb. Estad. All rights reserved.",2024,,Rev. Colomb. Estad.,47,2,423-451,,10.15446/rce.v47n2.112805,,#353,Martínez-Salinas 2024,Exclusion reason: No knowledge user participation; ,""
Co-evolution dynamics between information and epidemic with asymmetric activity levels and community structure in time-varying multiplex networks,"Xie, X.; Huo, L.","During an epidemic outbreak, apart from individual behavior and internal factors, certain external elements typically exert a significant influence on the propagation process. This paper introduces an innovative two-layer model, denoted “unaware–aware–unaware–susceptible–infected–susceptible” (UAU-SIS) model, encompassing two dynamic processes in time-varying multiplex networks. The model considers the effects of asymmetric individual activity levels and distinct network topologies on the dynamic propagation process. Importantly, we also explore how global and local environmental stresses impact individual behavior changes. To quantify the influence of individual behavior changes on dynamic propagation, we employ the Heaviside step function. We also employ a power-law distribution to describe varying individual activity levels for each layer to characterize the influence of asymmetric individual activity levels on epidemic transmission. Using the microscopic Markov chain approach (MMCA), we establish the probabilistic transfer equation for each state and derive the epidemic outbreak threshold. Comprehensive Monte Carlo (MC) simulations were performed to validate our theoretical findings, with the results demonstrating that reducing community mobility and decreasing the threshold for behavior change can effectively delay outbreaks and limit the scale of an epidemic. The sensitivity of local environmental stresses is more capable of influencing individual behavioral decision-making. Furthermore, activity levels in the physical contact network exert a greater impact on epidemic transmission compared to those in the information diffusion layer. Notably, varying individual thresholds for behavior change result in a two-phase effect on both the epidemic outbreak threshold and its ultimate scale. Hence, this study provides actionable insights for policymakers responsible for shaping vaccination strategies and managing epidemic transmission. © 2024 Elsevier Ltd",2024,,Chaos Solitons Fractals,181,,,,10.1016/j.chaos.2024.114586,,#358,Xie 2024,Exclusion reason: No specific infectious disease; ,""
MATHEMATICAL ANALYSIS OF A METHICILLIN-RESISTANT STAPHYLOCOCCUS AUREUS MODEL IN HOSPITALS AND THE COMMUNITY,"Mushanyu, J.; Nyabadza, F.","In this paper, we study a methicillin-resistant Staphylococcus aureus epidemic model taking into ac-count both hospitals’ and the general community dynamics. The model is designed to track the long-term dynamics of methicillin-resistant Staphylococcus aureus infections. Mathematical analysis of the developed model is car-ried out. The MRSA-free equilibrium Mao and the model reproduction number R0 are established. Numerical simulations are performed using previously published data from relevant scientific literature. It is shown that both the MRSA-free equilibrium and the MRSA-persistent equilibrium are locally asymptotically stable when R0 < 1 and R0 > 1, respectively. Numerical simulations are also conducted to ascertain the effects of variations in key parameter values on specific compartments: (i) hospitalized individuals exclusively, (ii) the general community exclusively, or (iii) both hospitalized individuals and the general community concurrently. It is shown that 1% increase in the values of βh and βc corresponds to approximately 27.1% and 8.3% increase in the value of R0, respectively. On the other hand, a 0.1% increase in the values of ε and ψ, and a 0.25% increase in the value of δ corresponds to approximately 0.53%, 0.498% and 0.267% decrease in the value of R0, respectively. The find-ings suggest the need for policymakers to implement robust measures aimed at minimizing infection transmission between both infected and susceptible individuals, encompassing both nosocomial environments and the wider community. © 2024 the author(s).",2024,,Commun. Math. Biol. Neurosci.,2024,,,,10.28919/cmbn/8732,,#361,Mushanyu 2024,Exclusion reason: No specific population; ,""
COMPARATIVE ANALYSIS OF CONTROL INTERVENTIONS: SURVIVAL ANALYSIS AND INDIVIDUAL-LEVEL SIR MODEL APPROACH,"Sara, B.; Oussama, C.; Marouane, K.; Hamza, B.; Omar, Z.","This study introduces a novel approach to assess the effectiveness of two distinct control strategies, utilizing non-pharmaceutical interventions and treatment measures as exemplars. Focused on understanding infectious disease dynamics within closely-interacting communities such as the Hajj pilgrimage or summer camps, meticulous surveillance is employed to monitor infection, recovery, and vulnerability rates. Leveraging this data, a mathematical model is calibrated to precisely estimate parameters. Through numerical simulations, the impact of the two control strategies is evaluated. Results demonstrate significant reductions in infection rates with both approaches, with treatment measures exhibiting a more pronounced effect. Survival analysis underscores expedited recovery times associated with treatment, indicating its superior efficacy in containing infection spread. Statistical comparisons substantiate the practical significance of treatment interventions in enhancing survival outcomes within the studied groups. Despite inherent assumptions, this study provides valuable insights into the comparative effectiveness of diverse control measures in managing infectious diseases within communal living environments. The proposed approach offers a framework for systematic evaluation and comparison of control strategies, contributing to the development of more effective disease management protocols. © 2024 the author(s).",2024,,Commun. Math. Biol. Neurosci.,2024,,,,10.28919/cmbn/8518,,#363,Sara 2024,Exclusion reason: No specific infectious disease; ,""
Using linear regression metamodels for evaluating interventions in an individual-based influenza epidemic model,"Edali, M.","Agent-based simulation modeling is frequently used to model and simulate the spread of transmissible diseases such as influenza, COVID-19, and HIV/AIDS in communities. Besides incorporating disease-specific parameters, these models include a set of parameters to observe the effect of different intervention combinations on the course of an epidemic, bringing the opportunity to use these models as virtual laboratories for decision-making. However, these models are primarily large-scale and complex, increasing the runtime of experimentation. As a solution, metamodeling approaches are frequently employed to represent input–output relationships of simulation models. Instead of running the time-consuming agent-based model, policymakers use the metamodel to obtain predicted outcomes in a comparatively short time. In addition to time-saving advantages, metamodels can provide insights into how disease-specific and intervention parameters affect the outcome of interest. In this regard, this study uses an influenza epidemic model, FluTE, as the experimental platform. Instead of using the original agent-based model, we fit linear regression metamodels to quantify the effect of interventions, such as vaccination, quarantine, and school closure, on the influenza attack rate. After validating the metamodel, we observe that the day on which interventions start, ascertainment delay, the daily number of vaccinations administered, isolation and quarantine compliance probabilities, and the number of school closure days stand as the significant intervention policies. © 2023 Elsevier B.V.",2023,,Simul. Model. Pract. Theory,126,,,,10.1016/j.simpat.2023.102772,,#371,Edali 2023,Exclusion reason: No knowledge user participation; ,""
Planning for Mpox on a College Campus: A Model-Based Decision-Support Tool,"Savinkina, A.; Chitwood, M.; Kwon, J.; Pitzer, V.E.; Gonsalves, G.; Paltiel, A.D.","Background: In spring and summer 2022, an outbreak of mpox occurred worldwide, largely confined to men who have sex with men (MSM). There was concern that mpox could break swiftly into congregate settings and populations with high levels of regular frequent physical contact, like university campus communities. Objective: To estimate the likelihood of an mpox outbreak and the potential effect of mitigation measures in a residential college setting. Design: A stochastic dynamic SEIR (susceptible, exposed but not infectious, infectious, or recovered) model of mpox transmission in a study population was developed, composed of: a high-risk group representative of the population of MSM with a basic reproductive number (R0) of 2.4 and a low-risk group with an R0 of 0.8. Base input assumptions included an incubation time of 7.6 days and time to recovery of 21 days. Setting: U.S. residential college campus. Participants: Hypothetical cohort of 6500 students. Intervention: Isolation, quarantine, and vaccination of close contacts. Measurements: Proportion of 1000 simulations producing sustained transmission; mean cases given sustained transmission; maximum students isolated, quarantined, and vaccinated. All projections are estimated over a planning horizon of 100 days. Results: Without mitigation measures, the model estimated an 83% likelihood of sustained transmission, leading to an average of 183 cases. With detection and isolation of 20%, 50%, and 80% of cases, the average infections would fall to 117, 37, and 8, respectively. Reactive vaccination of contacts of detected cases (assuming 50% detection and isolation) reduced mean cases from 37 to 17, assuming 20 vaccinated contacts per detected case. Preemptive vaccination of 50% of the high-risk population before outbreak reduced cases from 37 to 14, assuming 50% detection and isolation. Limitation: A model is a stylized portrayal of behavior and transmission on a university campus. Conclusion: Based on our current understanding of mpox epidemiology among MSM in the United States, this model-based analysis suggests that future outbreaks of mpox on college campuses may be controlled with timely detection and isolation of symptomatic cases. © 2023 American College of Physicians. All rights reserved.",2023,,Ann. Intern. Med.,176,3,340-347,,10.7326/M22-2734,,#373,Savinkina 2023,Exclusion reason: No knowledge user participation; ,""
A mathematical model for policy of vaccinating recovered people in controlling the spread of COVID-19 outbreak,"Ihsanjaya, M.M.M.; Susyanto, N.","In this paper, we develop a mathematical model for the spread of COVID-19 outbreak, taking into account vaccination in susceptible and recovered populations. The model divides the population into eight classes, including susceptible, vaccinated in S class, exposed, infected asymptomatic, infected symptomatic, hospitalized, recovery, and vaccinated in recovered class. By applying a vaccine-distribution scenario, we investigate the impact of vaccines on the COVID-19 outbreak. After analyzing the equilibrium point and computing the basic reproduction number, we perform numerical simulation and sensitivity analysis to identify the most influential parameters and evaluate the impact of vaccine distribution on policies to control the spread of COVID-19. Our findings suggest that vaccine distribution can effectively suppress the spread of COVID-19, and increasing the v parameter (vaccine distribution) and α1 parameter (acceleration of detection of undetected infected individuals who have recovered) can help control the outbreak. Moreover, decreasing the contact between vulnerable and infected individuals can lower the β1 parameter, leading to R0 < 1, which indicates a disease-free population. This study contributes to understanding the impact of vaccination on the spread of COVID-19 and provides insights for policymakers in developing control strategies. © 2023 the Author(s), licensee AIMS Press.",2023,,AIMS Math.,8,6,14508-14521,,10.3934/math.2023741,,#375,Ihsanjaya 2023,Exclusion reason: No knowledge user participation; ,""
Stochasticity of infectious outbreaks and consequences for optimal interventions,"Morán-Tovar, R.; Gruell, H.; Klein, F.; Lässig, M.","Global strategies to contain a pandemic, such as social distancing and protective measures, are designed to reduce the overall transmission rate between individuals. Despite such measures, essential institutions, including hospitals, schools, and food producing plants, remain focal points of local outbreaks. Here we develop a model for the stochastic infection dynamics that predicts the statistics of local outbreaks from observables of the underlying global epidemics. Specifically, we predict two key outbreak characteristics: the probability of proliferation from a first infection in the local community, and the establishment size, which is the threshold size of local infection clusters where proliferation becomes likely. We derive these results using a contact network model of communities, and we show how the proliferation probability depends on the contact degree of the first infected individual. Based on this model, we suggest surveillance protocols by which individuals are tested proportionally to their degree in the contact network. We characterize the efficacy of contact-based protocols as a function of the epidemiological and the contact network parameters, and we show numerically that such protocols outperform random testing. © 2022 The Author(s). Published by IOP Publishing Ltd.",2022,,J. Phys. Math. Theor.,55,38,,,10.1088/1751-8121/ac88a6,,#378,Morán-Tovar 2022,Exclusion reason: No specific infectious disease; ,""
Fractional-order coronavirus models with vaccination strategies impacted on Saudi Arabia’s infections,"Batiha, I.M.; Al-Nana, A.A.; Albadarneh, R.B.; Ouannas, A.; Khasawneh, A.; Momani, S.","Several newly nonlinear models for describing dynamics of COVID-19 pandemic have been proposed and investigated in literature recently. In light of these models, we attempt to reveal the role of fractional calculus in describing the growth of COVID-19 dynamics implemented on Saudi Arabia’s society over 107 days; from 17 Dec 2020 to 31 March 2021. Above is achieved by operating two fractional-order differential operators, Caputo and the Caputo-Fabrizio operators, instead of the classical one. One of expanded SEIR models is utilized for achieving our purpose. With the help of using the Generalized Euler Method (GEM) and Adams-Bashforth Method (ABM), the numerical simulations are performed respectively in view of the Caputo and Caputo-Fabrizio operators. Accordance with said, the stability analysis of the two proposed fractional-order models is discussed and explored in view of obtaining the equilibrium points, determining the reproductive number (R0) and computing the elasticity indices of R0. Several numerical comparisons reveal that the fractional-order COVID-19 models proposed in this work are better than that of classical one when such comparisons are performed between them and some real data collected from Saudi Arabia’s society. This inference together with the cases predictions that could easily deduced from the proposed fractional-order models can allow primary decision makers and influencers to set the right plans and logic strategies that should be followed to face this pandemic. © 2022 the Author(s), licensee AIMS Press.",2022,,AIMS Math.,7,7,12842-12858,,10.3934/math.2022711,,#387,Batiha 2022,Exclusion reason: No knowledge user participation; ,""
The impact of the undetected COVID-19 cases on its transmission dynamics,"Saha, S.","Objective: The COVID-19 pandemic is currently ongoing. Presently, due to the unavailability of a definitive vaccine to decrease its acquiring, it’s essential to understand its transmissibility in the community by undetected cases to control its transmission. This study aims to study this context using mathematical modelling. Methods: A COVID-19 transmission model was framed that estimated the basic reproduction number R (a measurement of disease risk) using the next-generation method. It explored the contribution of exposed and infected (detected and undetected) individuals, and environmental pathogen to the overall risk of infection spreading, utilizing the publicly reported data of this infection in Maharashtra between March 22, 2020, and May 4, 2020. A sensitivity analysis was performed to study the effect of a rising number of undetected cases to R. Results: The estimated basic reproduction number is R= 4.63 , which increases rapidly with the rise in the undetected COVID-19 cases. Although the exposed individuals made the largest contribution to infection transmission (R1= 2.42), the contaminated environment also played a significant role. Conclusions: It is crucial to identify the individuals exposed and infected to COVID-19 disease and isolate them to control its transmission. The awareness of the role of fomites in infection transmission is also important in this regard. © 2021, The Indian National Science Academy.",2021,,Indian J. Pure Appl. Math,52,4,1229-1234,,10.1007/s13226-021-00035-6,,#389,Saha 2021,Exclusion reason: No knowledge user participation; ,""
Transmission dynamics and control strategies of COVID-19: a modelling study,"Mustapha, U.T.; Hincal, E.; Yusuf, A.; Qureshi, S.; Sanlidag, T.; Muhammad, S.M.; Kaymakamzade, B.; Gokbulut, N.","In this paper a mathematical model is proposed, which incorporates quarantine and hospitalization to assess the community impact of social distancing and face mask among the susceptible population. The model parameters are estimated and fitted to the model with the use of laboratory confirmed COVID-19 cases in Turkey from March 11 to October 10, 2020. The partial rank correlation coefficient is employed to perform sensitivity analysis of the model, with basic reproduction number and infection attack rate as response functions. Results from the sensitivity analysis reveal that the most essential parameters for effective control of COVID-19 infection are recovery rate from quarantine individuals (δ1), recovery rate from hospitalized individuals (δ4), and transmission rate (β). Some simulation results are obtained with the aid of mesh plots with respect to the basic reproductive number as a function of two different biological parameters randomly chosen from the model. Finally, numerical simulations on the dynamics of the model highlighted that infections from the compartments of each state variables decreases with time which causes an increase in susceptible individuals. This implies that avoiding contact with infected individuals by means of adequate awareness of social distancing and wearing face mask are vital to prevent or reduce the spread of COVID-19 infection. © 2021 The Author(s).",2021,,Bull. Karaganda. Univ. Math. Ser.,102,2,92-105,,10.31489/2021M2/106-114,,#393,Mustapha 2021,Exclusion reason: No knowledge user participation; ,""
The effect of quarantine and treatment in covid-19 transmission: From mathematical modeling perspective,"Haruna, I.; Alemneh, H.T.; Tilahun, G.T.","Corona-virus disease (COVID-19) is caused by the novel-virus (SARS-COV2). This disease mainly targets human respiratory system. COVID-19 (Coronavirus) has affected day to day life and is slowing down the global economy. This pandemic has affected thousands of peoples, who are either sick or are being killed due to the spread of this disease. In this paper we developed an eight compartmental model with quarantine and treatment of COVID-19. After proposing the model, we analysed the qualitative behaviors of the model, like the disease free and endemic equilibrium points and their stability analysis. Moreover, we obtained the basic reproduction number using next-generation matrix method and we performed the sensitivity analysis to identify the most affecting parameters in terms of disease control and spread. To investigate the detail effect of each major parameters, we performed numerical simulation. We obtained that using both quarantine and treatment is best way in combating COVID-19 in the community. Therefore, stakeholders and policy makers of a government should use both quarantine and treatment simultaneously in fighting the pandemic from the population. © 2021 the author(s).",2021,,Commun. Math. Biol. Neurosci.,2021,,,,10.28919/cmbn/6381,,#394,Haruna 2021,Exclusion reason: No specific population; ,""
Study of non-pharmacological interventions on covid-19 spread,"Singh, A.; Chandra, S.K.; Bajpai, M.K.","COVID-19 disease has emerged as one of the life threatening threat to the society. A novel beta coronavirus causes it. It began as unidentified pneumonia of unknown etiology in Wuhan City, Hubei province in China emerged in December 2019. No vaccine has been produced till now. Mathematical models are used to study the impact of different measures used to decrease pandemic. Mathematical models have been designed to estimate the numbers of spreaders in different scenarios in the present manuscript. In the present manuscript, three different mathematical models have been proposed with different scenarios, such as screening, quarantine, and NPIs, to estimate the number of virus spreaders. The analysis shows that the numbers of COVID-19 patients will be more without screening the peoples coming from other countries. Since every people suffering from COVID-19 disease are spreaders. The screening and quarantine with NPIs have been implemented to study their impact on the spreaders. It has been found that NPI measures can reduce the number of spreaders. The NPI measures reduce the spread function's growth and provide decision makers more time to prepare with in dealing with the disease. © 2020 Tech Science Press. All rights reserved.",2020,,CMES Comput. Model. Eng. Sci.,125,3,967-990,,10.32604/cmes.2020.011601,,#398,Singh 2020,Exclusion reason: No knowledge user participation; ,""
Complex networks based algorithm for infectious diseases spread modeling,"Zakaria, K.; Omar, B.; Dounia, B.","In this paper we propose a new algorithm to model the spread of infectious diseases in the population. Through a combination of the Susceptible-Infected-Recovered (SIR) epidemiology model and Small World social network. The model helps to understand the dynamics of infectious diseases in a population, and to identify the main characteristics of epidemic transmission and its evolution over time. Simulations were conducted to evaluate the proposed model. The obtained results were analyzed in order to explore how the evolution of the network influences the spread of the disease also statistical test was applied to validate our model. This model allows health policy makers to better understand the epidemic spread and to implement relevant control strategies. © 2005 - ongoing JATIT & LLS.",2019,,J. Theor. Appl. Inf. Technol.,97,17,4579-4588,,,,#403,Zakaria 2019,Exclusion reason: No specific infectious disease; ,""
Co-dynamics of measles and dysentery diarrhea diseases with optimal control and cost-effectiveness analysis,"Berhe, H.W.; Makinde, O.D.; Theuri, D.M.","In this paper we propose a co-dynamics deterministic system for measles and dysentery diarrhea diseases in a single host population. Using center manifold theory, we show that the co-dynamics model may exhibit a backward bifurcation for some parameter values. Numerical simulations of the system show that the two diseases always coexist if R0 > 1. The system is extended to include time-dependent control-variables: vaccination, treatment and sanitation of the environment, to minimize the number of infected humans and the cost of implementation of the controls. The Pontryagin Maximum Principle was employed to find the necessary conditions for the existence of the optimal controls. The numerical simulations show that the effective controls could reduce the diseases in the community. The incremental cost-effectiveness ratio was used to quantify the cost-effectiveness analysis. It is found that the control strategy which implements vaccination, treatment of dysentery diarrhea and sanitation of the environment is the most cost-effective. © 2018 Elsevier Inc.",2019,,Appl. Math. Comput.,347,,903-921,,10.1016/j.amc.2018.11.049,,#405,Berhe 2019,Exclusion reason: No knowledge user participation; ,""
A surveillance and spatiotemporal visualization model for infectious diseases using social network,"Fatima-Zohra, Y.; Djamila, H.","In this paper, the authors propose a surveillance and spatiotemporal visualization system to simulate the infectious diseases spread which enables users to make decisions during a simulated pandemic. This system is based on compartment Susceptible, Exposed, Infected, and Removed (SEIR) model within a Small World network and Geographic Information System. The main advantage of this system is that it allows not only to understand how epidemic spreads in the human population and which risk factors promote this transmission but also to visualize epidemic outbreaks on the region's map. Experiments results reflect significantly the dynamical behavior of the influenza epidemic and the system can provide significant guidelines for decision makers when coping with epidemic diffusion controlling problems. © Copyright 2015 IGI Global.",2015,,Int. J. Decis. Support Syst. Technol.,7,4,1-19,,10.4018/IJDSST.2015100101,,#409,Fatima-Zohra 2015,Exclusion reason: Book/book chapter; ,""
Quantification of foot-and-mouth disease virus transmission rates using published data,"Goris, N.E.; Eblé, P.L.; De Jong, M.C.M.; De Clercq, K.","Foot-and-mouth disease is an extremely infectious and devastating disease affecting all species of cloven-hoofed animals. To understand the epidemiology of the causative virus and predict viral transmission dynamics, quantified transmission parameters are essential to decision makers and modellers alike. However, such quantified parameters are scarcely available, and recently a series of animal experiments was set up to obtain such data experimentally. In this communication, however, we report on the use of data from an animal experiment conducted 10 years ago to quantify transmission of foot-and-mouth disease virus between non-vaccinated sheep and from sub-clinically infected sheep to in-contact pigs. This new analysis utilises a state-of-the-art Generalised Linear Model to estimate the transmission rate. From the obtained results it is concluded that meta-analysis of ""old"" experiments using newly developed techniques can provide useful data to replace, reduce and refine future foot-and-mouth disease transmission experiments, thereby minimising animal suffering for research purposes.",2009,,Altex,26,1,52-54,,,,#411,Goris 2009,Exclusion reason: Not humans modeled; ,""
Epidemic trend analysis of SARS-CoV-2 in South Asian Association for Regional Cooperation countries using modified susceptible-infected-recovered predictive model.,"Dey, Samrat Kumar; Rahman, Md Mahbubur; Shibly, Kabid Hassan; Siddiqi, Umme Raihan; Howlader, Arpita","A novel coronavirus causing the severe and fatal respiratory syndrome was identified in China, is now producing outbreaks in more than 200 countries around the world, and became pandemic by the time. In this article, a modified version of the well-known mathematical epidemic model susceptible-infected-recovered (SIR) is used to analyze the epidemic's course of COVID-19 in eight different countries of the South Asian Association for Regional Cooperation (SAARC). To achieve this goal, the parameters of the SIR model are identified by using publicly available data for the corresponding countries: Afghanistan, Bangladesh, Bhutan, India, the Maldives, Nepal, Pakistan, and Sri Lanka. Based on the prediction model, we estimated the epidemic trend of COVID-19 outbreak in SAARC countries for 20, 90, and 180 days, respectively. A short-mid-long term prediction model has been designed to understand the early dynamics of the COVID-19 epidemic in the southeast Asian region. The maximum and minimum basic reproduction numbers (R 0 = 1.33 and 1.07) for SAARC countries are predicted to be in Pakistan and Bhutan. We equate simulation results with real data in the SAARC countries on the COVID-19 outbreak, and predicted different scenarios using the modified SIR prediction model. Our results should provide policymakers with a method for evaluating the impacts of possible interventions, including lockdown and social distancing, as well as testing and contact tracking. Copyright © 2022 The Authors. Engineering Reports published by John Wiley & Sons Ltd.",2022,,Engineering reports : open access,,101769939,e12550,,10.1002/eng2.12550,,#415,Dey 2022,Exclusion reason: No knowledge user participation; ,""
Bayesian kernel machine regression for count data: modelling the association between social vulnerability and COVID-19 deaths in South Carolina.,"Mutiso, Fedelis; Li, Hong; Pearce, John L; Benjamin-Neelon, Sara E; Mueller, Noel T; Neelon, Brian","The COVID-19 pandemic created an unprecedented global health crisis. Recent studies suggest that socially vulnerable communities were disproportionately impacted, although findings are mixed. To quantify social vulnerability in the US, many studies rely on the Social Vulnerability Index (SVI), a county-level measure comprising 15 census variables. Typically, the SVI is modelled in an additive manner, which may obscure non-linear or interactive associations, further contributing to inconsistent findings. As a more robust alternative, we propose a negative binomial Bayesian kernel machine regression (BKMR) model to investigate dynamic associations between social vulnerability and COVID-19 death rates, thus extending BKMR to the count data setting. The model produces a 'vulnerability effect' that quantifies the impact of vulnerability on COVID-19 death rates in each county. The method can also identify the relative importance of various SVI variables and make future predictions as county vulnerability profiles evolve. To capture spatio-temporal heterogeneity, the model incorporates spatial effects, county-level covariates, and smooth temporal functions. For Bayesian computation, we propose a tractable data-augmented Gibbs sampler. We conduct a simulation study to highlight the approach and apply the method to a study of COVID-19 deaths in the US state of South Carolina during the 2021 calendar year. Copyright © The Royal Statistical Society 2023. All rights reserved. For permissions, please e-mail: journals.permissions@oup.com.",2024,,"Journal of the Royal Statistical Society. Series C, Applied statistics",73,1,257-274,,10.1093/jrsssc/qlad094,,#417,Mutiso 2024,Exclusion reason: Not a mathematical model; ,""
An evaluation of mathematical models for the outbreak of COVID-19.,"Wang, Ning; Fu, Yuting; Zhang, Hu; Shi, Huipeng","Mathematical modelling performs a vital part in estimating and controlling the recent outbreak of coronavirus disease 2019 (COVID-19). In this epidemic, most countries impose severe intervention measures to contain the spread of COVID-19. The policymakers are forced to make difficult decisions to leverage between health and economic development. How and when to make clinical and public health decisions in an epidemic situation is a challenging question. The most appropriate solution is based on scientific evidence, which is mainly dependent on data and models. So one of the most critical problems during this crisis is whether we can develop reliable epidemiological models to forecast the evolution of the virus and estimate the effectiveness of various intervention measures and their impacts on the economy. There are numerous types of mathematical model for epidemiological diseases. In this paper, we present some critical reviews on mathematical models for the outbreak of COVID-19. Some elementary models are presented as an initial formulation for an epidemic. We give some basic concepts, notations, and foundation for epidemiological modelling. More related works are also introduced and evaluated by considering epidemiological features such as disease tendency, latent effects, susceptibility, basic reproduction numbers, asymptomatic infections, herd immunity, and impact of the interventions. Copyright © The Author(s) 2020. Published by Oxford University Press on behalf of the West China School of Medicine & West China Hospital of Sichuan University.",2020,,Precision clinical medicine,3,2,85-93,,10.1093/pcmedi/pbaa016,,#420,Wang 2020,Exclusion reason: Review; ,""
The reproduction number of COVID-19 and its correlation with public health interventions.,"Linka, Kevin; Peirlinck, Mathias; Kuhl, Ellen","Throughout the past six months, no number has dominated the public media more persistently than the reproduction number of COVID-19. This powerful but simple concept is widely used by the public media, scientists, and political decision makers to explain and justify political strategies to control the COVID-19 pandemic. Here we explore the effectiveness of political interventions using the reproduction number of COVID-19 across Europe. We propose a dynamic SEIR epidemiology model with a time-varying reproduction number, which we identify using machine learning. During the early outbreak, the basic reproduction number was 4.22+/-1.69, with maximum values of 6.33 and 5.88 in Germany and the Netherlands. By May 10, 2020, it dropped to 0.67+/-0.18, with minimum values of 0.37 and 0.28 in Hungary and Slovakia. We found a strong correlation between passenger air travel, driving, walking, and transit mobility and the effective reproduction number with a time delay of 17.24+/-2.00 days. Our new dynamic SEIR model provides the flexibility to simulate various outbreak control and exit strategies to inform political decision making and identify safe solutions in the benefit of global health.",2020,,medRxiv : the preprint server for health sciences,,101767986,,,10.1101/2020.05.01.20088047,,#428,Linka 2020,Exclusion reason: No knowledge user participation; ,""
HRL4EC: Hierarchical reinforcement learning for multi-mode epidemic control.,"Du, Xinqi; Chen, Hechang; Yang, Bo; Long, Cheng; Zhao, Songwei","Infectious diseases, such as Black Death, Spanish Flu, and COVID-19, have accompanied human history and threatened public health, resulting in enormous infections and even deaths among citizens. Because of their rapid development and huge impact, laying out interventions becomes one of the most critical paths for policymakers to respond to the epidemic. However, the existing studies mainly focus on epidemic control with a single intervention, which makes the epidemic control effectiveness severely compromised. In view of this, we propose a Hierarchical Reinforcement Learning decision framework for multi-mode Epidemic Control with multiple interventions called HRL4EC. We devise an epidemiological model, referred to as MID-SEIR, to describe multiple interventions' impact on transmission explicitly, and use it as the environment for HRL4EC. Besides, to address the complexity introduced by multiple interventions, this work transforms the multi-mode intervention decision problem into a multi-level control problem, and employs hierarchical reinforcement learning to find the optimal strategies. Finally, extensive experiments are conducted with real and simulated epidemic data to validate the effectiveness of our proposed method. We further analyze the experiment data in-depth, conclude a series of findings on epidemic intervention strategies, and make a visualization accordingly, which can provide heuristic support for policymakers' pandemic response. Copyright © 2023 Elsevier Inc. All rights reserved.",2023,,Information sciences,640,"9875661, 101223638",119065,,10.1016/j.ins.2023.119065,,#430,Du 2023,"Exclusion reason: No specific setting (geography: country(s), city(s)); ",""
Mathematical modeling for infectious viral disease: The COVID-19 perspective.,"Adekola, Hafeez Aderinsayo; Adekunle, Ibrahim Ayoade; Egberongbe, Haneefat Olabimpe; Onitilo, Sefiu Adekunle; Abdullahi, Idris Nasir","In this study, we examined various forms of mathematical models that are relevant for the containment, risk analysis, and features of COVID-19. Greater emphasis was laid on the extension of the Susceptible-Infectious-Recovered (SIR) models for policy relevance in the time of COVID-19. These mathematical models play a significant role in the understanding of COVID-19 transmission mechanisms, structures, and features. Considering that the disease has spread sporadically around the world, causing large scale socioeconomic disruption unwitnessed in contemporary ages since World War II, researchers, stakeholders, government, and the society at large are actively engaged in finding ways to reduce the rate of infection until a cure or vaccination procedure is established. We advanced argument for the various forms of the mathematical model of epidemics and highlighted their relevance in the containment of COVID-19 at the present time. Mathematical models address the need for understanding the transmission dynamics and other significant factors of the disease that would aid policymakers to make accurate decisions and reduce the rate of transmission of the disease. Copyright © 2020 John Wiley & Sons Ltd.",2020,,Journal of public affairs,20,4,e2306,,10.1002/pa.2306,,#438,Adekola 2020,"Exclusion reason: No specific setting (geography: country(s), city(s)); ",""
Evaluating the Demand for Nucleic Acid Testing in Different Scenarios of COVID-19 Transmission: A Simulation Study.,"Wang, Yu-Yuan; Zhang, Wei-Wen; Lu, Ze-Xi; Sun, Jia-Lin; Jing, Ming-Xia","INTRODUCTION: The 2019 novel coronavirus (COVID-19) has been recognized as the most severe human infectious disease pandemic in the past century. To enhance our ability to control potential infectious diseases in the future, this study simulated the influence of nucleic acid testing on the transmission of COVID-19 across varied scenarios. Additionally, it assessed the demand for nucleic acid testing under different circumstances, aiming to furnish a decision-making foundation for the implementation of nucleic acid screening measures, the provision of emergency materials, and the allocation of human resources., METHODS: Considering the transmission dynamics of COVID-19 and the preventive measures implemented by countries, we explored three distinct levels of epidemic intensity: community transmission, outbreak, and sporadic cases. Integrating the theory of scenario analysis, we formulated six hypothetical epidemic scenarios, each corresponding to possible occurrences during different phases of the pandemic. We developed an improved SEIR model, validated its accuracy using real-world data, and conducted a comprehensive analysis and prediction of COVID-19 infections under these six scenarios. Simultaneously, we assessed the testing resource requirements associated with each scenario., RESULTS: We compared the predicted number of infections simulated by the modified SEIR model with the actual reported cases in Israel to validate the model. The root mean square error (RMSE) was 350.09, and the R-squared (R2) was 0.99, indicating a well-fitted model. Scenario 4 demonstrated the most effective prevention and control outcomes. Strengthening non-pharmaceutical interventions and increasing nucleic acid testing frequency, even under low testing capacity, resulted in a delayed epidemic peak by 78 days. The proportion of undetected cases decreased from 77.83% to 31.21%, and the overall testing demand significantly decreased, meeting maximum demand even with low testing capacity. The initiation of testing influenced case detection probability. Under high testing capacity, increasing testing frequency elevated the detection rate from 36.40% to 77.83%. Nucleic acid screening proved effective in reducing the demand for testing resources under diverse epidemic prevention and control strategies. While effective interventions and nucleic acid screening measures substantially diminished the demand for testing-related resources, varying degrees of insufficient testing capacity may still persist., CONCLUSIONS: The nucleic acid detection strategy proves effective in promptly identifying and isolating infected individuals, thereby mitigating the infection peak and extending the time to peak. In situations with constrained testing capacity, implementing more stringent measures can notably decrease the number of infections and alleviate resource demands. The improved SEIR model demonstrates proficiency in predicting both reported and unreported cases, offering valuable insights for future infection risk assessments. Rapid evaluations of testing requirements across diverse scenarios can aptly address resource limitations in specific regions, offering substantial evidence for the formulation of future infectious disease testing strategies. Copyright © 2024. The Author(s).",2024,,Infectious diseases and therapy,13,4,813-826,,10.1007/s40121-024-00954-x,,#441,Wang 2024,Exclusion reason: No knowledge user participation; ,""
Optimal shutdown strategies for COVID-19 with economic and mortality costs: British Columbia as a case study.,"Barlow, M T; Marshall, N D; Tyson, R C","Decision makers with the responsibility of managing policy for the COVID-19 epidemic have faced difficult choices in balancing the competing claims of saving lives and the high economic cost of shutdowns. In this paper, we formulate a model with both epidemiological and economic content to assist this decision-making process. We consider two ways to handle the balance between economic costs and deaths. First, we use the statistical value of life, which in Canada is about C$7 million, to optimize over a single variable, which is the sum of the economic cost and the value of lives lost. Our second method is to calculate the Pareto optimal front when we look at the two variables-deaths and economic costs. In both cases we find that, for most parameter values, the optimal policy is to adopt an initial shutdown level which reduces the reproduction number of the epidemic to close to 1. This level is then reduced once a vaccination programme is underway. Our model also indicates that an oscillating policy of strict and mild shutdowns is less effective than a policy which maintains a moderate shutdown level. Copyright © 2021 The Authors.",2021,,Royal Society open science,8,9,202255,,10.1098/rsos.202255,,#443,Barlow 2021,Exclusion reason: No knowledge user participation; ,""
"Effects of non-pharmaceutical interventions on COVID-19 transmission: rapid review of evidence from Italy, the United States, the United Kingdom, and China.","Faherty, Laura J; Nascimento de Lima, Pedro; Lim, Jing Zhi; Roberts, Derek; Karr, Sarah; Lawson, Emily; Willis, Henry H","Background: Prior to the development of COVID-19 vaccines, policymakers instituted various non-pharmaceutical interventions (NPIs) to limit transmission. Prior studies have attempted to examine the extent to which these NPIs achieved their goals of containment, suppression, or mitigation of disease transmission. Existing evidence syntheses have found that numerous factors limit comparability across studies, and the evidence on NPI effectiveness during COVID-19 pandemic remains sparse and inconsistent. This study documents the magnitude and variation in NPI effectiveness in reducing COVID-19 transmission (i.e., reduction in effective reproduction rate [Reff] and daily contact rate) in Italy, the United States, the United Kingdom, and China., Methods: Our rapid review and narrative synthesis of existing research identified 126 studies meeting our screening criteria. We selected four contexts with >5 articles to facilitate a meaningful synthesis. This step yielded an analytic sample of 61 articles that used data from China, Italy, the United Kingdom, and the United States., Results: We found wide variation and substantial uncertainty around the effectiveness of NPIs at reducing disease transmission. Studies of a single intervention or NPIs that are the least stringent had estimated Reff reductions in the 10-50% range; those that examined so-called ""lockdowns"" were associated with greater Reff reductions that ranged from 40 to 90%, with many in the 70-80% range. While many studies reported on multiple NPIs, only six of the 61 studies explicitly used the framing of ""stringency"" or ""mild versus strict"" or ""tiers"" of NPIs, concepts that are highly relevant for decisionmakers., Conclusion: Existing evidence suggests that NPIs reduce COVID-19 transmission by 40 to 90 percent. This paper documents the extent of the variation in NPI effectiveness estimates and highlights challenges presented by a lack of standardization in modeling approaches. Further research on NPI effectiveness at different stringency levels is needed to inform policy responses to future pandemics. Copyright © 2024 Faherty, Nascimento de Lima, Lim, Roberts, Karr, Lawson and Willis.",2024,,Frontiers in public health,12,101616579,1426992,,10.3389/fpubh.2024.1426992,,#444,Faherty 2024,Exclusion reason: Review; ,""
Canada's provincial COVID-19 pandemic modelling efforts: A review of mathematical models and their impacts on the responses.,"Xia, Yiqing; Flores Anato, Jorge Luis; Colijn, Caroline; Janjua, Naveed; Irvine, Mike; Williamson, Tyler; Varughese, Marie B; Li, Michael; Osgood, Nathaniel; Earn, David J D; Sander, Beate; Cipriano, Lauren E; Murty, Kumar; Xiu, Fanyu; Godin, Arnaud; Buckeridge, David; Hurford, Amy; Mishra, Sharmistha; Maheu-Giroux, Mathieu","SETTING: Mathematical modelling played an important role in the public health response to COVID-19 in Canada. Variability in epidemic trajectories, modelling approaches, and data infrastructure across provinces provides a unique opportunity to understand the factors that shaped modelling strategies., INTERVENTION: Provinces implemented stringent pandemic interventions to mitigate SARS-CoV-2 transmission, considering evidence from epidemic models. This study aimed to summarize provincial COVID-19 modelling efforts. We identified modelling teams working with provincial decision-makers, through referrals and membership in Canadian modelling networks. Information on models, data sources, and knowledge translation were abstracted using standardized instruments., OUTCOMES: We obtained information from six provinces. For provinces with sustained community transmission, initial modelling efforts focused on projecting epidemic trajectories and healthcare demands, and evaluating impacts of proposed interventions. In provinces with low community transmission, models emphasized quantifying importation risks. Most of the models were compartmental and deterministic, with projection horizons of a few weeks. Models were updated regularly or replaced by new ones, adapting to changing local epidemic dynamics, pathogen characteristics, vaccines, and requests from public health. Surveillance datasets for cases, hospitalizations and deaths, and serological studies were the main data sources for model calibration. Access to data for modelling and the structure for knowledge translation differed markedly between provinces., IMPLICATION: Provincial modelling efforts during the COVID-19 pandemic were tailored to local contexts and modulated by available resources. Strengthening Canadian modelling capacity, developing and sustaining collaborations between modellers and governments, and ensuring earlier access to linked and timely surveillance data could help improve pandemic preparedness. Copyright © 2024. The Author(s) under exclusive license to The Canadian Public Health Association.",2024,,Canadian journal of public health = Revue canadienne de sante publique,115,4,541-557,,10.17269/s41997-024-00910-9,,#446,Xia 2024,Exclusion reason: Review; Nancy Tahmo (2025-04-30 23:58:24)(Select): Participatory modeling review - CAN; ,""
Contributing to health system resilience during pandemics via purchasing and supply strategies: an exploratory system dynamics approach.,"Gotz, Paula; Auping, Willem L; Hinrichs-Krapels, Saba","BACKGROUND: Health systems worldwide struggled to obtain sufficient personal protective equipment (PPE) and ventilators during the COVID-19 pandemic due to global supply chain disruptions. Our study's aim was to create a proof-of-concept model that would simulate the effects of supply strategies under various scenarios, to ultimately help decision-makers decide on alternative supply strategies for future similar health system related crises., METHODS: We developed a system dynamics model that linked a disease transmission model structure (susceptible, exposed, infectious, recovered (SEIR)) with a model for the availability of critical supplies in hospitals; thereby connecting care demand (patients' critical care in hospitals), with care supply (available critical equipment and supplies). To inform the model structure, we used data on critical decisions and events taking place surrounding purchase, supply, and availability of PPE and ventilators during the first phase of the COVID-19 pandemic within the English national health system. We used exploratory modelling and analysis to assess the effects of uncertainties on different supply strategies in the English health system under different scenarios. Strategies analysed were: (i) purchasing from the world market or (ii) through direct tender, (iii) stockpiling, (iv) domestic production, (v) supporting innovative supply strategies, or (vi) loaning ventilators from the private sector., RESULTS: We found through our exploratory analysis that a long-lasting shortage in PPE and ventilators is likely to be apparent in various scenarios. When considering the worst-case scenario, our proof-of-concept model shows that purchasing PPE and ventilators from the world market or through direct tender have the greatest influence on reducing supply shortages, compared to producing domestically or through supporting innovative supply strategies. However, these supply strategies are affected most by delays in their shipment time or set-up., CONCLUSION: We demonstrated that using a system dynamics and exploratory modelling approach can be helpful in identifying the purchasing and supply chain strategies that contribute to the preparedness and responsiveness of health systems during crises. Our results suggest that to improve health systems' resilience during pandemics or similar resource-constrained situations, purchasing and supply chain decision-makers can develop crisis frameworks that propose a plan of action and consequently accelerate and improve procurement processes and other governance processes during health-related crises; implement diverse supplier frameworks; and (re)consider stockpiling. This proof-of-concept model demonstrates the importance of including critical supply chain strategies as part of the preparedness and response activities to contribute to health system resilience. Copyright © 2024. The Author(s).",2024,,BMC health services research,24,1,130,,10.1186/s12913-023-10487-7,,#452,Gotz 2024,Exclusion reason: No knowledge user participation; ,""
Optimizing malaria vector control in the Greater Mekong Subregion: a systematic review and mathematical modelling study to identify desirable intervention characteristics.,"Wang, Yuqian; Chitnis, Nakul; Fairbanks, Emma L","BACKGROUND: In the Greater Mekong Subregion (GMS), new vector-control tools are needed to target mosquitoes that bite outside during the daytime and night-time to advance malaria elimination., METHODS: We conducted systematic literature searches to generate a bionomic dataset of the main malaria vectors in the GMS, including human blood index (HBI), parity proportion, sac proportion (proportion with uncontracted ovary sacs, indicating the amount of time until they returned to host seeking after oviposition) and the resting period duration. We then performed global sensitivity analyses to assess the influence of bionomics and intervention characteristics on vectorial capacity., RESULTS: Our review showed that Anopheles minimus, An. sinensis, An. maculatus and An. sundaicus display opportunistic blood-feeding behaviour, while An. dirus is more anthropophilic. Multivariate regression analysis indicated that environmental, climatic and sampling factors influence the proportion of parous mosquitoes, and resting duration varies seasonally. Sensitivity analysis highlighted HBI and parity proportion as the most influential bionomic parameters, followed by resting duration. Killing before feeding is always a desirable characteristic across all settings in the GMS. Disarming is also a desirable characteristic in settings with a low HBI. Repelling is only an effective strategy in settings with a low HBI and low parity proportion. Killing after feeding is only a desirable characteristic if the HBI and parity proportions in the setting are high., CONCLUSIONS: Although in general adopting tools that kill before feeding would have the largest community-level effect on reducing outdoor transmission, other modes of action can be effective. Current tools in development which target outdoor biting mosquitoes should be implemented in different settings dependent on their characteristics. Copyright © 2024. The Author(s).",2024,,Parasites & vectors,17,1,162,,10.1186/s13071-024-06234-4,,#455,Wang 2024,Exclusion reason: Review; ,""
Effects of Mitigation and Control Policies in Realistic Epidemic Models Accounting for Household Transmission Dynamics.,"Alarid-Escudero, Fernando; Andrews, Jason R; Goldhaber-Fiebert, Jeremy D","BACKGROUND: Compartmental infectious disease (ID) models are often used to evaluate nonpharmaceutical interventions (NPIs) and vaccines. Such models rarely separate within-household and community transmission, potentially introducing biases in situations in which multiple transmission routes exist. We formulated an approach that incorporates household structure into ID models, extending the work of House and Keeling., DESIGN: We developed a multicompartment susceptible-exposed-infectious-recovered-susceptible-vaccinated (MC-SEIRSV) modeling framework, allowing nonexponentially distributed duration in exposed and infectious compartments, that tracks within-household and community transmission. We simulated epidemics that varied by community and household transmission rates, waning immunity rate, household size (3 or 5 members), and numbers of exposed and infectious compartments (1-3 each). We calibrated otherwise identical models without household structure to the early phase of each parameter combination's epidemic curve. We compared each model pair in terms of epidemic forecasts and predicted NPI and vaccine impacts on the timing and magnitude of the epidemic peak and its total size. Meta-analytic regressions characterized the relationship between household structure inclusion and the size and direction of biases., RESULTS: Otherwise similar models with and without household structure produced equivalent early epidemic curves. However, forecasts from models without household structure were biased. Without intervention, they were upward biased on peak size and total epidemic size, with biases also depending on the number of exposed and infectious compartments. Model-estimated NPI effects of a 60% reduction in community contacts on peak time and size were systematically overestimated without household structure. Biases were smaller with a 20% reduction NPI. Because vaccination affected both community and household transmission, their biases were smaller., CONCLUSIONS: ID models without household structure can produce biased outcomes in settings in which within-household and community transmission differ., HIGHLIGHTS: Infectious disease models rarely separate household transmission from community transmission. The pace of household transmission may differ from community transmission, depends on household size, and can accelerate epidemic growth.Many infectious disease models assume exponential duration distributions for infected states. However, the duration of most infections is not exponentially distributed, and distributional choice alters modeled epidemic dynamics and intervention effectiveness. We propose a mathematical framework for household and community transmission that allows for nonexponential duration times and a suite of interventions and quantified the effect of accounting for household transmission by varying household size and duration distributions of infected states on modeled epidemic dynamics.Failure to include household structure induces biases in the modeled overall course of an epidemic and the effects of interventions delivered differentially in community settings. Epidemic dynamics are faster and more intense in populations with larger household sizes and for diseases with nonexponentially distributed infectious durations. Modelers should consider explicitly incorporating household structure to quantify the effects of non-pharmaceutical interventions (e.g., shelter-in-place).",2024,,Medical decision making : an international journal of the Society for Medical Decision Making,44,1,5-17,,10.1177/0272989X231205565,,#456,Alarid-Escudero 2024,Exclusion reason: No specific infectious disease; ,""
A behaviour and disease transmission model: incorporating the Health Belief Model for human behaviour into a simple transmission model.,"Ryan, Matthew; Brindal, Emily; Roberts, Mick; Hickson, Roslyn I","The health and economic impacts of infectious diseases such as COVID-19 affect all levels of a community from the individual to the governing bodies. However, the spread of an infectious disease is intricately linked to the behaviour of the people within a community since crowd behaviour affects individual human behaviour, while human behaviour affects infection spread, and infection spread affects human behaviour. Capturing these feedback loops of behaviour and infection is a well-known challenge in infectious disease modelling. Here, we investigate the interface of behavioural science theory and infectious disease modelling to explore behaviour and disease (BaD) transmission models. Specifically, we incorporate a visible protective behaviour into the susceptible-infectious-recovered-susceptible (SIRS) transmission model using the socio-psychological Health Belief Model to motivate behavioural uptake and abandonment. We characterize the mathematical thresholds for BaD emergence in the BaD SIRS model and the feasible steady states. We also explore, under different infectious disease scenarios, the effects of a fully protective behaviour on long-term disease prevalence in a community, and describe how BaD modelling can investigate non-pharmaceutical interventions that target-specific components of the Health Belief Model. This transdisciplinary BaD modelling approach may reduce the health and economic impacts of future epidemics.",2024,,"Journal of the Royal Society, Interface",21,215,20240038,,10.1098/rsif.2024.0038,,#459,Ryan 2024,Exclusion reason: No knowledge user participation; ,""
Spatial Interaction Analysis of Infectious Disease Import and Export between Regions.,"Lyu, Mingdong; Liu, Kuofu; Hall, Randolph W","Human travel plays a crucial role in the spread of infectious disease between regions. Travel of infected individuals from one region to another can transport a virus to places that were previously unaffected or may accelerate the spread of disease in places where the disease is not yet well established. We develop and apply models and metrics to analyze the role of inter-regional travel relative to the spread of disease, drawing from data on COVID-19 in the United States. To better understand how transportation affects disease transmission, we established a multi-regional time-varying compartmental disease model with spatial interaction. The compartmental model was integrated with statistical estimates of travel between regions. From the integrated model, we derived a transmission import index to assess the risk of COVID-19 transmission between states. Based on the index, we determined states with high risk for disease spreading to other states at the scale of months, and we analyzed how the index changed over time during 2020. Our model provides a tool for policymakers to evaluate the influence of travel between regions on disease transmission in support of strategies for epidemic control.",2024,,International journal of environmental research and public health,21,5,,,10.3390/ijerph21050643,,#463,Lyu 2024,Exclusion reason: No knowledge user participation; ,""
The influence of gender and temephos exposure on community participation in dengue prevention: a compartmental mathematical model.,"Alvarado-Castro, Victor Manuel; Vargas-De-Leon, Cruz; Paredes-Solis, Sergio; Li-Martin, Alian; Nava-Aguilera, Elizabeth; Morales-Perez, Arcadio; Legorreta-Soberanis, Jose; Sanchez-Gervacio, Belen Madeline; Cockcroft, Anne; Andersson, Neil","BACKGROUND: The use of temephos, the most common intervention for the chemical control of Aedes aegypti over the last half century, has disappointing results in control of the infection. The footprint of Aedes and the diseases it carries have spread relentlessly despite massive volumes of temephos. Recent advances in community participation show this might be more effective and sustainable for the control of the dengue vector., METHODS: Using data from the Camino Verde cluster randomized controlled trial, a compartmental mathematical model examines the dynamics of dengue infection with different levels of community participation, taking account of gender of respondent and exposure to temephos., RESULTS: Simulation of dengue endemicity showed community participation affected the basic reproductive number of infected people. The greatest short-term effect, in terms of people infected with the virus, was the combination of temephos intervention and community participation. There was no evidence of a protective effect of temephos 220 days after the onset of the spread of dengue., CONCLUSIONS: Male responses about community participation did not significantly affect modelled numbers of infected people and infectious mosquitoes. Our model suggests that, in the long term, community participation alone may have the best results. Adding temephos to community participation does not improve the effect of community participation alone. Copyright © 2024. The Author(s).",2024,,BMC infectious diseases,24,1,463,,10.1186/s12879-024-09341-w,,#466,Alvarado-Castro 2024,Exclusion reason: No knowledge user participation; ,""
Rapid initiation of antiretroviral therapy in Turkey: a modeling study.,"Yaylali, Emine; Erdogan, Zikriye Melisa; Calisir, Fethi; Pullukcu, Husnu; Yildirim, Figen; Inan, Asuman; Aydin, Ozlem Altuntas; Tekin, Suda; Sonmezer, Meliha Cagla; Sahin, Toros; Ozcagli, Tahsin Gokcem; Ozelgun, Berna","Background: To effectively control the HIV epidemic and meet global targets, policymakers recommend the rapid initiation of antiretroviral therapy (ART). Our study aims to investigate the effect of rapid ART programs on individuals diagnosed with HIV, considering varying coverage and initiation days after diagnosis, and compare it to standard-of-care ART treatment in Turkey., Methods: We used a dynamic compartmental model to simulate the dynamics of HIV infection in Turkey. Rapid treatment, defined as initiation of ART within 7 days of diagnosis, was contrasted with standard-of-care treatment, which starts within 30 days of diagnosis. This study considered three coverage levels (10%, 50%, and 90%) and two rapid periods (7 and 14 days after diagnosis), comparing them to standard-of-care treatment in evaluating the number of HIV infections between 2020 and 2030., Results: Annual HIV incidence and prevalence for a 10-year period were obtained from model projections. In the absence of a rapid ART program, the model projected approximately 444,000 new HIV cases while the number of cases were reduced to 345,000 (22% reduction) with 90% of diagnosed cases included in the rapid ART program. Similarly, 10% and 50% rapid ART coverage has resulted in 3% and 13% reduction in HIV prevalence over a 10-year period., Conclusion: Rapid ART demonstrates the potential to mitigate the increasing HIV incidence in Turkey by reducing the number of infections. The benefit of the rapid ART program could be substantial when the coverage of the program reaches above a certain percentage of diagnosed population. Copyright © 2024 Yaylali, Erdogan, Calisir, Pullukcu, Yildirim, Inan, Aydin, Tekin, Sonmezer, Sahin, Ozcagli and Ozelgun.",2024,,Frontiers in public health,12,101616579,1224449,,10.3389/fpubh.2024.1224449,,#468,Yaylali 2024,Exclusion reason: No knowledge user participation; ,""
Sex-structured disease transmission model and control mechanisms for visceral leishmaniasis (VL).,"Awoke, Temesgen Debas; Kassa, Semu Mitiku; Morupisi, Kgomotso Suzan; Tsidu, Gizaw Mengistu","BACKGROUND: Leishmaniasis are a group of diseases caused by more than 20 species of the protozoan that are transmitted through the bite of female sand fly. The disease is endemic to 98 countries of the world. It affects most commonly the poorest of the poor and mainly males. Several research has been conducted to propose disease control strategies. Effective medical care, vector control, environmental hygiene, and personal protection are the mainstays of the current preventative and control methods. The mathematical models for the transmission dynamics of the disease studied so far did not consider the sex-biased burden of the disease into consideration., METHODOLOGY: Unlike the previous VL works, this study introduces a new deterministic sex-structured model for understanding the transmission dynamics of visceral leishmaniasis. Basic properties of the model including basic reproduction number ([Formula: see text]), and conditions for the existence of backward bifurcation of the model are explored. Baseline parameter values were estimated after the model was fitted to Ethiopia's VL data. Sensitivity analysis of the model was performed to identify the parameters that significantly impact the disease threshold. Numerical simulations were performed using baseline parameter values, and scenario analysis is performed by changing some of these parameters as appropriate., CONCLUSION: The analysis of the model shows that there is a possibility for a backward bifurcation for [Formula: see text], which means bringing [Formula: see text] to less than unity may not be enough to eradicate the disease. Our numerical result shows that the implementation of disease-preventive strategies, as well as effectively treating the affected ones can significantly reduce the disease prevalence if applied for more proportion of the male population. Furthermore, the implementation of vector management strategies also can considerably reduce the total prevalence of the disease. However, it is demonstrated that putting more effort in treating affected reservoir animals may not have any significant effect on the overall prevalence of the disease as compared to other possible mechanisms. The numerical simulation infers that a maximum of 60% of extra preventative measures targeted to only male population considerably reduces the total prevalence of VL by 80%. It is also possible to decrease the total prevalence of VL by 69.51% when up to 50% additional infected males receive treatment with full efficacy. Moreover, applying a maximum of 15% additional effort to reduce the number of vectors, decreases the total VL prevalence by 57.71%. Therefore, in order to reduce the disease burden of visceral leishmaniasis, public health officials and concerned stakeholders need to give more emphasis to the proportion of male humans in their intervention strategies. Copyright: © 2024 Awoke et al. This is an open access article distributed under the terms of the Creative Commons Attribution License, which permits unrestricted use, distribution, and reproduction in any medium, provided the original author and source are credited.",2024,,PloS one,19,4,e0301217,,10.1371/journal.pone.0301217,,#471,Awoke 2024,Exclusion reason: No knowledge user participation; ,""
Ethical frameworks should be applied to computational modelling of infectious disease interventions.,"Zachreson, Cameron; Savulescu, Julian; Shearer, Freya M; Plank, Michael J; Coghlan, Simon; Miller, Joel C; Ainslie, Kylie E C; Geard, Nicholas","This perspective is part of an international effort to improve epidemiological models with the goal of reducing the unintended consequences of infectious disease interventions. The scenarios in which models are applied often involve difficult trade-offs that are well recognised in public health ethics. Unless these trade-offs are explicitly accounted for, models risk overlooking contested ethical choices and values, leading to an increased risk of unintended consequences. We argue that such risks could be reduced if modellers were more aware of ethical frameworks and had the capacity to explicitly account for the relevant values in their models. We propose that public health ethics can provide a conceptual foundation for developing this capacity. After reviewing relevant concepts in public health and clinical ethics, we discuss examples from the COVID-19 pandemic to illustrate the current separation between public health ethics and infectious disease modelling. We conclude by describing practical steps to build the capacity for ethically aware modelling. Developing this capacity constitutes a critical step towards ethical practice in computational modelling of public health interventions, which will require collaboration with experts on public health ethics, decision support, behavioural interventions, and social determinants of health, as well as direct consultation with communities and policy makers. Copyright: © 2024 Zachreson et al. This is an open access article distributed under the terms of the Creative Commons Attribution License, which permits unrestricted use, distribution, and reproduction in any medium, provided the original author and source are credited.",2024,,PLoS computational biology,20,3,e1011933,,10.1371/journal.pcbi.1011933,,#473,Zachreson 2024,Exclusion reason: Irrelevant study; ,""
What Influence Could the Acceptance of Visitors Cause on the Epidemic Dynamics of a Reinfectious Disease?: A Mathematical Model.,"Xie, Ying; Ahmad, Ishfaq; Ikpe, ThankGod I S; Sofia, Elza F; Seno, Hiromi","The globalization in business and tourism becomes crucial more and more for the economical sustainability of local communities. In the presence of an epidemic outbreak, there must be such a decision on the policy by the host community as whether to accept visitors or not, the number of acceptable visitors, or the condition for acceptable visitors. Making use of an SIRI type of mathematical model, we consider the influence of visitors on the spread of a reinfectious disease in a community, especially assuming that a certain proportion of accepted visitors are immune. The reinfectivity of disease here means that the immunity gained by either vaccination or recovery is imperfect. With the mathematical results obtained by our analysis on the model for such an epidemic dynamics of resident and visitor populations, we find that the acceptance of visitors could have a significant influence on the disease's endemicity in the community, either suppressive or supportive. Copyright © 2024. The Author(s).",2024,,Acta biotheoretica,72,1,3,,10.1007/s10441-024-09478-w,,#475,Xie 2024,Exclusion reason: No specific infectious disease; ,""
"Optimal adaptive nonpharmaceutical interventions to mitigate the outbreak of respiratory infections following the COVID-19 pandemic: a deep reinforcement learning study in Hong Kong, China.","Yao, Yao; Zhou, Hanchu; Cao, Zhidong; Zeng, Daniel Dajun; Zhang, Qingpeng","BACKGROUND: Long-lasting nonpharmaceutical interventions (NPIs) suppressed the infection of COVID-19 but came at a substantial economic cost and the elevated risk of the outbreak of respiratory infectious diseases (RIDs) following the pandemic. Policymakers need data-driven evidence to guide the relaxation with adaptive NPIs that consider the risk of both COVID-19 and other RIDs outbreaks, as well as the available healthcare resources., METHODS: Combining the COVID-19 data of the sixth wave in Hong Kong between May 31, 2022 and August 28, 2022, 6-year epidemic data of other RIDs (2014-2019), and the healthcare resources data, we constructed compartment models to predict the epidemic curves of RIDs after the COVID-19-targeted NPIs. A deep reinforcement learning (DRL) model was developed to learn the optimal adaptive NPIs strategies to mitigate the outbreak of RIDs after COVID-19-targeted NPIs are lifted with minimal health and economic cost. The performance was validated by simulations of 1000 days starting August 29, 2022. We also extended the model to Beijing context., FINDINGS: Without any NPIs, Hong Kong experienced a major COVID-19 resurgence far exceeding the hospital bed capacity. Simulation results showed that the proposed DRL-based adaptive NPIs successfully suppressed the outbreak of COVID-19 and other RIDs to lower than capacity. DRL carefully controlled the epidemic curve to be close to the full capacity so that herd immunity can be reached in a relatively short period with minimal cost. DRL derived more stringent adaptive NPIs in Beijing., INTERPRETATION: DRL is a feasible method to identify the optimal adaptive NPIs that lead to minimal health and economic cost by facilitating gradual herd immunity of COVID-19 and mitigating the other RIDs outbreaks without overwhelming the hospitals. The insights can be extended to other countries/regions. Copyright © The Author(s) 2023. Published by Oxford University Press on behalf of the American Medical Informatics Association. All rights reserved. For permissions, please email: journals.permissions@oup.com.",2023,,Journal of the American Medical Informatics Association : JAMIA,30,9,1543-1551,,10.1093/jamia/ocad116,,#479,Yao 2023,Exclusion reason: No knowledge user participation; ,""
Evaluation of COVID-19 intervention policies in South Korea using the stochastic individual-based model.,"Chae, Min-Kyung; Hwang, Dong-Uk; Nah, Kyeongah; Son, Woo-Sik","The COVID-19 pandemic has swept the globe, and countries have responded with various intervention policies to prevent its spread. In this study, we aim to analyze the effectiveness of intervention policies implemented in South Korea. We use a stochastic individual-based model (IBM) with a synthetic population to simulate the spread of COVID-19. Using statistical data, we make the synthetic population and assign sociodemographic attributes to each individual. Individuals go about their daily lives based on their assigned characteristics, and encountering infectors in their daily lives stochastically determines whether they are infected. We reproduce the transmission of COVID-19 using the IBM simulation from November 2020 to February 2021 when three phases of increasingly stringent intervention policies were implemented, and then assess their effectiveness. Additionally, we predict how the spread of infection would have been different if these policies had been implemented in January 2022. This study offers valuable insights into the effectiveness of intervention policies in South Korea, which can assist policymakers and public health officials in their decision-making process. Copyright © 2023. The Author(s).",2023,,Scientific reports,13,1,18945,,10.1038/s41598-023-46277-8,,#484,Chae 2023,Exclusion reason: No knowledge user participation; ,""
Identifying models of care to improve outcomes for older people with urgent care needs: a mixed methods approach to develop a system dynamics model.,"Conroy, Simon; Brailsford, Sally; Burton, Christopher; England, Tracey; Lalseta, Jagruti; Martin, Graham; Mason, Suzanne; Maynou-Pujolras, Laia; Phelps, Kay; Preston, Louise; Regen, Emma; Riley, Peter; Street, Andrew; van Oppen, James","Background: We aimed to understand urgent and emergency care pathways for older people and develop a decision support tool using a mixed methods study design., Objective(s), study design, settings and participants: Work package 1 identified best practice through a review of reviews, patient, carer and professional interviews. Work package 2 involved qualitative case studies of selected urgent and emergency care pathways in the Yorkshire and Humber region. Work package 3 analysed linked databases describing urgent and emergency care pathways identifying patient, provider and pathway factors that explain differences in outcomes and costs. Work package 4 developed a system dynamics tool to compare emergency interventions., Results: A total of 18 reviews summarising 128 primary studies found that integrated social and medical care, screening and assessment, follow-up and monitoring of service outcomes were important. Forty patient/carer participants described emergency department attendances; most reported a reluctance to attend. Participants emphasised the importance of being treated with dignity, timely and accurate information provision and involvement in decision-making. Receiving care in a calm environment with attention to personal comfort and basic physical needs were key. Patient goals included diagnosis and resolution, well-planned discharge home and retaining physical function. Participants perceived many of these goals of care were not attained. A total of 21 professional participants were interviewed and 23 participated in focus groups, largely confirming the review evidence. Implementation challenges identified included the urgent and emergency care environment, organisational approaches to service development, staff skills and resources. Work package 2 involved 45 interviews and 30 hours of observation in four contrasting emergency departments. Key themes relating to implementation included: intervention-related staff: frailty mindset and behaviours resources: workforce, space, and physical environment operational influences: referral criteria, frailty assessment, operating hours, transport. context-related links with community, social and primary care organisation and management support COVID-19 pandemic. approaches to implementation service/quality improvement networks engaging staff and building relationships education about frailty evidence. The linked databases in work package 3 comprised 359,945 older people and 1,035,045 observations. The most powerful predictors of four-hour wait and transfer to hospital were age, previous attendance, out-of-hours attendance and call handler designation of urgency. Drawing upon the previous work packages and working closely with a wide range of patient and professional stakeholders, we developed an system dynamics tool that modelled five evidence-based urgent and emergency care interventions and their impact on the whole system in terms of reducing admissions, readmissions, and hospital related mortality., Limitations: Across the reviews there was incomplete reporting of interventions. People living with severe frailty and from ethnic minorities were under-represented in the patient/carer interviews. The linked databases did not include patient reported outcomes. The system dynamics model was limited to evidence-based interventions, which could not be modelled conjointly., Conclusions: We have reaffirmed the poor outcomes frequently experienced by many older people living with urgent care needs. We have identified interventions that could improve patient and service outcomes, as well as implementation tools and strategies to help including clinicians, service managers and commissioners improve emergency care for older people., Future work: Future work will focus on refining the system dynamics model, specifically including patient-reported outcome measures and pre-hospital services for older people living with frailty who have urgent care needs., Study registrations: This study is registered as PROSPERO CRD42018111461. WP 1.2: University of Leicester ethics: 17525-spc3-ls:healthsciences, WP 2: IRAS 262143, CAG 19/CAG/0194, WP 3: IRAS 215818, REC 17/YH/0024, CAG 17/CAG/0024., Funding: This project was funded by the National Institute for Health and Care Research (NIHR) Health and Social Care Delivery Research programme [project number 17/05/96 (Emergency Care for Older People)] and will be published in full in Health and Social Care Delivery Research; Vol. 11, No. 14. See the NIHR Journals Library website for further project information.",2023,,Health and social care delivery research,11,14,1-183,,10.3310/NLCT5104,,#485,Conroy 2023,Exclusion reason: Irrelevant study; ,""
Integrated Care Models for Long Coronavirus Disease.,"Barshikar, Surendra; Laguerre, Martin; Gordon, Patricia; Lopez, Marielisa","Professional or governmental agencies and organizations have developed guidelines to define the problem and evaluate and manage patients with Post-Acute Sequelae of SARS CoV-2 (PASC). Multidisciplinary models largely exist in academic centers and larger cities; however, most care for PASC patients is provided by the primary care providers. The American Academy of Physical Medicine and Rehabilitation has been in the forefront in releasing consensus statements as a part of the long COVID collaborative. Copyright © 2023 Elsevier Inc. All rights reserved.",2023,,Physical medicine and rehabilitation clinics of North America,34,3,689-700,,10.1016/j.pmr.2023.03.007,,#492,Barshikar 2023,Exclusion reason: Irrelevant study; ,""
Modeling the impact of early interventions on the transmission dynamics of coronavirus infection.,"Bornaa, Christopher Saaha; Seidu, Baba; Seini, Yakubu Ibrahim","A deterministic model is proposed to describe the transmission dynamics of coronavirus infection with early interventions. Epidemiological studies have employed modeling to unravel knowledge that transformed the lives of families, communities, nations and the entire globe. The study established the stability of both disease free and endemic equilibria. Stability occurs when the reproduction number, R0, is less than unity for both disease free and endemic equilibrium points. The global stability of the disease-free equilibrium point of the model is established whenever the basic reproduction number R0 is less than or equal to unity. The reproduction number is also shown to be directly related to the transmission probability (beta), rate at which latently infected individuals join the infected class (delta) and rate of recruitment (LAMBDA). It is inversely related to natural death rate (mu), rate of early treatment (tau 1), rate of hospitalization of infected individuals (theta) and Covid-induced death rate (sigma). The analytical results established are confirmed by numerical simulation of the model. Copyright: © 2021 Bornaa CS et al.",2021,,F1000Research,10,101594320,518,,10.12688/f1000research.54268.1,,#498,Bornaa 2021,Exclusion reason: No knowledge user participation; ,""
A hybrid Neural Network-SEIR model for forecasting intensive care occupancy in Switzerland during COVID-19 epidemics.,"Delli Compagni, Riccardo; Cheng, Zhao; Russo, Stefania; Van Boeckel, Thomas P","Anticipating intensive care unit (ICU) occupancy is critical in supporting decision makers to impose (or relax) measures that mitigate COVID-19 transmission. Mechanistic approaches such as Susceptible-Infected-Recovered (SIR) models have traditionally been used to achieve this objective. However, formulating such models is challenged by the necessity to formulate equations for plausible causal mechanisms between the intensity of COVID-19 transmission and external epidemic drivers such as temperature, and the stringency of non-pharmaceutical interventions. Here, we combined a neural network model (NN) with a Susceptible-Exposed-Infected-Recovered model (SEIR) in a hybrid model and attempted to increase the prediction accuracy of existing models used to forecast ICU occupancy. Between 1st of October, 2020 - 1st of July, 2021, the hybrid model improved performances of the SEIR model at different geographical levels. At a national level, the hybrid model improved, prediction accuracy (i.e., mean absolute error) by 74%. At the cantonal and hospital levels, the reduction on the forecast's mean absolute error were 46% and 50%, respectively. Our findings illustrate those predictions from hybrid model can be used to anticipate occupancy in ICU, and support the decision-making for lifesaving actions such as the transfer of patients and dispatching of medical personnel and ventilators.",2022,,PloS one,17,3,e0263789,,10.1371/journal.pone.0263789,,#505,DelliCompagni 2022,Exclusion reason: Not an infectious disease; ,""
VA Big Data Science: A Model for Improved National Pandemic Response Present and Future.,"Young-Xu, Yinong; Davey, Victoria; Marconi, Vincent C; Cunningham, Francesca E","Background: The US Department of Veterans Affairs (VA) enterprise approach to research (VA Research) has built a data-sharing framework available to all research teams within VA. Combined with robust analytic systems and tools available for investigators, VA Research has produced actionable results during the COVID-19 pandemic. Big data science techniques applied to VA's health care data demonstrate that medical research can be performed quickly and judiciously during nationwide health care emergencies., Observations: We envision a common framework of data collection, management, and surveillance implemented in partnership with other health care agencies that would capture even broader, actionable, and timely observational data on populations, while providing opportunities for enhanced collaborative research across agencies. This model should be continued and expanded through the current COVID-19 and future pandemics., Conclusions: Extending the achievements of VA Research in the COVID-19 pandemic to date, we advocate national goals of open science by working toward a synergistic national framework of anonymized, synchronized, shared health data that would provide researchers with potent tools to combat future public health crises. Copyright © 2023 Frontline Medical Communications Inc., Parsippany, NJ, USA.",2023,,"Federal practitioner : for the health care professionals of the VA, DoD, and PHS",40,11 Suppl 5,S39-S42,,10.12788/fp.0412,,#514,Young-Xu 2023,Exclusion reason: Irrelevant study; ,""
Modeling and forecasting of COVID-19 using a hybrid dynamic model based on SEIRD with ARIMA corrections.,"Ala'raj, Maher; Majdalawieh, Munir; Nizamuddin, Nishara","The outbreak of novel coronavirus (COVID-19) attracted worldwide attention. It has posed a significant challenge for the global economies, especially the healthcare sector. Even with a robust healthcare system, countries were not prepared for the ramifications of COVID-19. Several statistical, dynamic, and mathematical models of the COVID-19 outbreak including the SEIR model have been developed to analyze the infection its transmission dynamics. The objective of this research is to use public data to study the properties associated with the COVID-19 pandemic to develop a dynamic hybrid model based on SEIRD and ascertainment rate with automatically selected parameters. The proposed model consists of two parts: the modified SEIRD dynamic model and ARIMA models. We fit SEIRD model parameters against historical values of infected, recovered and deceased population divided by ascertainment rate, which, in turn, is also a parameter of the model. Residuals of the first model for infected, recovered, and deceased populations are then corrected using ARIMA models. The model can analyze the input data in real-time and provide long- and short-term forecasts with confidence intervals. The model was tested and validated on the US COVID statistics dataset from the COVID Tracking Project. For validation, we use unseen recent statistical data. We use five common measures to estimate model prediction ability: MAE, MSE, MLSE, Normalized MAE, and Normalized MSE. We proved a great model ability to make accurate predictions of infected, recovered, and deceased patients. The output of the model can be used by the government, private sectors, and policymakers to reduce health and economic risks significantly improved consumer credit scoring. Copyright © 2020 The Authors.",2021,,Infectious Disease Modelling,6,101692406,98-111,,10.1016/j.idm.2020.11.007,,#517,Ala'raj 2021,Exclusion reason: No knowledge user participation; ,""
Assessing the dynamics and impact of COVID-19 vaccination on disease spread: A data-driven approach.,"Waseel, Farhad; Streftaris, George; Rudrusamy, Bhuvendhraa; Dass, Sarat C","The COVID-19 pandemic has significantly impacted global health, social, and economic situations since its emergence in December 2019. The primary focus of this study is to propose a distinct vaccination policy and assess its impact on controlling COVID-19 transmission in Malaysia using a Bayesian data-driven approach, concentrating on the year 2021. We employ a compartmental Susceptible-Exposed-Infected-Recovered-Vaccinated (SEIRV) model, incorporating a time-varying transmission rate and a data-driven method for its estimation through an Exploratory Data Analysis (EDA) approach. While no vaccine guarantees total immunity against the disease, and vaccine immunity wanes over time, it is critical to include and accurately estimate vaccine efficacy, as well as a constant vaccine immunity decay or wane factor, to better simulate the dynamics of vaccine-induced protection over time. Based on the distribution and effectiveness of vaccines, we integrated a data-driven estimation of vaccine efficacy, calculated at 75% for Malaysia, underscoring the model's realism and relevance to the specific context of the country. The Bayesian inference framework is used to assimilate various data sources and account for underlying uncertainties in model parameters. The model is fitted to real-world data from Malaysia to analyze disease spread trends and evaluate the effectiveness of our proposed vaccination policy. Our findings reveal that this distinct vaccination policy, which emphasizes an accelerated vaccination rate during the initial stages of the program, is highly effective in mitigating the spread of COVID-19 and substantially reducing the pandemic peak and new infections. The study found that vaccinating 57-66% of the population (as opposed to 76% in the real data) with a better vaccination policy such as proposed here is able to significantly reduce the number of new infections and ultimately reduce the costs associated with new infections. The study contributes to the development of a robust and informative representation of COVID-19 transmission and vaccination, offering valuable insights for policymakers on the potential benefits and limitations of different vaccination policies, particularly highlighting the importance of a well-planned and efficient vaccination rollout strategy. While the methodology used in this study is specifically applied to national data from Malaysia, its successful application to local regions within Malaysia, such as Selangor and Johor, indicates its adaptability and potential for broader application. This demonstrates the model's adaptability for policy assessment and improvement across various demographic and epidemiological landscapes, implying its usefulness for similar datasets from various geographical regions. Copyright © 2024 The Authors.",2024,,Infectious Disease Modelling,9,2,527-556,,10.1016/j.idm.2024.02.010,,#520,Waseel 2024,Exclusion reason: No knowledge user participation; ,""
Resilience as a measure of preparedness for pandemic influenza outbreaks.,"Romero Rodriguez, Daniel; Silva, Walter; Savachkin, Alex; Das, Tapas; Daza, Julio","The global crisis generated by COVID-19 has heightened awareness of pandemic outbreaks. From a public health preparedness standpoint, it is essential to assess the impact of a pandemic and also the resilience of the affected communities, which is the ability to withstand and recover quickly after a pandemic outbreak. The infection attack rate has been the common metric to assess community response to a pandemic outbreak, while it focuses on the number of infected it does not capture other dimensions such as the recovery time. The aim of this research is to develop community resilience measures and demonstrate their estimation using a simulated pandemic outbreak in a region in the USA. Three scenarios are analysed with different combinations of virus transmissibility rates and non-pharmaceutical interventions. I The inclusion of the resilience framework in the pandemics outbreak analysis will enable decision makers to capture the multi dimensional nature of community response. Copyright © 2022 The Operational Research Society.",2024,,"Health systems (Basingstoke, England)",13,1,1-10,,10.1080/20476965.2022.2062462,,#521,RomeroRodriguez 2024,Exclusion reason: Irrelevant study; ,""
Executive and hierarchical models for participatory response to health emergencies in the workplace: Lessons from COVID-19.,"Motalebi Ghayen, Masoud; Faghihi, Mitra; Farshad, Ali Asghar; Ezati, Elahe; Aligol, Mohammad; Yarmohammadi, Soudabeh; Shirzadi, Shayesteh; Hassanzadeh-Rangi, Narmin; Khosravi, Yahya","Introduction: Workplaces are high-risk environments for epidemic transmission, and the COVID-19 pandemic has highlighted the significant impacts that health emergencies can have on both the healthcare system and the economy. This study presents executive and hierarchical models for participatory response to health emergencies in the workplace, with a focus on COVID-19., Methods: The study was conducted in three phases. Content analysis of interviews with 101 stakeholders and national documents was used to identify key themes and dimensions for an executive model. A focus group discussion and review of international documents were then used to refine and expand the executive and hierarchical models. The alignment and trustworthiness of the final models, as well as feedback, were gathered from 117 informants working in various workplaces., Results: The executive model highlighted that context understanding, management commitment, and participation play critical roles in developing tailored prevention and response plans, and adequate support is necessary for successful plan implementation. Monitoring and review processes should be established to ensure proper functioning. The hierarchical model emphasizes the need for collaborative efforts from various stakeholders to effectively implement pandemic prevention and participatory response plans., Conclusion: Overall, the executive and hierarchical participatory models presented in this study provide a framework for effectively controlling pandemics and other health emergencies in the workplace, enhancing both health resilience and the sustainability of economic activities. Copyright © 2024 The Authors. Published by Elsevier Ltd.",2024,,Heliyon,10,2,e24930,,10.1016/j.heliyon.2024.e24930,,#523,MotalebiGhayen 2024,Exclusion reason: Not a mathematical model; ,""
Adapting the Evidence Academy model for virtual stakeholder engagement in a national setting during the COVID-19 pandemic.,"Carter-Edwards, Lori; Leverty, Renee; Bilheimer, Alicia; Bailey, Lindsay; Adeshina, Bukola; Shrestha, Prabisha; Yu, Zhitong; Dave, Gaurav; Cohen-Wolkowiez, Michael; Kibbe, Warren; Corbie, Giselle","The COVID-19 pandemic raised the importance of adaptive capacity and preparedness when engaging historically marginalized populations in research and practice. The Rapid Acceleration of Diagnostics in Underserved Populations' COVID-19 Equity Evidence Academy Series (RADx-UP EA) is a virtual, national, interactive conference model designed to support and engage community-academic partnerships in a collaborative effort to improve practices that overcome disparities in SARS-CoV-2 testing and testing technologies. The RADx-UP EA promotes information sharing, critical reflection and discussion, and creation of translatable strategies for health equity. Staff and faculty from the RADx-UP Coordination and Data Collection Center developed three EA events with diverse geographic, racial, and ethnic representation of attendees from RADx-UP community-academic project teams: February 2021 (n = 319); November 2021 (n = 242); and September 2022 (n = 254). Each EA event included a data profile; 2-day, virtual event; event summary report; community dissemination product; and an evaluation strategy. Operational and translational delivery processes were iteratively adapted for each EA across one or more of five adaptive capacity domains: assets, knowledge and learning, social organization, flexibility, and innovation. The RADx-UP EA model can be generalized beyond RADx-UP and tailored by community and academic input to respond to local or national health emergencies. Copyright © The Author(s) 2023.",2023,,Journal of clinical and translational science,7,1,e98,,10.1017/cts.2023.37,,#526,Carter-Edwards 2023,Exclusion reason: Irrelevant study; ,""
A mathematical model for transmission dynamics of COVID-19 infection.,"Awasthi, Arti","In this paper, a mathematical model of COVID-19 has been proposed to study the transmission dynamics of infection by taking into account the role of symptomatic and asymptomatic infected individuals. The model has also considered the effect of non-pharmaceutical interventions (NPIs) in controlling the spread of virus. The basic reproduction number ( R0 ) has been computed and the analysis shows that for R0 < 1 , the disease-free state becomes globally stable. The conditions of existence and stability for two other equilibrium states have been obtained. Transcritical bifurcation occurs when basic reproduction number is one (i.e. R0 = 1 ). It is found that when asymptomatic cases get increased, infection will persist in the population. However, when symptomatic cases get increased as compared to asymptomatic ones, the endemic state will become unstable and infection may eradicate from the population. Increasing NPIs decrease the basic reproduction number and hence, the epidemic can be controlled. As the COVID-19 transmission is subject to environmental fluctuations, the effect of white noise has been considered in the deterministic model. The stochastic differential equation model has been solved numerically by using the Euler-Maruyama method. The stochastic model gives large fluctuations around the respective deterministic solutions. The model has been fitted by using the COVID-19 data of three waves of India. A good match is obtained between the actual data and the predicted trajectories of the model in all three waves of COVID-19. The findings of this model may assist policymakers and healthcare professionals in implementing the most effective measures to prevent the transmission of COVID-19 in different settings. Copyright © The Author(s), under exclusive licence to Societa Italiana di Fisica and Springer-Verlag GmbH Germany, part of Springer Nature 2023, Springer Nature or its licensor (e.g. a society or other partner) holds exclusive rights to this article under a publishing agreement with the author(s) or other rightsholder(s); author self-archiving of the accepted manuscript version of this article is solely governed by the terms of such publishing agreement and applicable law.",2023,,European physical journal plus,138,3,285,,10.1140/epjp/s13360-023-03866-w,,#529,Awasthi 2023,Exclusion reason: No knowledge user participation; ,""
Mathematical Modelling of the Spatial Distribution of a COVID-19 Outbreak with Vaccination Using Diffusion Equation.,"Kammegne, Brice; Oshinubi, Kayode; Babasola, Oluwatosin; Peter, Olumuyiwa James; Longe, Olumide Babatope; Ogunrinde, Roseline Bosede; Titiloye, Emmanuel Olurotimi; Abah, Roseline Toyin; Demongeot, Jacques","The formulation of mathematical models using differential equations has become crucial in predicting the evolution of viral diseases in a population in order to take preventive and curative measures. In December 2019, a novel variety of Coronavirus (SARS-CoV-2) was identified in Wuhan, Hubei Province, China, which causes a severe and potentially fatal respiratory syndrome. Since then, it has been declared a pandemic by the World Health Organization and has spread around the globe. A reaction-diffusion system is a mathematical model that describes the evolution of a phenomenon subjected to two processes: a reaction process, in which different substances are transformed, and a diffusion process, which causes their distribution in space. This article provides a mathematical study of the Susceptible, Exposed, Infected, Recovered, and Vaccinated population model of the COVID-19 pandemic using the bias of reaction-diffusion equations. Both local and global asymptotic stability conditions for the equilibria were determined using a Lyapunov function, and the nature of the stability was determined using the Routh-Hurwitz criterion. Furthermore, we consider the conditions for the existence and uniqueness of the model solution and show the spatial distribution of the model compartments when the basic reproduction rate R0<1 and R0>1. Thereafter, we conducted a sensitivity analysis to determine the most sensitive parameters in the proposed model. We demonstrate the model's effectiveness by performing numerical simulations and investigating the impact of vaccination, together with the significance of spatial distribution parameters in the spread of COVID-19. The findings indicate that reducing contact with an infected person and increasing the proportion of susceptible people who receive high-efficacy vaccination will lessen the burden of COVID-19 in the population. Therefore, we offer to the public health policymakers a better understanding of COVID-19 management.",2023,,"Pathogens (Basel, Switzerland)",12,1,,,10.3390/pathogens12010088,,#534,Kammegne 2023,"Exclusion reason: No specific setting (geography: country(s), city(s)); ",""
"Cost-effectiveness of a decentralized, community-based ""one-stop-shop"" hepatitis C testing and treatment program in Yangon, Myanmar.","Win, Thin Mar; Draper, Bridget Louise; Palmer, Anna; Htay, Hla; Sein, Yi Yi; Shilton, Sonjelle; Kyi, Khin Pyone; Hellard, Margaret; Scott, Nick","Background and Aim: The availability of direct-acting antiviral (DAA) treatment and point-of-care diagnostic testing has made hepatitis C (HCV) elimination possible even in low- and middle-income countries (LMICs); however, testing and treatment costs remain a barrier. We estimated the cost and cost-effectiveness of a decentralized community-based HCV testing and treatment program (CT2) in Myanmar., Methods: Primary cost data included the costs of DAAs, investigations, medical supplies and other consumables, staff salaries, equipment, and overheads. A deterministic cohort-based Markov model was used to estimate the average cost of care, the overall quality-adjusted life years (QALYs) gained, and the incremental cost-effectiveness ratio (ICER) of providing testing and DAA treatment compared with a modeled counterfactual scenario of no testing and no treatment., Results: From 30 January to 30 September 2019, 633 patients were enrolled, of whom 535 were HCV RNA-positive, 489 were treatment eligible, and 488 were treated. Lifetime discounted costs and QALYs of the cohort in the counterfactual no testing and no treatment scenario were estimated to be USD61790 (57 898-66 898) and 6309 (5682-6363) respectively, compared with USD123 248 (122 432-124 101) and 6518 (5894-6671) with the CT2 model of care, giving an ICER of USD294 (192-340) per QALY gained. This ""one-stop-shop"" model of care has a 90% likelihood of being cost-effective if benchmarked against a willingness to pay of US$300, which is 20% of Myanmar's GDP per capita (2020)., Conclusions: The CT2 model of HCV care is cost-effective in Myanmar and should be expanded to meet the National Hepatitis Control Program's 2030 target, alongside increasing the affordability and accessibility of services. Copyright © 2023 The Authors. JGH Open published by Journal of Gastroenterology and Hepatology Foundation and John Wiley & Sons Australia, Ltd.",2023,,JGH open : an open access journal of gastroenterology and hepatology,7,11,755-764,,10.1002/jgh3.12978,,#538,Win 2023,Exclusion reason: Not a mathematical model; ,""
Modeling the dynamics of rubella disease with vertical transmission.,"Tilahun, Getachew Teshome; Tolasa, Tariku Merga; Wole, Getinet Alemayehu","Rubella is a highly contagious and serious human disease caused by the rubella virus. It affects everyone around the world, but it is especially common in pregnant women and children. In particular, when pregnant women are infected with the rubella virus, it causes Congenital Rubella Syndrome (it transmit vertically from mother to fetus, which causes that the new born baby to inherit birth defect disease). In order to prevent this viral disease, children must receive an MMR (measles, mumps and rubella) vaccine twice. If children receive two doses of the vaccine, then they develop long life immunity (protected against rubella). Based on the biological behavior of rubella disease, the SVPEIRS (susceptible, vaccinated, protected, exposed, infected, recovered) deterministic mathematical model of rubella disease dynamics is proposed. From the perspective of the qualitative behavior of the model, it is bounded in the invariant region and all the solutions of the compartment are positive. In addition, the equilibrium points and the stability of the equilibrium points (local and global) are also analyzed. The basic reproductive number is determined using a next-generation matrix. The results of the sensitivity analysis show that rubella is spread in a community if the values of contact rate, vertical transmission (neonatal infection) rate, exposure rate and rate of waning out of the first vaccinating dose are increase by keeping other parameters constant. On the other hand, increasing the first and second vaccination rate and treatment rate can help to control rubella in the community. Numerical simulation results show that due to the lack of protection for women before pregnancy, the number of infections increases with the birth of infected children, and the two doses of vaccine play a significant role in reducing and eliminating rubella. Therefore, to eliminate rubella in the community, healthcare and policymakers must pay attention to these parameters. Copyright © 2022 The Author(s).",2022,,Heliyon,8,11,e11797,,10.1016/j.heliyon.2022.e11797,,#545,Tilahun 2022,"Exclusion reason: No specific setting (geography: country(s), city(s)); ",""
Modelling the impact of school reopening and contact tracing strategies on Covid-19 dynamics in different epidemiologic settings in Brazil.,"Borges, Marcelo Eduardo; Ferreira, Leonardo Souto; Poloni, Silas; Bagattini, Angela Maria; Franco, Caroline; da Rosa, Michelle Quarti Machado; Simon, Lorena Mendes; Camey, Suzi Alves; Kuchenbecker, Ricardo de Souza; Prado, Paulo Inacio; Diniz-Filho, Jose Alexandre Felizola; Kraenkel, Roberto Andre; Coutinho, Renato Mendes; Toscano, Cristiana Maria","We simulate the impact of school reopening during the COVID-19 pandemic in three major urban centers in Brazil to identify the epidemiological indicators and the best timing for the return of in-school activities and the effect of contact tracing as a mitigation measure. Our goal is to offer guidelines for evidence-based policymaking. We implement an extended SEIR model stratified by age and considering contact networks in different settings - school, home, work, and community, in which the infection transmission rate is affected by various intervention measures. After fitting epidemiological and demographic data, we simulate scenarios with increasing school transmission due to school reopening, and also estimate the number of hospitalization and deaths averted by the implementation of contact tracing. Reopening schools results in a non-linear increase in reported COVID-19 cases and deaths, which is highly dependent on infection and disease incidence at the time of reopening. When contact tracing and quarantining are restricted to school and home settings, a large number of daily tests is required to produce significant effects in reducing the total number of hospitalizations and deaths. Policymakers should carefully consider the epidemiological context and timing regarding the implementation of school closure and return of in-person school activities. While contact tracing strategies prevent new infections within school environments, they alone are not sufficient to avoid significant impacts on community transmission. Copyright © 2022 Published by Elsevier Inc.",2022,,Global epidemiology,4,101759263,100094,,10.1016/j.gloepi.2022.100094,,#547,Borges 2022,Exclusion reason: No knowledge user participation; ,""
ABV-CoViD: An Ensemble Forecasting Model to Predict Availability of Beds and Ventilators for COVID-19 Like Pandemics.,"Prasad, Vivek Kumar; Bhattacharya, Pronaya; Bhavsar, Madhuri; Verma, Ashwin; Tanwar, Sudeep; Sharma, Gulshan; Bokoro, Pitshou N; Sharma, Ravi","Recently, healthcare stakeholders have orchestrated steps to strengthen and curb the COVID-19 wave. There has been a surge in vaccinations to curb the virus wave, but it is crucial to strengthen our healthcare resources to fight COVID-19 and like pandemics. Recent researchers have suggested effective forecasting models for COVID-19 transmission rate, spread, and the number of positive cases, but the focus on healthcare resources to meet the current spread is not discussed. Motivated from the gap, in this paper, we propose a scheme, ABV-CoViD (Availibility of Beds and Ventilators for COVID-19 patients), that forms an ensemble forecasting model to predict the availability of beds and ventilators (ABV) for the COVID-19 patients. The scheme considers a region-wise demarcation for the allotment of beds and ventilators (BV), termed resources, based on region-wise ABV and COVID-19 positive patients (inside the hospitals occupying the BV resource). We consider an integration of artificial neural network (ANN) and auto-regressive integrated neural network (ARIMA) model to address both the linear and non-linear dependencies. We also consider the effective wave spread of COVID-19 on external patients (not occupying the BV resources) through a [Formula: see text]- ARNN model, which gives us long-term complex dependencies of BV resources in the future time window. We have considered the COVID-19 healthcare dataset on 3 USA regions (Illinois, Michigan, and Indiana) for testing our ensemble forecasting scheme from January 2021 to May 2022. We evaluated our scheme in terms of statistical performance metrics and validated that ensemble methods have higher accuracy. In simulation, for linear modelling, we considered the [Formula: see text] model, and [Formula: see text] model for ANN modelling. We considered the [Formula: see text](12,6) forecasting. On a population of 2,93,90,897, the obtained mean absolute error (MAE) on average for 3 regions is 170.5514. The average root means square error (RMSE) of [Formula: see text]-ARNN is 333.18, with an accuracy of 98.876%, which shows the scheme's efficacy in ABV measurement over conventional and manual resource allocation schemes.",2022,,"IEEE access : practical innovations, open solutions",10,101639462,74131-74151,,10.1109/ACCESS.2022.3190497,,#548,Prasad 2022,Exclusion reason: Not a mathematical model; ,""
A dynamic physical-distancing model to evaluate spatial measures for prevention of Covid-19 spread.,"Xiao, Tianyi; Mu, Tong; Shen, Sunle; Song, Yiming; Yang, Shufan; He, Jie","Motivated by the global pandemic of COVID-19, this study investigates the spatial factors influencing physical distancing, and how these affect the transmission of the SARS-CoV-2 virus, by integrating pedestrian dynamics with a modified susceptible-exposed-infectious model. Contacts between infected and susceptible pedestrians are examined by determining physical-distancing pedestrian dynamics in three types of spaces, and used to estimate the proportion of newly infected pedestrians in these spaces. Desired behaviour for physical distancing can be observed from simulation results, and aggregated simulation findings reveal that certain layouts enable physical distancing to reduce the transmission of SARS-CoV-2. We also provide policymakers with several design guidelines on how to proactively design more effective and resilient space layouts in the context of pandemics to keep low transmission risks while maintaining a high pedestrian volume. This approach has enormous application potential for other infectious-disease transmission and space assessments. Copyright © 2021 The Authors.",2022,,Physica A,592,9890571,126734,,10.1016/j.physa.2021.126734,,#558,Xiao 2022,Exclusion reason: No knowledge user participation; Nancy Tahmo (2025-05-01 05:28:06)(Select): Funded; ,""
A decision analytic approach for social distancing policies during early stages of COVID-19 pandemic.,"Ertem, Zeynep; Araz, Ozgur M; Cruz-Aponte, Maytee","The COVID-19 pandemic has become a crucial public health problem in the world that disrupted the lives of millions in many countries including the United States. In this study, we present a decision analytic approach which is an efficient tool to assess the effectiveness of early social distancing measures in communities with different population characteristics. First, we empirically estimate the reproduction numbers for two different states. Then, we develop an age-structured compartmental simulation model for the disease spread to demonstrate the variation in the observed outbreak. Finally, we analyze the computational results and show that early trigger social distancing strategies result in smaller death tolls; however, there are relatively larger second waves. Conversely, late trigger social distancing strategies result in higher initial death tolls but relatively smaller second waves. This study shows that decision analytic tools can help policy makers simulate different social distancing scenarios at the early stages of a global outbreak. Policy makers should expect multiple waves of cases as a result of the social distancing policies implemented when there are no vaccines available for mass immunization and appropriate antiviral treatments. Copyright © 2021 Elsevier B.V. All rights reserved.",2022,,Decision support systems,161,101550449,113630,,10.1016/j.dss.2021.113630,,#560,Ertem 2022,Exclusion reason: No knowledge user participation; ,""
Impact of school reopening on pandemic spread: A case study using an agent-based model for COVID-19.,"Tatapudi, Hanisha; Das, Tapas K","This article examines the impact of partial/full reopening of school/college campuses on the spread of a pandemic using COVID-19 as a case study. The study uses an agent-based simulation model that replicates community spread in an urban region of U.S.A. via daily social mixing of susceptible and infected individuals. Data representing population demographics, SARS-CoV-2 epidemiology, and social interventions guides the model's behavior, which is calibrated and validated using data reported by the government. The model indicates a modest but significant increase (8.15%) in the total number of reported cases in the region for a complete (100%) reopening compared to keeping schools and colleges fully virtual. For partial returns of 75% and 50%, the percent increases in the number of reported cases are shown to be small (2.87% and 1.26%, respectively) and statistically insignificant. The AB model also predicts that relaxing the stringency of the school safety protocol for sanitizing, use of mask, social distancing, testing, and quarantining and thus allowing the school transmission coefficient to double may result in a small increase in the number of reported infected cases (2.14%). Hence for pandemic outbreaks from viruses with similar characteristics as for SARS-CoV-2, keeping the schools and colleges open with a modest campus safety protocol and in-person attendance below a certain threshold may be advisable. Copyright © 2021 The Authors.",2021,,Infectious Disease Modelling,6,101692406,839-847,,10.1016/j.idm.2021.06.007,,#570,Tatapudi 2021,Exclusion reason: No knowledge user participation; ,""
"Covid-19 Control and the Economy: Test, Test, Test.","Taamouti, Abderrahim","Hard lockdowns have left policymakers to face the ethical dilemma of choosing between saving lives and saving the economy. However, massive testing could have helped to respond more effectively to Covid-19 crisis. In this paper, we study the trade-off between infection control, lockdown and testing. The aim is to understand how these policies can be effectively combined to contain Covid-19 without damaging the economy. An extended SIR epidemic model is developed to identify the set of testing and lockdown levels that lead to a reproduction number below one, thus to infection control and saving lives. Depending on whether the testing policy is static or dynamic, the model suggests that testing 4% to 7% of the population is the way to safely reopen the economy and the society. Copyright © 2021 The Authors. Oxford Bulletin of Economics and Statistics published by Oxford University and John Wiley & Sons Ltd.",2021,,Oxford bulletin of economics and statistics,83,5,1011-1028,,10.1111/obes.12442,,#571,Taamouti 2021,Exclusion reason: No knowledge user participation; ,""
Modeling infection dynamics and mitigation strategies to support K-6 in-person instruction during the COVID-19 pandemic.,"Morrison, Douglas E; Nianogo, Roch; Manuel, Vladimir; Arah, Onyebuchi A; Anderson, Nathaniel; Kuo, Tony; Inkelas, Moira","OBJECTIVE: To support safer in-person K-6 instruction during the coronavirus disease 2019 (COVID- 19) pandemic by providing public health authorities and school districts with a practical model of transmission dynamics and mitigation strategies., METHODS: We developed an agent-based model of infection dynamics and preventive mitigation strategies such as distancing, health behaviors, surveillance and symptomatic testing, daily symptom and exposure screening, quarantine policies, and vaccination. The model parameters can be updated as the science evolves and are adjustable via an online user interface, enabling users to explore the effects of interventions on outcomes of interest to states and localities, under a variety of plausible epidemiological and policy assumptions., RESULTS: Under default assumptions, secondary infection rates and school attendance are substantially affected by surveillance testing protocols, vaccination rates, class sizes, and effectiveness of safety education., CONCLUSIONS: Our model helps policymakers consider how mitigation options and the dynamics of school infection risks affect outcomes of interest. The model's parameters can be immediately updated in response to changes in epidemiological conditions, science of COVID-19 transmission dynamics, testing and vaccination resources, and reliability of mitigation strategies.",2021,,medRxiv : the preprint server for health sciences,,101767986,,,10.1101/2021.02.27.21252535,,#576,Morrison 2021,Exclusion reason: No knowledge user participation; ,""
Modelling Strong Control Measures for Epidemic Propagation With Networks-A COVID-19 Case Study.,"Small, Michael; Cavanagh, David","We show that precise knowledge of epidemic transmission parameters is not required to build an informative model of the spread of disease. We propose a detailed model of the topology of the contact network under various external control regimes and demonstrate that this is sufficient to capture the salient dynamical characteristics and to inform decisions. Contact between individuals in the community is characterised by a contact graph, the structure of that contact graph is selected to mimic community control measures. Our model of city-level transmission of an infectious agent (SEIR model) characterises spread via a (a) scale-free contact network (no control); (b) a random graph (elimination of mass gatherings); and (c) small world lattice (partial to full lockdown-""social"" distancing). This model exhibits good qualitative agreement between simulation and data from the 2020 pandemic spread of a novel coronavirus. Estimates of the relevant rate parameters of the SEIR model are obtained and we demonstrate the robustness of our model predictions under uncertainty of those estimates. The social context and utility of this work is identified, contributing to a highly effective pandemic response in Western Australia. Copyright This work is licensed under a Creative Commons Attribution 4.0 License. For more information, see https://creativecommons.org/licenses/by/4.0/.",2020,,"IEEE access : practical innovations, open solutions",8,101639462,109719-109731,,10.1109/ACCESS.2020.3001298,,#579,Small 2020,Exclusion reason: No knowledge user participation; ,""
The global COVID-19 pandemic at a crossroads: relevant countermeasures and ways ahead.,"Zhou, Yimin; Li, Jun; Chen, Zuguo; Luo, Qingsong; Wu, Xiangdong; Ye, Lingjian; Ni, Haiyang; Fei, Chunnan","BACKGROUND: Since the outbreak of novel coronavirus disease (COVID-19) in Wuhan, China at the beginning of December 2019, there have been over 11,200,000 confirmed cases in the world as of the 3rd July 2020, affecting over 213 countries and regions with nearly 530,000 deaths. The pandemic has been sweeping all continents, North America, Latin America, Europe, Middle East and South Asia among others at an alarming rapidity. Here, we provide an estimate of the scale of the pandemic spread under different scenarios of variation in key influencing parameters with a hybrid model., METHODS: We developed a new hybrid model of infectious disease transmission based on Cellular Automata (CA)-configured SEIR to analyse the COVID-19 outbreak and estimate its transmission pattern. A probabilistic contamination network is embedded in the pandemic transmission model to capture the randomness feature of person-to-person spread of the novel virus. We used the improved SEIR model to quantify the population contact state with isolation measures under different continuous time series contact probability via CA. We adjusted the modelling parameters to verify the model performance in accordance to the data from the reports published by the Chinese Center for Disease Control and Prevention. We simulated several scenarios by varying such key parameters as number of isolation rate, average contact times of the population, number of infected people before taking prevention and control measures, medical level and number of imported cases., RESULTS: In the baseline model, we identified that the isolation control as the most influencing factor that had the largest impact on decreasing the speed of the reproductive number, accelerating the arrival of the ""inflection point"" of pandemic prevention and control, and the death rate reduction. We estimated that the probability of people contacts and the number of the onset infected cases before prevention measures also had significant effect on the infection rate reduction with appropriate prevention measures adoption, which partly reflects the impact of timely measure on the severity of the outbreak. We found that imported cases will risk the domestic prevention., CONCLUSIONS: Our modelling results clearly indicate that early-stage preventive measures are the most effective way to contain the pandemic spread and a strong interventionist approach needs to be adopted by policymakers vis-a-vis of the highly contagious nature of the COVID-19. Human resources, intensified isolation and confinement as well as special hospital buildings should be prioritised in countries with large number of infections to constrain the global transmission of the virulent infection. To do so, internationally coordinated actions require to be taken to replicate good practices to less infected countries and regions immediately. Copyright 2020 Journal of Thoracic Disease. All rights reserved.",2020,,Journal of thoracic disease,12,10,5739-5755,,10.21037/jtd-20-1315,,#581,Zhou 2020,Exclusion reason: No knowledge user participation; ,""
Evolutionary game theory modelling to represent the behavioural dynamics of economic shutdowns and shield immunity in the COVID-19 pandemic.,"Kabir, K M Ariful; Tanimoto, Jun","The unprecedented global spread of COVID-19 has prompted dramatic public-health measures like strict stay-at-home orders and economic shutdowns. Some governments have resisted such measures in the hope that naturally acquired shield immunity could slow the spread of the virus. In the absence of empirical data about the effectiveness of these measures, policymakers must turn to epidemiological modelling to evaluate options for responding to the pandemic. This paper combines compartmental epidemiological models with the concept of behavioural dynamics from evolutionary game theory (EGT). This innovation allows us to model how compliance with an economic lockdown might wane over time, as individuals weigh the risk of infection against the certainty of the economic cost of staying at home. Governments can, however, increase spending on social programmes to mitigate the cost of a shutdown. Numerical analysis of our model suggests that emergency-relief funds spent at the individual level are effective in reducing the duration and overall economic cost of a pandemic. We also find that shield immunity takes hold in a population most easily when a lockdown is enacted with relatively low costs to the individual. Our qualitative analysis of a complex model provides evidence that the effects of shield immunity and economic shutdowns are complementary, such that governments should pursue them in tandem. Copyright © 2020 The Authors.",2020,,Royal Society open science,7,9,201095,,10.1098/rsos.201095,,#584,Kabir 2020,Exclusion reason: No knowledge user participation; ,""
Model predictive control to mitigate the COVID-19 outbreak in a multi-region scenario.,"Carli, Raffaele; Cavone, Graziana; Epicoco, Nicola; Scarabaggio, Paolo; Dotoli, Mariagrazia","The COVID-19 outbreak is deeply influencing the global social and economic framework, due to restrictive measures adopted worldwide by governments to counteract the pandemic contagion. In multi-region areas such as Italy, where the contagion peak has been reached, it is crucial to find targeted and coordinated optimal exit and restarting strategies on a regional basis to effectively cope with possible onset of further epidemic waves, while efficiently returning the economic activities to their standard level of intensity. Differently from the related literature, where modeling and controlling the pandemic contagion is typically addressed on a national basis, this paper proposes an optimal control approach that supports governments in defining the most effective strategies to be adopted during post-lockdown mitigation phases in a multi-region scenario. Based on the joint use of a non-linear Model Predictive Control scheme and a modified Susceptible-Infected-Recovered (SIR)-based epidemiological model, the approach is aimed at minimizing the cost of the so-called non-pharmaceutical interventions (that is, mitigation strategies), while ensuring that the capacity of the network of regional healthcare systems is not violated. In addition, the proposed approach supports policy makers in taking targeted intervention decisions on different regions by an integrated and structured model, thus both respecting the specific regional health systems characteristics and improving the system-wide performance by avoiding uncoordinated actions of the regions. The methodology is tested on the COVID-19 outbreak data related to the network of Italian regions, showing its effectiveness in properly supporting the definition of effective regional strategies for managing the COVID-19 diffusion. Copyright © 2020 Elsevier Ltd. All rights reserved.",2020,,Annual reviews in control,50,9891910,373-393,,10.1016/j.arcontrol.2020.09.005,,#585,Carli 2020,Exclusion reason: No knowledge user participation; ,""
The SARS-CoV-2 pandemic course in Saudi Arabia: A dynamic epidemiological model.,"Al-Khani, Abdullah Murhaf; Khalifa, Mohamed Abdelghafour; Almazrou, Abdulrahman; Saquib, Nazmus","OBJECTIVE: Saudi Arabia ranks second in the number of coronavirus disease 2019 (COVID-19) cases in the Eastern Mediterranean region. It houses the two most sacred religious places for Muslims: Mecca and Medina. It is important to know what the trend in case numbers will be in the next 4-6 months, especially during the Hajj pilgrimage season., METHODS: Epidemiological data on COVID-19 were obtained from the Saudi Arabian Ministry of Health. A susceptible-exposed-infectious-recovered (SEIR) prediction model was constructed to predict the trend in COVID-19 in Saudi Arabia in the next 6 months., FINDINGS: The model predicts that the number of active cases will peak by 22 May 2020. The cumulative infected cases are predicted to reach 70,321 at that time. The total number of infected individuals is estimated reach to 114,580 by the end of the pandemic., CONCLUSION: Our estimates show that by the time the Hajj season commences in Saudi Arabia, the pandemic will be in the midst of its deceleration phase (phase 3). This information will likely be useful to policymakers in their management of the outbreak. Copyright © 2020 The Authors.",2020,,Infectious Disease Modelling,5,101692406,766-771,,10.1016/j.idm.2020.09.006,,#586,Al-Khani 2020,Exclusion reason: No knowledge user participation; ,""
ONLINE FORECASTING OF COVID-19 CASES IN NIGERIA USING LIMITED DATA.,"Abdulmajeed, Kabir; Adeleke, Monsuru; Popoola, Labode","The novel Coronavirus disease (COVID-19) was first identified in Wuhan, China in December 2019 but later spread to other parts of the world. The disease as at the point of writing this paper has been declared a pandemic by the World Health Organization (WHO). The application of mathematical models, artificial intelligence, big data, and similar methodologies are potential tools to predict the extent of the spread and effectiveness of containment strategies to stem the transmission of this disease. In societies with constrained data infrastructures, modeling and forecasting COVID-19 becomes an extremely difficult endeavor. Nonetheless, we propose an online forecasting mechanism that streams data from the Nigeria Center for Disease Control to update the parameters of an ensemble model which in turn provides updated COVID-19 forecasts every 24 hours. The ensemble combines an Auto-Regressive Integrated Moving Average model (ARIMA), Prophet - an additive regression model developed by Facebook, and a Holt-Winters Exponential Smoothing model combined with Generalized Autoregressive Conditional Heteroscedasticity (GARCH). The outcomes of these efforts are expected to provide academic thrust in guiding the policymakers in the deployment of containment strategies and/or assessment of containment interventions in stemming the spread of the disease in Nigeria. Copyright © 2020 The Author(s).",2020,,Data in brief,30,101654995,105683,,10.1016/j.dib.2020.105683,,#589,Abdulmajeed 2020,Exclusion reason: Not a mathematical model; ,""
Possibility of mpox viral transmission and control from high-risk to the general population: a modeling study.,"Yang, Shiting; Guo, Xiaohao; Zhao, Zeyu; Abudunaibi, Buasiyamu; Zhao, Yunkang; Rui, Jia; Wang, Yao; Song, Wentao; Wei, Hongjie; Chen, Tianmu","BACKGROUND: Mpox is an emerging infectious disease that is now a global hazard. The strategies for preventing and controlling mpox should be further investigated in terms of transmission characteristics, infection risk among different populations, and ideal therapeutic approaches., METHODS: A multi-group dynamic model was used to quantify the transmissibility of mpox. We further analyzed the transmission risk from men who have sex with men (MSM) to non-MSM and evaluated the effects of three intervention measures, including community-based prevention, early detection, and vaccination., RESULTS: The median value of effective reproduction number (Reff) and probability of contact via a single contact (q) among MSM worldwide is 3.11 (interquartile range [IQR]: 2.82-5.57) and 2.15% (IQR: 1.95-3.84%). We found that the cumulative incidence rate of non-MSM is much lower than that of MSM (< 1/2048) when the possibility of infection (including the percentage of high-risk behaviors of contact degree [C] and q) was lowered to less than 1 in 100,000. When comparing the three intervention measures, if we want to control the cumulative incidence rate to 5.96 x 10-8 we need to increase the vaccine coverage to 81% or reduce the transmission rate factor (Cq) to 70% or shorten the transmission period to 74%., CONCLUSIONS: Mpox has high transmissibility in MSM, which required minimize the risk of infection and exposure to high-risk populations. Community prevention and control is the top priority of interventions to contain the spread of mpox. Copyright © 2023. The Author(s).",2023,,BMC infectious diseases,23,1,119,,10.1186/s12879-023-08083-5,,#595,Yang 2023,Exclusion reason: No knowledge user participation; ,""
Spatio-temporal dynamic of the COVID-19 epidemic and the impact of imported cases in Rwanda.,"Semakula, Muhammed; Niragire, Francois; Nsanzimana, Sabin; Remera, Eric; Faes, Christel","INTRODUCTION: Africa was threatened by the coronavirus disease 2019 (COVID-19) due to the limited health care infrastructure. Rwanda has consistently used non-pharmaceutical strategies, such as lockdown, curfew, and enforcement of prevention measures to control the spread of COVID-19. Despite the mitigation measures taken, the country has faced a series of outbreaks in 2020 and 2021. In this paper, we investigate the nature of epidemic phenomena in Rwanda and the impact of imported cases on the spread of COVID-19 using endemic-epidemic spatio-temporal models. Our study provides a framework for understanding the dynamics of the epidemic in Rwanda and monitoring its phenomena to inform public health decision-makers for timely and targeted interventions., RESULTS: The findings provide insights into the effects of lockdown and imported infections in Rwanda's COVID-19 outbreaks. The findings showed that imported infections are dominated by locally transmitted cases. The high incidence was predominant in urban areas and at the borders of Rwanda with its neighboring countries. The inter-district spread of COVID-19 was very limited due to mitigation measures taken in Rwanda., CONCLUSION: The study recommends using evidence-based decisions in the management of epidemics and integrating statistical models in the analytics component of the health information system. Copyright © 2023. The Author(s).",2023,,BMC public health,23,1,930,,10.1186/s12889-023-15888-1,,#596,Semakula 2023,Exclusion reason: Not a mathematical model; ,""
"Modelling the effects of social distancing, antiviral therapy, and booster shots on mitigating Omicron spread.","Lee, Jongmin; Mendoza, Renier; Mendoza, Victoria May P; Lee, Jacob; Seo, Yubin; Jung, Eunok","As the COVID-19 situation changes because of emerging variants and updated vaccines, an elaborate mathematical model is essential in crafting proactive and effective control strategies. We propose a COVID-19 mathematical model considering variants, booster shots, waning, and antiviral drugs. We quantify the effects of social distancing in the Republic of Korea by estimating the reduction in transmission induced by government policies from February 26, 2021 to February 3, 2022. Simulations show that the next epidemic peak can be estimated by investigating the effects of waning immunity. This research emphasizes that booster vaccination should be administered right before the next epidemic wave, which follows the increasing waned population. Policymakers are recommended to monitor the waning population immunity using mathematical models or other predictive methods. Moreover, our simulations considering a new variant's transmissibility, severity, and vaccine evasion suggest intervention measures that can reduce the severity of COVID-19. Copyright © 2023. The Author(s).",2023,,Scientific reports,13,1,6914,,10.1038/s41598-023-34121-y,,#606,Lee 2023,Exclusion reason: No knowledge user participation; ,""
Malaria metrics distribution under global warming: assessment of the VECTRI malaria model over Cameroon.,"Mbouna, Amelie D; Tamoffo, Alain T; Asare, Ernest O; Lenouo, Andre; Tchawoua, Clement","Malaria is a critical health issue across the world and especially in Africa. Studies based on dynamical models helped to understand inter-linkages between this illness and climate. In this study, we evaluated the ability of the VECTRI community vector malaria model to simulate the spread of malaria in Cameroon using rainfall and temperature data from FEWS-ARC2 and ERA-interim, respectively. In addition, we simulated the model using five results of the dynamical downscaling of the regional climate model RCA4 within two time frames named near future (2035-2065) and far future (2071-2100), aiming to explore the potential effects of global warming on the malaria propagation over Cameroon. The evaluated metrics include the risk maps of the entomological inoculation rate (EIR) and the parasite ratio (PR). During the historical period (1985-2005), the model satisfactorily reproduces the observed PR and EIR. Results of projections reveal that under global warming, heterogeneous changes feature the study area, with localized increases or decreases in PR and EIR. As the level of radiative forcing increases (from 2.6 to 8.5 W.m-2), the magnitude of change in PR and EIR also gradually intensifies. The occurrence of transmission peaks is projected in the temperature range of 26-28 degreeC. Moreover, PR and EIR vary depending on the three agro-climatic regions of the study area. VECTRI still needs to integrate other aspects of disease transmission, such as population mobility and intervention strategies, in order to be more relevant to support actions of decision-makers and policy makers. Copyright © 2022. The Author(s) under exclusive licence to International Society of Biometeorology.",2023,,International journal of biometeorology,67,1,93-105,,10.1007/s00484-022-02388-x,,#614,Mbouna 2023,Exclusion reason: Modeled population is not human; ,""
Estimating and forecasting the burden and spread of Colombia's SARS-CoV2 first wave.,"Cascante-Vega, Jaime; Cordovez, Juan Manuel; Santos-Vega, Mauricio","Following the rapid dissemination of COVID-19 cases in Colombia in 2020, large-scale non-pharmaceutical interventions (NPIs) were implemented as national emergencies in most of the country's municipalities, starting with a lockdown on March 20th, 2020. Recently, approaches that combine movement data (measured as the number of commuters between units), metapopulation models to describe disease dynamics subdividing the population into Susceptible-Exposed-Asymptomatic-Infected-Recovered-Diseased and statistical inference algorithms have been pointed as a practical approach to both nowcast and forecast the number of cases and deaths. We used an iterated filtering (IF) framework to estimate the model transmission parameters using the reported data across 281 municipalities from March to late October in locations with more than 50 reported deaths and cases in Colombia. Since the model is high dimensional (6 state variables in every municipality), inference on those parameters is highly non-trivial, so we used an Ensemble-Adjustment-Kalman-Filter (EAKF) to estimate time variable system states and parameters. Our results show the model's ability to capture the characteristics of the outbreak in the country and provide estimates of the epidemiological parameters in time at the national level. Importantly, these estimates could become the base for planning future interventions as well as evaluating the impact of NPIs on the effective reproduction number ([Formula: see text]) and the critical epidemiological parameters, such as the contact rate or the reporting rate. However, our forecast presents some inconsistency as it overestimates the deaths for some locations as Medellin. Nevertheless, our approach demonstrates that real-time, publicly available ensemble forecasts can provide short-term predictions of reported COVID-19 deaths in Colombia. Therefore, this model can be used as a forecasting tool to evaluate disease dynamics and aid policymakers in infectious outbreak management and control. Copyright © 2022. The Author(s).",2022,,Scientific reports,12,1,13568,,10.1038/s41598-022-15514-x,,#615,Cascante-Vega 2022,Exclusion reason: No knowledge user participation; ,""
"Modeling the effects of vaccination, nucleic acid testing, and face mask wearing interventions against COVID-19 in large sports events.","Liu, Zeting; Zhou, Huixuan; Ding, Ningxin; Jia, Jihua; Su, Xinhua; Ren, Hong; Hou, Xiao; Zhang, Wei; Liu, Chenzhe","The transmission of SARS-CoV-2 leads to devastating COVID-19 infections around the world, which has affected both human health and the development of industries dependent on social gatherings. Sports events are one of the subgroups facing great challenges. The uncertainty of COVID-19 transmission in large-scale sports events is a great barrier to decision-making with regard to reopening auditoriums. Policymakers and health experts are trying to figure out better policies to balance audience experiences and COVID-19 infection control. In this study, we employed the generalized SEIR model in conjunction with the Wells-Riley model to estimate the effects of vaccination, nucleic acid testing, and face mask wearing on audience infection control during the 2021 Chinese Football Association Super League from 20 April to 5 August. The generalized SEIR modeling showed that if the general population were vaccinated by inactive vaccines at an efficiency of 0.78, the total number of infectious people during this time period would decrease from 43,455 to 6,417. We assumed that the general population had the same odds ratio of entering the sports stadiums and becoming the audience. Their infection probabilities in the stadium were further estimated by the Wells-Riley model. The results showed that if all of the 30,000 seats in the stadium were filled by the audience, 371 audience members would have become infected during the 116 football games in the 2021 season. The independent use of vaccination and nucleic acid testing would have decreased this number to 79 and 118, respectively. The combined use of nucleic acid testing and vaccination or face mask wearing would have decreased this number to 14 and 34, respectively. The combined use of all three strategies could have further decreased this number to 0. According to the modeling results, policymakers can consider the combined use of vaccination, nucleic acid testing, and face mask wearing to protect audiences from infection when holding sports events, which could create a balance between audience experiences and COVID-19 infection control. Copyright © 2022 Liu, Zhou, Ding, Jia, Su, Ren, Hou, Zhang and Liu.",2022,,Frontiers in public health,10,101616579,1009152,,10.3389/fpubh.2022.1009152,,#626,Liu 2022,Exclusion reason: No knowledge user participation; ,""
Inclusive health: modeling COVID-19 in correctional facilities and communities.,"Greenhalgh, Scott; Provencher, Ashley","BACKGROUND: Mass incarceration, commonly associated with overcrowding and inadequate health resources for incarcerated people, creates a fertile environment for the spread of the coronavirus disease 2019 (COVID-19) in U.S. correctional facilities. The exact role that correctional facilities play in enhancing COVID-19 spread and enabling community re-emergence of COVID-19 is unknown., METHODS: We constructed a novel stochastic model of COVID-19 transmission to estimate the impact of correctional facilities, specifically jails and state prisons, for enhancing disease transmission and enabling disease re-emergence in local communities. Using our model, we evaluated scenarios of testing and quarantining infected incarcerated people at 0.0, 0.5, and 1.0 times the rate that occurs for infected people in the community for population sizes of 5, 10, and 20 thousand people., RESULTS: Our results illustrate testing and quarantining an incarcerated population of 800 would reduce the probability of a major outbreak in the local community. In addition, testing and quarantining an incarcerated population would prevent between 10 to 2640 incidences of COVID-19 per year, and annually save up to 2010 disability-adjusted life years, depending on community size., CONCLUSIONS: Managing COVID-19 in correctional facilities is essential to mitigate risks to community health, and thereby stresses the importance of improving the health standards of incarcerated people. Copyright © 2022. The Author(s).",2022,,BMC public health,22,1,982,,10.1186/s12889-022-13313-7,,#640,Greenhalgh 2022,Exclusion reason: No knowledge user participation; ,""
"Estimating the Number of COVID-19 Cases and Impact of New COVID-19 Variants and Vaccination on the Population in Kerman, Iran: A Mathematical Modeling Study.","Nakhaeizadeh, Mehran; Chegeni, Maryam; Adhami, Masoumeh; Sharifi, Hamid; Gohari, Milad Ahmadi; Iranpour, Abedin; Azizian, Mahdieh; Mashinchi, Mashaallah; Baneshi, Mohammad Reza; Karamouzian, Mohammad; Haghdoost, Ali Akbar; Jahani, Yunes","COVID-19 is spreading all over Iran, and Kerman is one of the most affected cities. We conducted this study to predict COVID-19-related deaths, hospitalization, and infected cases under different scenarios (scenarios A, B, and C) by 31 December 2021 in Kerman. We also aimed to assess the impact of new COVID-19 variants and vaccination on the total number of COVID-19 cases, deaths, and hospitalizations (scenarios D, E, and F) using the modified susceptible-exposed-infected-removed (SEIR) model. We calibrated the model using deaths reported from the start of the epidemic to August 30, 2021. A Monte Carlo Markov Chain (MCMC) uncertainty analysis was used to estimate 95% uncertainty intervals (UI). We also calculated the time-varying reproductive number (R t) following time-dependent methods. Under the worst-case scenario (scenario A; contact rate = 10, self-isolation rate = 30%, and average vaccination shots per day = 5,000), the total number of infections by December 31, 2021, would be 1,625,000 (95% UI: 1,112,000-1,898,000) with 6,700 deaths (95% UI: 5,200-8,700). With the presence of alpha and delta variants without vaccine (scenario D), the total number of infected cases and the death toll were estimated to be 957,000 (95% UI: 208,000-1,463,000) and 4,500 (95% UI: 1,500-7,000), respectively. If 70% of the population were vaccinated when the alpha variant was dominant (scenario E), the total number of infected cases and deaths would be 608,000 (95% UI: 122,000-743,000) and 2,700 (95% UI: 700-4,000), respectively. The R t was >=1 almost every day during the epidemic. Our results suggest that policymakers should concentrate on improving vaccination and interventions, such as reducing social contacts, stricter limitations for gathering, public education to promote social distancing, incensing case finding and contact tracing, effective isolation, and quarantine to prevent more COVID-19 cases, hospitalizations, and deaths in Kerman. Copyright © 2022 Mehran Nakhaeizadeh et al.",2022,,Computational and mathematical methods in medicine,2022,101277751,6624471,,10.1155/2022/6624471,,#642,Nakhaeizadeh 2022,Exclusion reason: No knowledge user participation; ,""
Evaluating COVID-19 control measures in mass gathering events with vaccine inequalities.,"Al-Shaery, Ali M; Hejase, Bilal; Tridane, Abdessamad; Farooqi, Norah S; Al Jassmi, Hamad","With the increasing global adoption of COVID-19 vaccines, limitations on mass gathering events have started to gradually loosen. However, the large vaccine inequality recorded among different countries is an important aspect that policymakers must address when implementing control measures for such events. In this paper, we propose a model for the assessment of different control measures with the consideration of vaccine inequality in the population. Two control measures are considered: selecting participants based on vaccine efficacy and restricting the event capacity. We build the model using agent-based modeling to capture the spatiotemporal crowd dynamics and utilize a genetic algorithm to assess the control strategies. This assessment is based on factors that are important for policymakers such as disease prevalence, vaccine diversity, and event capacity. A quantitative evaluation of vaccine diversity using the Simpson's Diversity Index is also provided. The Hajj ritual is used as a case study. We show that strategies that prioritized lowering the prevalence resulted in low event capacity but facilitated vaccine diversity. Moreover, strategies that prioritized diversity resulted in high infection rates. However, increasing the prioritization of participants with high vaccine efficacy significantly decreased the disease prevalence. Strategies that prioritized ritual capacity did not show clear trends. Copyright © 2022. The Author(s).",2022,,Scientific reports,12,1,3652,,10.1038/s41598-022-07609-2,,#655,Al-Shaery 2022,Exclusion reason: No knowledge user participation; ,""
"Exploring the patterns of multisectoral approach in fighting COVID-19 Pandemic in SNNPR, Ethiopia: A qualitative case study approach.","Ali, Abraham A; Usman, Akmel M; Badebo, Fekadeselassie B; Tilahun, Solomon H","BACKGROUND: Since COVID-19 has been declared as a global pandemic, South Nations, Nationalities People's Region, Ethiopia, has been responding by establishing strong structure. The response against the disease requires consolidated efforts, However, there is paucity of information about the patterns of multisectoral collaboration actions in the region. Therefore, this study was conducted with the aim of exploring the patterns of multisectoral collaboration against the COVID-19 using a qualitative case study design. Data were collected by key informant interview and document review and analyzed using a content analysis framework focused on case study data analysis., RESULT: The study has indicated a unique perspective in establishing functional multisectoral approach with strong courage and motivation of most involved stakeholder. Almost all stakeholders have shown clear understanding about the multidimensional burdens the disease could cause and the necessities for joint efforts to tackle the multidimensional problems. The study further elucidated that despite the encouraging beginning, the eventual slowdown undertakings in the joint actions. This included failure to meet regularly to monitor and evaluate as stated earlier and societies' reluctances despite consistent information dissemination., CONCLUSION: A firm understanding about multidimensional impacts of COVID-19 by all stakeholders was revealed in the region. Remarkable achievements were observed at the early stage of disease prevention and control responses with encouraging multisectoral approach as guided by the convergence model. However, several setbacks were observed in the process of multisectoral approach intervention as indicated by the conceptual framework. Hence, to ensure sustainable MSA, revitalization of the initial commitment of all stakeholders and strengthening MSA considering end-to end approach of the convergence frame is crucial; subsequent quantitative study recommended to establish wider determinants on success of MSA.",2022,,PloS one,17,2,e0263667,,10.1371/journal.pone.0263667,,#656,Ali 2022,Exclusion reason: Irrelevant study; ,""
Mathematical model analysis and numerical simulation for codynamics of meningitis and pneumonia infection with intervention.,"Kotola, Belela Samuel; Mekonnen, Temesgen Tibebu","In this paper, we have considered a deterministic mathematical model to analyze effective interventions for meningitis and pneumonia coinfection as well as to make a rational recommendation to public healthy, policy or decision makers and programs implementers. We have introduced the epidemiology of infectious diseases, the epidemiology of meningitis, the epidemiology of pneumonia, and the epidemiology of infection of meningitis and pneumonia. The positivity and boundedness of the sated model was shown. Our model elucidate that, the disease free equilibrium points of each model are locally asymptotically stable if the corresponding reproduction numbers are less than one and globally asymptotically stable if the corresponding reproduction numbers are greater than one. Additionally, we have analyzed the existence and uniqueness of the endemic equilibrium point of each sub models, local stability and global stability of the endemic equilibrium points for each model. By using standard values of parameters we have obtained from different studies, we found that the effective reproduction numbers of meningitis [Formula: see text] and effective reproduction numbers of pneumonia [Formula: see text] that lead us to the effective reproduction number of the meningitis and pneumonia co-infected model is [Formula: see text]. Applying sensitivity analysis, we identified the most influential parameters that can change the behavior of the solution of the meningitis pneumonia coinfection dynamical system are [Formula: see text] and [Formula: see text]. Biologically, decrease in [Formula: see text] and increasing in [Formula: see text] is a possible intervention strategy to reduce the infectious from communities. Finally, our numerical simulation has shown that vaccination against those diseases, reducing contact with infectious persons and treatment have the great effect on reduction of these silent killer diseases from the communities. Copyright © 2022. The Author(s).",2022,,Scientific reports,12,1,2639,,10.1038/s41598-022-06253-0,,#658,Kotola 2022,"Exclusion reason: Mathematical model, but not an infectious disease transmission ; ",""
HIV/AIDS-Pneumonia Codynamics Model Analysis with Vaccination and Treatment.,"Teklu, Shewafera Wondimagegnhu; Rao, Koya Purnachandra","In this paper, we proposed and analyzed a realistic compartmental mathematical model on the spread and control of HIV/AIDS-pneumonia coepidemic incorporating pneumonia vaccination and treatment for both infections at each infection stage in a population. The model exhibits six equilibriums: HIV/AIDS only disease-free, pneumonia only disease-free, HIV/AIDS-pneumonia coepidemic disease-free, HIV/AIDS only endemic, pneumonia only endemic, and HIV/AIDS-pneumonia coepidemic endemic equilibriums. The HIV/AIDS only submodel has a globally asymptotically stable disease-free equilibrium if R 1 < 1. Using center manifold theory, we have verified that both the pneumonia only submodel and the HIV/AIDS-pneumonia coepidemic model undergo backward bifurcations whenever R 2 < 1 and R 3 = max{R 1, R 2} < 1, respectively. Thus, for pneumonia infection and HIV/AIDS-pneumonia coinfection, the requirement of the basic reproduction numbers to be less than one, even though necessary, may not be sufficient to completely eliminate the disease. Our sensitivity analysis results demonstrate that the pneumonia disease transmission rate beta 2 and the HIV/AIDS transmission rate beta 1 play an important role to change the qualitative dynamics of HIV/AIDS and pneumonia coinfection. The pneumonia infection transmission rate beta 2 gives rises to the possibility of backward bifurcation for HIV/AIDS and pneumonia coinfection if R 3 = max{R 1, R 2} < 1, and hence, the existence of multiple endemic equilibria some of which are stable and others are unstable. Using standard data from different literatures, our results show that the complete HIV/AIDS and pneumonia coinfection model reproduction number is R 3 = max{R 1, R 2} = max{1.386, 9.69 } = 9.69 at beta 1 = 2 and beta 2 = 0.2 which shows that the disease spreads throughout the community. Finally, our numerical simulations show that pneumonia vaccination and treatment against disease have the effect of decreasing pneumonia and coepidemic disease expansion and reducing the progression rate of HIV infection to the AIDS stage. Copyright © 2022 Shewafera Wondimagegnhu Teklu and Koya Purnachandra Rao.",2022,,Computational and mathematical methods in medicine,2022,101277751,3105734,,10.1155/2022/3105734,,#661,Teklu 2022,Exclusion reason: Not transmission modeling; ,""
Policy and behavioral response to shock events: An agent-based model of the effectiveness and equity of policy design features.,"Shastry, Vivek; Reeves, D Cale; Willems, Nicholas; Rai, Varun","In the aftermath of shock events, policy responses tend to be crafted under significant time constraints and high levels of uncertainty. The extent to which individuals comply with different policy designs can further influence how effective the policy responses are and how equitably their impacts are distributed in the population. Tools which allow policymakers to model different crisis trajectories, policy responses, and behavioral scenarios ex ante can provide crucial timely support in the decision-making process. Set in the context of COVID-19 shelter in place policies, in this paper we present the COVID-19 Policy Evaluation (CoPE) tool, which is an agent-based modeling framework that enables researchers and policymakers to anticipate the relative impacts of policy decisions. Specifically, this framework illuminates the extent to which policy design features and behavioral responsiveness influence the efficacy and equity of policy responses to shock events. We show that while an early policy response can be highly effective, the impact of the timing is moderated by other aspects of policy design such as duration and targeting of the policy, as well as societal aspects such as trust and compliance among the population. More importantly, we show that even policies that are more effective overall can have disproportionate impacts on vulnerable populations. By disaggregating the impact of different policy design elements on different population groups, we provide an additional tool for policymakers to use in the design of targeted strategies for disproportionately affected populations.",2022,,PloS one,17,1,e0262172,,10.1371/journal.pone.0262172,,#662,Shastry 2022,Exclusion reason: No knowledge user participation; ,""
Iterative data-driven forecasting of the transmission and management of SARS-CoV-2/COVID-19 using social interventions at the county-level.,"Newcomb, Ken; Smith, Morgan E; Donohue, Rose E; Wyngaard, Sebastian; Reinking, Caleb; Sweet, Christopher R; Levine, Marissa J; Unnasch, Thomas R; Michael, Edwin","The control of the initial outbreak and spread of SARS-CoV-2/COVID-19 via the application of population-wide non-pharmaceutical mitigation measures have led to remarkable successes in dampening the pandemic globally. However, with countries beginning to ease or lift these measures fully to restart activities, concern is growing regarding the impacts that such reopening of societies could have on the subsequent transmission of the virus. While mathematical models of COVID-19 transmission have played important roles in evaluating the impacts of these measures for curbing virus transmission, a key need is for models that are able to effectively capture the effects of the spatial and social heterogeneities that drive the epidemic dynamics observed at the local community level. Iterative forecasting that uses new incoming epidemiological and social behavioral data to sequentially update locally-applicable transmission models can overcome this gap, potentially resulting in better predictions and policy actions. Here, we present the development of one such data-driven iterative modelling tool based on publicly available data and an extended SEIR model for forecasting SARS-CoV-2 at the county level in the United States. Using data from the state of Florida, we demonstrate the utility of such a system for exploring the outcomes of the social measures proposed by policy makers for containing the course of the pandemic. We provide comprehensive results showing how the locally identified models could be employed for accessing the impacts and societal tradeoffs of using specific social protective strategies. We conclude that it could have been possible to lift the more disruptive social interventions related to movement restriction/social distancing measures earlier if these were accompanied by widespread testing and contact tracing. These intensified social interventions could have potentially also brought about the control of the epidemic in low- and some medium-incidence county settings first, supporting the development and deployment of a geographically-phased approach to reopening the economy of Florida. We have made our data-driven forecasting system publicly available for policymakers and health officials to use in their own locales, so that a more efficient coordinated strategy for controlling SARS-CoV-2 region-wide can be developed and successfully implemented. Copyright © 2022. The Author(s).",2022,,Scientific reports,12,1,890,,10.1038/s41598-022-04899-4,,#663,Newcomb 2022,Exclusion reason: No knowledge user participation; ,""
Measuring the COVID-19 Mortality Burden in the United States : A Microsimulation Study.,"Reif, Julian; Heun-Johnson, Hanke; Tysinger, Bryan; Lakdawalla, Darius","BACKGROUND: Fully assessing the mortality burden of the COVID-19 pandemic requires measuring years of life lost (YLLs) and accounting for quality-of-life differences., OBJECTIVE: To measure YLLs and quality-adjusted life-years (QALYs) lost from the COVID-19 pandemic, by age, sex, race/ethnicity, and comorbidity., DESIGN: State-transition microsimulation model., DATA SOURCES: Health and Retirement Study, Panel Study of Income Dynamics, data on excess deaths from the Centers for Disease Control and Prevention, and nursing home death counts from the Centers for Medicare & Medicaid Services., TARGET POPULATION: U.S. population aged 25 years and older., TIME HORIZON: Lifetime., PERSPECTIVE: Individual., INTERVENTION: COVID-19 pandemic through 13 March 2021., OUTCOME MEASURES: YLLs and QALYs lost per 10 000 persons in the population. The estimates account for the age, sex, and race/ethnicity of decedents, along with obesity, smoking behavior, lung disease, heart disease, diabetes, cancer, stroke, hypertension, dementia, and nursing home residence., RESULTS OF BASE-CASE ANALYSIS: The COVID-19 pandemic resulted in 6.62 million QALYs lost (9.08 million YLLs) through 13 March 2021, with 3.6 million (54%) lost by those aged 25 to 64 years. The greatest toll was on Black and Hispanic communities, especially among men aged 65 years or older, who lost 1138 and 1371 QALYs, respectively, per 10 000 persons. Absent the pandemic, 38% of decedents would have had average or above-average life expectancies for their subgroup defined by age, sex, and race/ethnicity., RESULTS OF SENSITIVITY ANALYSIS: Accounting for uncertainty in risk factors for death from COVID-19 yielded similar results., LIMITATION: Estimates may vary depending on assumptions about mortality and quality-of-life projections., CONCLUSION: Beyond excess deaths alone, the COVID-19 pandemic imposed a greater life expectancy burden on persons aged 25 to 64 years, including those with average or above-average life expectancies, and a disproportionate burden on Black and Hispanic communities., PRIMARY FUNDING SOURCE: National Institute on Aging.",2021,,Annals of internal medicine,174,12,1700-1709,,10.7326/M21-2239,,#672,Reif 2021,Exclusion reason: No knowledge user participation; ,""
Dynamical SPQEIR model assesses the effectiveness of non-pharmaceutical interventions against COVID-19 epidemic outbreaks.,"Proverbio, Daniele; Kemp, Francoise; Magni, Stefano; Husch, Andreas; Aalto, Atte; Mombaerts, Laurent; Skupin, Alexander; Goncalves, Jorge; Ameijeiras-Alonso, Jose; Ley, Christophe","Against the current COVID-19 pandemic, governments worldwide have devised a variety of non-pharmaceutical interventions to mitigate it. However, it is generally difficult to estimate the joint impact of different control strategies. In this paper, we tackle this question with an extended epidemic SEIR model, informed by a socio-political classification of different interventions. First, we inquire the conceptual effect of mitigation parameters on the infection curve. Then, we illustrate the potential of our model to reproduce and explain empirical data from a number of countries, to perform cross-country comparisons. This gives information on the best synergies of interventions to control epidemic outbreaks while minimising impact on socio-economic needs. For instance, our results suggest that, while rapid and strong lockdown is an effective pandemic mitigation measure, a combination of social distancing and early contact tracing can achieve similar mitigation synergistically, while keeping lower isolation rates. This quantitative understanding can support the establishment of mid- and long-term interventions, to prepare containment strategies against further outbreaks. This paper also provides an online tool that allows researchers and decision makers to interactively simulate diverse scenarios with our model.",2021,,PloS one,16,5,e0252019,,10.1371/journal.pone.0252019,,#675,Proverbio 2021,Exclusion reason: No knowledge user participation; ,""
Impact of vaccine supplies and delays on optimal control of the COVID-19 pandemic: mapping interventions for the Philippines.,"Estadilla, Carlo Delfin S; Uyheng, Joshua; de Lara-Tuprio, Elvira P; Teng, Timothy Robin; Macalalag, Jay Michael R; Estuar, Maria Regina Justina E","BACKGROUND: Around the world, controlling the COVID-19 pandemic requires national coordination of multiple intervention strategies. As vaccinations are globally introduced into the repertoire of available interventions, it is important to consider how changes in the local supply of vaccines, including delays in administration, may be addressed through existing policy levers. This study aims to identify the optimal level of interventions for COVID-19 from 2021 to 2022 in the Philippines, which as a developing country is particularly vulnerable to shifting assumptions around vaccine availability. Furthermore, we explore optimal strategies in scenarios featuring delays in vaccine administration, expansions of vaccine supply, and limited combinations of interventions., METHODS: Embedding our work within the local policy landscape, we apply optimal control theory to the compartmental model of COVID-19 used by the Philippine government's pandemic surveillance platform and introduce four controls: (a) precautionary measures like community quarantines, (b) detection of asymptomatic cases, (c) detection of symptomatic cases, and (d) vaccinations. The model is fitted to local data using an L-BFGS minimization procedure. Optimality conditions are identified using Pontryagin's minimum principle and numerically solved using the forward-backward sweep method., RESULTS: Simulation results indicate that early and effective implementation of both precautionary measures and symptomatic case detection is vital for averting the most infections at an efficient cost, resulting in [Formula: see text] reduction of infections compared to the no-control scenario. Expanding vaccine administration capacity to 440,000 full immunizations daily will reduce the overall cost of optimal strategy by [Formula: see text], while allowing for a faster relaxation of more resource-intensive interventions. Furthermore, delays in vaccine administration require compensatory increases in the remaining policy levers to maintain a minimal number of infections. For example, delaying the vaccines by 180 days (6 months) will result in an [Formula: see text] increase in the cost of the optimal strategy., CONCLUSION: We conclude with practical insights regarding policy priorities particularly attuned to the Philippine context, but also applicable more broadly in similar resource-constrained settings. We emphasize three key takeaways of (a) sustaining efficient case detection, isolation, and treatment strategies; (b) expanding not only vaccine supply but also the capacity to administer them, and; (c) timeliness and consistency in adopting policy measures. Copyright © 2021. The Author(s).",2021,,Infectious diseases of poverty,10,1,107,,10.1186/s40249-021-00886-5,,#677,Estadilla 2021,"Exclusion reason: No specific setting (geography: country(s), city(s)); ",""
Predicting the propagation of COVID-19 at an international scale: extension of an SIR model.,"Lavielle, Marc; Faron, Matthieu; Lefevre, Jeremie H; Zeitoun, Jean-David","OBJECTIVES: Several epidemiological models have been published to forecast the spread of the COVID-19 pandemic, yet many of them have proven inaccurate for reasons that remain to be fully determined. We aimed to develop a novel model and implement it in a freely accessible web application., DESIGN: We built an SIR-type compartmental model with two additional compartments: D (deceased patients); L (individuals who will die but who will not infect anybody due to social or medical isolation) and integration of a time-dependent transmission rate and a periodical weekly component linked to the way in which cases and deaths are reported., RESULTS: The model was implemented in a web application (as of 2 June 2020). It was shown to be able to accurately capture the changes in the dynamics of the pandemic for 20 countries whatever the type of pandemic spread or containment measures: for instance, the model explains 97% of the variance of US data (daily cases) and predicts the number of deaths at a 2-week horizon with an error of 1%., CONCLUSIONS: In early performance evaluation, our model showed a high level of accuracy between prediction and observed data. Such a tool might be used by the global community to follow the spread of the pandemic. Copyright © Author(s) (or their employer(s)) 2021. Re-use permitted under CC BY-NC. No commercial re-use. See rights and permissions. Published by BMJ.",2021,,BMJ open,11,5,e041472,,10.1136/bmjopen-2020-041472,,#682,Lavielle 2021,Exclusion reason: No knowledge user participation; ,""
Economic evaluation using dynamic transition modeling of ebola virus vaccination in lower-and-middle-income countries.,"Obeng-Kusi, Mavis; Habila, Magdiel A; Roe, Denise J; Erstad, Brian; Abraham, Ivo","BACKGROUND: With the increasing occurrence of infectious diseases in lower-and-middle-income countries (LMICs), emergency preparedness is essential for rapid response and mitigation. Economic evaluations of mitigation technologies and strategies have been recommended for inclusion in emergency preparedness plans. We aimed to perform an economic evaluation using dynamic transition modeling of ebola virus disease (EVD) vaccination in a hypothetical community of 1,000 persons in the Democratic Republic of Congo (DRC)., METHOD: Using a modified SEIR (Susceptible, Exposed, Infectious, Recovered, with Death added [SEIR-D]) model that accounted for death and epidemiological data from an EVD outbreak in the DRC, we modeled the transmission of EVD in a hypothetical population of 1,000. With our model, we estimated the cost-effectiveness of an EVD vaccine and an EVD vaccination intervention., RESULTS: The results showed vaccinating 50% of the population at risk prevented 670 cases, 538 deaths, and 22,022 disability-adjusted life years (DALYs). The vaccine was found to be cost-effective with an incremental cost-effectiveness ratio (ICER) of $95.63 per DALY averted. We also determined the minimum required vaccination coverage for cost-effectiveness to be 40%. Sensitivity analysis showed our model to be fairly robust, assuring relatively consistent results even with variations in such input parameters as cost of screening, as well as transmission, infection, incubation, and case fatality rates., CONCLUSION: EVD vaccination in our hypothetical population was found to be cost-effective from the payer perspective. Our model presents an efficient and reliable approach for conducting economic evaluations of infectious disease interventions as part of an emergency preparedness plan.",2021,,Journal of medical economics,24,sup1,1-13,,10.1080/13696998.2021.2002092,,#686,Obeng-Kusi 2021,Exclusion reason: No knowledge user participation; ,""
Epidemiological models and COVID-19: a comparative view.,"Iranzo, Valeriano; Perez-Gonzalez, Saul","Epidemiological models have played a central role in the COVID-19 pandemic, particularly when urgent decisions were required and available evidence was sparse. They have been used to predict the evolution of the disease and to inform policy-making. In this paper, we address two kinds of epidemiological models widely used in the pandemic, namely, compartmental models and agent-based models. After describing their essentials-some real examples are invoked-we discuss their main strengths and weaknesses. Then, on the basis of this analysis, we make a comparison between their respective merits concerning three different goals: prediction, explanation, and intervention. We argue that there are general considerations which could favour any of those sorts of models for obtaining the aforementioned goals. We conclude, however, that preference for particular models must be grounded case-by-case since additional contextual factors, as the peculiarities of the target population and the aims and expectations of policy-makers, cannot be overlooked. Copyright © 2021. The Author(s).",2021,,History and philosophy of the life sciences,43,3,104,,10.1007/s40656-021-00457-9,,#692,Iranzo 2021,Exclusion reason: Review; ,""
Toward Achieving a Vaccine-Derived Herd Immunity Threshold for COVID-19 in the U.S.,"Gumel, Abba B; Iboi, Enahoro A; Ngonghala, Calistus N; Ngwa, Gideon A","A novel coronavirus emerged in December of 2019 (COVID-19), causing a pandemic that inflicted unprecedented public health and economic burden in all nooks and corners of the world. Although the control of COVID-19 largely focused on the use of basic public health measures (primarily based on using non-pharmaceutical interventions, such as quarantine, isolation, social-distancing, face mask usage, and community lockdowns) initially, three safe and highly-effective vaccines (by AstraZeneca Inc., Moderna Inc., and Pfizer Inc.), were approved for use in humans in December 2020. We present a new mathematical model for assessing the population-level impact of these vaccines on curtailing the burden of COVID-19. The model stratifies the total population into two subgroups, based on whether or not they habitually wear face mask in public. The resulting multigroup model, which takes the form of a deterministic system of nonlinear differential equations, is fitted and parameterized using COVID-19 cumulative mortality data for the third wave of the COVID-19 pandemic in the United States. Conditions for the asymptotic stability of the associated disease-free equilibrium, as well as an expression for the vaccine-derived herd immunity threshold, are rigorously derived. Numerical simulations of the model show that the size of the initial proportion of individuals in the mask-wearing group, together with positive change in behavior from the non-mask wearing group (as well as those in the mask-wearing group, who do not abandon their mask-wearing habit) play a crucial role in effectively curtailing the COVID-19 pandemic in the United States. This study further shows that the prospect of achieving vaccine-derived herd immunity (required for COVID-19 elimination) in the U.S., using the Pfizer or Moderna vaccine, is quite promising. In particular, our study shows that herd immunity can be achieved in the U.S. if at least 60% of the population are fully vaccinated. Furthermore, the prospect of eliminating the pandemic in the U.S. in the year 2021 is significantly enhanced if the vaccination program is complemented with non-pharmaceutical interventions at moderate increased levels of compliance (in relation to their baseline compliance). The study further suggests that, while the waning of natural and vaccine-derived immunity against COVID-19 induces only a marginal increase in the burden and projected time-to-elimination of the pandemic, adding the impacts of therapeutic benefits of the vaccines into the model resulted in a dramatic reduction in the burden and time-to-elimination of the pandemic. Copyright © 2021 Gumel, Iboi, Ngonghala and Ngwa.",2021,,Frontiers in public health,9,101616579,709369,,10.3389/fpubh.2021.709369,,#693,Gumel 2021,Exclusion reason: No knowledge user participation; ,""
Impact of the COVID-19 Pandemic on Breast Cancer Mortality in the US: Estimates From Collaborative Simulation Modeling.,"Alagoz, Oguzhan; Lowry, Kathryn P; Kurian, Allison W; Mandelblatt, Jeanne S; Ergun, Mehmet A; Huang, Hui; Lee, Sandra J; Schechter, Clyde B; Tosteson, Anna N A; Miglioretti, Diana L; Trentham-Dietz, Amy; Nyante, Sarah J; Kerlikowske, Karla; Sprague, Brian L; Stout, Natasha K","BACKGROUND: The coronavirus disease 2019 (COVID-19) pandemic has disrupted breast cancer control through short-term declines in screening and delays in diagnosis and treatments. We projected the impact of COVID-19 on future breast cancer mortality between 2020 and 2030., METHODS: Three established Cancer Intervention and Surveillance Modeling Network breast cancer models modeled reductions in mammography screening use, delays in symptomatic cancer diagnosis, and reduced use of chemotherapy for women with early-stage disease for the first 6 months of the pandemic with return to prepandemic patterns after that time. Sensitivity analyses were performed to determine the effect of key model parameters, including the duration of the pandemic impact., RESULTS: By 2030, the models project 950 (model range = 860-1297) cumulative excess breast cancer deaths related to reduced screening, 1314 (model range = 266-1325) associated with delayed diagnosis of symptomatic cases, and 151 (model range = 146-207) associated with reduced chemotherapy use in women with hormone positive, early-stage cancer. Jointly, 2487 (model range = 1713-2575) excess breast cancer deaths were estimated, representing a 0.52% (model range = 0.36%-0.56%) cumulative increase over breast cancer deaths expected by 2030 in the absence of the pandemic's disruptions. Sensitivity analyses indicated that the breast cancer mortality impact would be approximately double if the modeled pandemic effects on screening, symptomatic diagnosis, and chemotherapy extended for 12 months., CONCLUSIONS: Initial pandemic-related disruptions in breast cancer care will have a small long-term cumulative impact on breast cancer mortality. Continued efforts to ensure prompt return to screening and minimize delays in evaluation of symptomatic women can largely mitigate the effects of the initial pandemic-associated disruptions. Copyright © The Author(s) 2021. Published by Oxford University Press. All rights reserved. For permissions, please email: journals.permissions@oup.com.",2021,,Journal of the National Cancer Institute,113,11,1484-1494,,10.1093/jnci/djab097,,#700,Alagoz 2021,Exclusion reason: Not an infectious disease; ,""
OpenABM-Covid19-An agent-based model for non-pharmaceutical interventions against COVID-19 including contact tracing.,"Hinch, Robert; Probert, William J M; Nurtay, Anel; Kendall, Michelle; Wymant, Chris; Hall, Matthew; Lythgoe, Katrina; Bulas Cruz, Ana; Zhao, Lele; Stewart, Andrea; Ferretti, Luca; Montero, Daniel; Warren, James; Mather, Nicole; Abueg, Matthew; Wu, Neo; Legat, Olivier; Bentley, Katie; Mead, Thomas; Van-Vuuren, Kelvin; Feldner-Busztin, Dylan; Ristori, Tommaso; Finkelstein, Anthony; Bonsall, David G; Abeler-Dorner, Lucie; Fraser, Christophe","SARS-CoV-2 has spread across the world, causing high mortality and unprecedented restrictions on social and economic activity. Policymakers are assessing how best to navigate through the ongoing epidemic, with computational models being used to predict the spread of infection and assess the impact of public health measures. Here, we present OpenABM-Covid19: an agent-based simulation of the epidemic including detailed age-stratification and realistic social networks. By default the model is parameterised to UK demographics and calibrated to the UK epidemic, however, it can easily be re-parameterised for other countries. OpenABM-Covid19 can evaluate non-pharmaceutical interventions, including both manual and digital contact tracing, and vaccination programmes. It can simulate a population of 1 million people in seconds per day, allowing parameter sweeps and formal statistical model-based inference. The code is open-source and has been developed by teams both inside and outside academia, with an emphasis on formal testing, documentation, modularity and transparency. A key feature of OpenABM-Covid19 are its Python and R interfaces, which has allowed scientists and policymakers to simulate dynamic packages of interventions and help compare options to suppress the COVID-19 epidemic.",2021,,PLoS computational biology,17,7,e1009146,,10.1371/journal.pcbi.1009146,,#701,Hinch 2021,Exclusion reason: No knowledge user participation; ,""
Estimation of COVID-19 Period Prevalence and the Undiagnosed Population in Canadian Provinces: Model-Based Analysis.,"Hamadeh, Abdullah; Feng, Zeny; Niergarth, Jessmyn; Wong, William Wl","BACKGROUND: The development of a successful COVID-19 control strategy requires a thorough understanding of the trends in geographic and demographic distributions of disease burden. In terms of the estimation of the population prevalence, this includes the crucial process of unravelling the number of patients who remain undiagnosed., OBJECTIVE: This study estimates the period prevalence of COVID-19 between March 1, 2020, and November 30, 2020, and the proportion of the infected population that remained undiagnosed in the Canadian provinces of Quebec, Ontario, Alberta, and British Columbia., METHODS: A model-based mathematical framework based on a disease progression and transmission model was developed to estimate the historical prevalence of COVID-19 using provincial-level statistics reporting seroprevalence, diagnoses, and deaths resulting from COVID-19. The framework was applied to three different age cohorts (< 30; 30-69; and >=70 years) in each of the provinces studied., RESULTS: The estimates of COVID-19 period prevalence between March 1, 2020, and November 30, 2020, were 4.73% (95% CI 4.42%-4.99%) for Quebec, 2.88% (95% CI 2.75%-3.02%) for Ontario, 3.27% (95% CI 2.72%-3.70%) for Alberta, and 2.95% (95% CI 2.77%-3.15%) for British Columbia. Among the cohorts considered in this study, the estimated total number of infections ranged from 2-fold the number of diagnoses (among Quebecers, aged >=70 years: 26,476/53,549, 49.44%) to 6-fold the number of diagnoses (among British Columbians aged >=70 years: 3108/18,147, 17.12%)., CONCLUSIONS: Our estimates indicate that a high proportion of the population infected between March 1 and November 30, 2020, remained undiagnosed. Knowledge of COVID-19 period prevalence and the undiagnosed population can provide vital evidence that policy makers can consider when planning COVID-19 control interventions and vaccination programs. Copyright ©Abdullah Hamadeh, Zeny Feng, Jessmyn Niergarth, William WL Wong. Originally published in JMIR Public Health and Surveillance (https://publichealth.jmir.org), 09.09.2021.",2021,,JMIR public health and surveillance,7,9,e26409,,10.2196/26409,,#703,Hamadeh 2021,Exclusion reason: No knowledge user participation; ,""
A novel compartmental model to capture the nonlinear trend of COVID-19.,"Ramezani, Somayeh Bakhtiari; Amirlatifi, Amin; Rahimi, Shahram","The COVID-19 pandemic took the world by surprise and surpassed the expectations of epidemiologists, governments, medical experts, and the scientific community as a whole. The majority of epidemiological models failed to capture the non-linear trend of the susceptible compartment and were unable to model this pandemic accurately. This study presents a variant of the well-known SEIRD model to account for social awareness measures, variable death rate, and the presence of asymptomatic infected individuals. The proposed SEAIRDQ model accounts for the transition of individuals between the susceptible and social awareness compartments. We tested our model against the reported cumulative infection and death data for different states in the US and observed over 98.8% accuracy. Results of this study give new insights into the prevailing reproduction number and herd immunity across the US. Copyright © 2021 Elsevier Ltd. All rights reserved.",2021,,Computers in biology and medicine,134,"doc, 1250250",104421,,10.1016/j.compbiomed.2021.104421,,#711,Ramezani 2021,Exclusion reason: No knowledge user participation; ,""
Trade-offs between mobility restrictions and transmission of SARS-CoV-2.,"Gosgens, Martijn; Hendriks, Teun; Boon, Marko; Steenbakkers, Wim; Heesterbeek, Hans; van der Hofstad, Remco; Litvak, Nelly","In their response to the COVID-19 outbreak, governments face the dilemma to balance public health and economy. Mobility plays a central role in this dilemma because the movement of people enables both economic activity and virus spread. We use mobility data in the form of counts of travellers between regions, to extend the often-used SEIR models to include mobility between regions. We quantify the trade-off between mobility and infection spread in terms of a single parameter, to be chosen by policy makers, and propose strategies for restricting mobility so that the restrictions are minimal while the infection spread is effectively limited. We consider restrictions where the country is divided into regions, and study scenarios where mobility is allowed within these regions, and disallowed between them. We propose heuristic methods to approximate optimal choices for these regions. We evaluate the obtained restrictions based on our trade-off. The results show that our methods are especially effective when the infections are highly concentrated, e.g. around a few municipalities, as resulting from superspreading events that play an important role in the spread of COVID-19. We demonstrate our method in the example of the Netherlands. The results apply more broadly when mobility data are available.",2021,,"Journal of the Royal Society, Interface",18,175,20200936,,10.1098/rsif.2020.0936,,#731,Gosgens 2021,Exclusion reason: No knowledge user participation; ,""
Simulating preventative testing of SARS-CoV-2 in schools: policy implications.,"Asgary, Ali; Cojocaru, Monica Gabriela; Najafabadi, Mahdi M; Wu, Jianhong","BACKGROUND: School testing for SARS-CoV-2 infection has become an important policy and planning issue as schools were reopened after the summer season and as the COVID-19 pandemic continues. Decisions to test or not to test and, if testing, how many tests, how often and for how long, are complex decisions that need to be taken under uncertainty and conflicting pressures from various stakeholders., METHOD: We have developed an agent-based model and simulation tool that can be used to analyze the outcomes and effectiveness of different testing strategies and scenarios in schools with various number of classrooms and class sizes. We have applied a modified version of a standard SEIR disease transmission model that includes symptomatic and asymptomatic infectious populations, and that incorporates feasible public health measures. We also incorporated a pre-symptomatic phase for symptomatic cases. Every day, a random number of students in each class are tested. If they tested positive, they are placed in self-isolation at home when the test results are provided. Last but not least, we have included options to allow for full testing or complete self-isolation of a classroom with a positive case., RESULTS: We present sample simulation results for parameter values based on schools and disease related information, in the Province of Ontario, Canada. The findings show that testing can be an effective method in controlling the SARS-CoV-2 infection in schools if taken frequently, with expedited test results and self-isolation of infected students at home., CONCLUSIONS: Our findings show that while testing cannot eliminate the risk and has its own challenges, it can significantly control outbreaks when combined with other measures, such as masks and other protective measures.",2021,,BMC public health,21,1,125,,10.1186/s12889-020-10153-1,,#738,Asgary 2021,Exclusion reason: No knowledge user participation; ,""
Simulation-free estimation of an individual-based SEIR model for evaluating nonpharmaceutical interventions with an application to COVID-19 in the District of Columbia.,"Sewell, Daniel K; Miller, Aaron","The ongoing COVID-19 pandemic has overwhelmingly demonstrated the need to accurately evaluate the effects of implementing new or altering existing nonpharmaceutical interventions. Since these interventions applied at the societal level cannot be evaluated through traditional experimental means, public health officials and other decision makers must rely on statistical and mathematical epidemiological models. Nonpharmaceutical interventions are typically focused on contacts between members of a population, and yet most epidemiological models rely on homogeneous mixing which has repeatedly been shown to be an unrealistic representation of contact patterns. An alternative approach is individual based models (IBMs), but these are often time intensive and computationally expensive to implement, requiring a high degree of expertise and computational resources. More often, decision makers need to know the effects of potential public policy decisions in a very short time window using limited resources. This paper presents a computation algorithm for an IBM designed to evaluate nonpharmaceutical interventions. By utilizing recursive relationships, our method can quickly compute the expected epidemiological outcomes even for large populations based on any arbitrary contact network. We utilize our methods to evaluate the effects of various mitigation measures in the District of Columbia, USA, at various times and to various degrees. Rcode for our method is provided in the supplementry material, thereby allowing others to utilize our approach for other regions.",2020,,PloS one,15,11,e0241949,,10.1371/journal.pone.0241949,,#745,Sewell 2020,Exclusion reason: No knowledge user participation; ,""
"After the honeymoon, the divorce: Unexpected outcomes of disease control measures against endemic infections.","Hollingsworth, Brandon; Okamoto, Kenichi W; Lloyd, Alun L","The lack of effective vaccines for many endemic diseases often forces policymakers to rely on non-immunizing control measures, such as vector control, to reduce the massive burden of these diseases. Controls can have well-known counterintuitive effects on endemic infections, including the honeymoon effect, in which partially effective controls cause not only a greater initial reduction in infection than expected, but also large outbreaks during control resulting from accumulation of susceptibles. Unfortunately, many control measures cannot be maintained indefinitely, and the results of cessation are poorly understood. Here, we examine the results of stopped or failed non-immunizing control measures in endemic settings. By using a mathematical model to compare the cumulative number of cases expected with and without control, we show that deployment of control can lead to a larger total number of infections, counting from the time that control started, than without any control-the divorce effect. This result is directly related to the population-level loss of immunity resulting from non-immunizing controls and is seen in a variety of models when non-immunizing controls are used against an infection that confers immunity. Finally, we examine three control plans for minimizing the magnitude of the divorce effect in seasonal infections and show that they are incapable of eliminating the divorce effect. While we do not suggest stopping control programs that rely on non-immunizing controls, our results strongly argue that the accumulation of susceptibility should be considered before deploying such controls against endemic infections when indefinite use of the control is unlikely. We highlight that our results are particularly germane to endemic mosquito-borne infections, such as dengue virus, both for routine management involving vector control and for field trials of novel control approaches, and in the context of non-pharmaceutical interventions aimed at COVID-19.",2020,,PLoS computational biology,16,10,e1008292,,10.1371/journal.pcbi.1008292,,#746,Hollingsworth 2020,Exclusion reason: No specific population; ,""
"The Zombie Virus Pandemic: An Innovative Simulation Integrating Virology, Population Health, and Bioethics for Preclinical Medical Students.","Jackson, Jennifer M; Shen, E; Peters, Timothy R","Introduction: Understanding population health in the context of infectious disease outbreaks is an important physician competency. However, identifying effective ways to engage early medical students in this content remains a challenge. We designed an innovative pandemic simulation for first-year medical students utilizing the pop culture theme of zombies., Methods: This 2.5-hour simulation was conducted in 2018 and 2020 during students' virology course. Student teams collected and analyzed data to formulate hypotheses for the source pathogen. The teams completed reports explaining their diagnostic hypotheses, infection containment recommendations, and resource allocation recommendations. Learners completed an evaluation of the simulation through an online survey. Responses were analyzed using descriptive statistics; narrative responses were analyzed qualitatively for themes. A content analysis was performed on students' reports., Results: Two hundred eighty-four medical students participated in this activity. Nearly all respondents agreed that the small-group format (98%, 2018 and 2020) and pace and duration (92%, 2018; 94%, 2020) were appropriate and that the activity was intellectually stimulating (97%, 2018; 96%, 2020). Learner engagement measures were high (90%-97%, 2018; 83%-96%, 2020). Analysis of students' reports revealed evidence of cognitive integration of virology, population health, and bioethics concepts, including integration of new learning content., Discussion: Collaborative problem-solving during a simulated zombie-themed pandemic provided preclinical medical students with an engaging opportunity to integrate virology, population health, and bioethics concepts. Implementing this event required advanced planning, use of multiple spaces, learning materials preparation, and recruitment of several faculty, staff, and actors. Copyright © 2020 Jackson et al.",2020,,MedEdPORTAL : the journal of teaching and learning resources,16,101714390,11016,,10.15766/mep_2374-8265.11016,,#749,Jackson 2020,Exclusion reason: Irrelevant study; ,""
The effect of control measures on COVID-19 transmission in Italy: Comparison with Guangdong province in China.,"Liu, Pei-Yu; He, Sha; Rong, Li-Bin; Tang, San-Yi","BACKGROUND: COVID-19 has spread all around the world. Italy is one of the worst affected countries in Europe. Although there is a trend of relief, the epidemic situation hasn't stabilized yet. This study aims to investigate the dynamics of the disease spread in Italy and provide some suggestions on containing the epidemic., METHODS: We compared Italy's status at the outbreak stage and control measures with Guangdong Province in China by data observation and analysis. A modified autonomous SEIR model was used to study the COVID-19 epidemic and transmission potential during the early stage of the outbreak in Italy. We also utilized a time-dependent dynamic model to study the future disease dynamics in Italy. The impact of various non-pharmaceutical control measures on epidemic was investigated through uncertainty and sensitivity analyses., RESULTS: The comparison of specific measures implemented in the two places and the time when the measures were initiated shows that the initial prevention and control actions in Italy were not sufficiently timely and effective. We estimated parameter values based on available cumulative data and calculated the basic reproduction number to be 4.32 before the national lockdown in Italy. Based on the estimated parameter values, we performed numerical simulations to predict the epidemic trend and evaluate the impact of contact limitation, detection and diagnosis, and individual behavior change due to media coverage on the epidemic., CONCLUSIONS: Italy was in a severe epidemic status and the control measures were not sufficiently timely and effective in the beginning. Non-pharmaceutical interventions, including contact restrictions and improvement of case recognition, play an important role in containing the COVID-19 epidemic. The effect of individual behavior changes due to media update of the outbreak cannot be ignored. For policy-makers, early and strict blockade measures, fast detection and improving media publicity are key to containing the epidemic.",2020,,Infectious diseases of poverty,9,1,130,,10.1186/s40249-020-00730-2,,#751,Liu 2020,Exclusion reason: No knowledge user participation; ,""
Bayesian inference of COVID-19 spreading rates in South Africa.,"Mbuvha, Rendani; Marwala, Tshilidzi","The Severe acute respiratory syndrome coronavirus 2 (SARS-CoV-2) pandemic has highlighted the need for performing accurate inference with limited data. Fundamental to the design of rapid state responses is the ability to perform epidemiological model parameter inference for localised trajectory predictions. In this work, we perform Bayesian parameter inference using Markov Chain Monte Carlo (MCMC) methods on the Susceptible-Infected-Recovered (SIR) and Susceptible-Exposed-Infected-Recovered (SEIR) epidemiological models with time-varying spreading rates for South Africa. The results find two change points in the spreading rate of COVID-19 in South Africa as inferred from the confirmed cases. The first change point coincides with state enactment of a travel ban and the resultant containment of imported infections. The second change point coincides with the start of a state-led mass screening and testing programme which has highlighted community-level disease spread that was not well represented in the initial largely traveller based and private laboratory dominated testing data. The results further suggest that due to the likely effect of the national lockdown, community level transmissions are slower than the original imported case driven spread of the disease.",2020,,PloS one,15,8,e0237126,,10.1371/journal.pone.0237126,,#753,Mbuvha 2020,Exclusion reason: Not transmission modeling; ,""
"Review of Big Data Analytics, Artificial Intelligence and Nature-Inspired Computing Models towards Accurate Detection of COVID-19 Pandemic Cases and Contact Tracing.","Agbehadji, Israel Edem; Awuzie, Bankole Osita; Ngowi, Alfred Beati; Millham, Richard C","The emergence of the 2019 novel coronavirus (COVID-19) which was declared a pandemic has spread to 210 countries worldwide. It has had a significant impact on health systems and economic, educational and social facets of contemporary society. As the rate of transmission increases, various collaborative approaches among stakeholders to develop innovative means of screening, detecting and diagnosing COVID-19's cases among human beings at a commensurate rate have evolved. Further, the utility of computing models associated with the fourth industrial revolution technologies in achieving the desired feat has been highlighted. However, there is a gap in terms of the accuracy of detection and prediction of COVID-19 cases and tracing contacts of infected persons. This paper presents a review of computing models that can be adopted to enhance the performance of detecting and predicting the COVID-19 pandemic cases. We focus on big data, artificial intelligence (AI) and nature-inspired computing (NIC) models that can be adopted in the current pandemic. The review suggested that artificial intelligence models have been used for the case detection of COVID-19. Similarly, big data platforms have also been applied for tracing contacts. However, the nature-inspired computing (NIC) models that have demonstrated good performance in feature selection of medical issues are yet to be explored for case detection and tracing of contacts in the current COVID-19 pandemic. This study holds salient implications for practitioners and researchers alike as it elucidates the potentials of NIC in the accurate detection of pandemic cases and optimized contact tracing.",2020,,International journal of environmental research and public health,17,15,,,10.3390/ijerph17155330,,#754,Agbehadji 2020,Exclusion reason: Review; ,""
Modeling the impact of school reopening on SARS-CoV-2 transmission using contact structure data from Shanghai.,"Lee, Benjamin; Hanley, John P; Nowak, Sarah; Bates, Jason H T; Hebert-Dufresne, Laurent","BACKGROUND: Mathematical modeling studies have suggested that pre-emptive school closures alone have little overall impact on SARS-CoV-2 transmission, but reopening schools in the background of community contact reduction presents a unique scenario that has not been fully assessed., METHODS: We adapted a previously published model using contact information from Shanghai to model school reopening under various conditions. We investigated different strategies by combining the contact patterns observed between different age groups during both baseline and ""lockdown"" periods. We also tested the robustness of our strategy to the assumption of lower susceptibility to infection in children under age 15 years., RESULTS: We find that reopening schools for all children would maintain a post-intervention R0 < 1 up to a baseline R0 of approximately 3.3 provided that daily contacts among children 10-19 years are reduced to 33% of baseline. This finding was robust to various estimates of susceptibility to infection in children relative to adults (up to 50%) and to estimates of various levels of concomitant reopening in the rest of the community (up to 40%). However, full school reopening without any degree of contact reduction in the school setting returned R0 virtually back to baseline, highlighting the importance of mitigation measures., CONCLUSIONS: These results, based on contact structure data from Shanghai, suggest that schools can reopen with proper precautions during conditions of extreme contact reduction and during conditions of reasonable levels of reopening in the rest of the community.",2020,,BMC public health,20,1,1713,,10.1186/s12889-020-09799-8,,#761,Lee 2020,Exclusion reason: No knowledge user participation; ,""
"Bringing a health systems modelling approach to complex evaluations: multicountry applications in HIV, TB and malaria.","Phillips, David E; Ambrosio, Guillermo; Batzel, Audrey; Cerezo, Carmen; Duber, Herbert; Faye, Adama; Gaye, Ibrahima; Hernandez Prado, Bernardo; Huntley, Bethany; Kestler, Edgar; Kingongo, Constant; Lim, Stephen S; Linebarger, Emily; Matute, Jorge; Mpanya, Godefroid; Mulongo, Salva; O'Brien-Carelli, Caitlin; Palmisano, Erin; Rios Casas, Francisco; Shelley, Katharine; Tine, Roger; Whitaker, Daniel; Ross, Jennifer M","INTRODUCTION: Understanding how to deliver interventions more effectively is a growing emphasis in Global Health. Simultaneously, health system strengthening is a key component to improving delivery. As a result, it is challenging to evaluate programme implementation while reflecting real-world complexity. We present our experience in using a health systems modelling approach as part of a mixed-methods evaluation and describe applications of these models., METHODS: We developed a framework for how health systems translate financial inputs into health outcomes, with in-country and international experts. We collated available data to measure framework indicators and developed models for malaria in Democratic Republic of the Congo (DRC), and tuberculosis in Guatemala and Senegal using Bayesian structural equation modelling. We conducted several postmodelling analyses: measuring efficiency, assessing bottlenecks, understanding mediation, analysing the cascade of care and measuring subnational effectiveness., RESULTS: The DRC model indicated a strong relationship between shipment of commodities and utilisation thereof. In Guatemala, the strongest model coefficients were more evenly distributed. Results in Senegal varied most, but pathways related to community care had the strongest relationships. In DRC, we used model results to estimate the end-to-end cost of delivering commodities. In Guatemala, we used model results to identify potential bottlenecks and understand mediation. In Senegal, we used model results to identify potential weak links in the cascade of care, and explore subnationally., CONCLUSION: This study demonstrates a complementary modelling approach to traditional evaluation methods. Although these models have limitations, they can be applied in a variety of ways to gain greater insight into implementation and functioning of health service delivery. Copyright © Author(s) (or their employer(s)) 2020. Re-use permitted under CC BY-NC. No commercial re-use. See rights and permissions. Published by BMJ.",2020,,BMJ global health,5,11,,,10.1136/bmjgh-2020-002441,,#763,Phillips 2020,Exclusion reason: Review; ,""
The impact of opening dedicated clinics on disease transmission during an influenza pandemic.,"Shi, Pengyi; Yan, Jia; Keskinocak, Pinar; Shane, Andi L; Swann, Julie L","Dedicated clinics can be established in an influenza pandemic to isolate people and potentially reduce opportunities for influenza transmission. However, their operation requires resources and their existence may attract the worried-well. In this study, we quantify the impact of opening dedicated influenza clinics during a pandemic based on an agent-based simulation model across a time-varying social network of households, workplaces, schools, community locations, and health facilities in the state of Georgia. We calculate performance measures, including peak prevalence and total attack rate, while accounting for clinic operations, including timing and location. We find that opening clinics can reduce disease spread and hospitalizations even when visited by the worried-well, open for limited weeks, or open in limited locations, and especially when the clinics are in operation during times of highest prevalence. Specifically, peak prevalence, total attack rate, and hospitalization reduced 0.07-0.32%, 0.40-1.51%, 0.02-0.09%, respectively, by operating clinics for the pandemic duration.",2020,,PloS one,15,8,e0236455,,10.1371/journal.pone.0236455,,#774,Shi 2020,Exclusion reason: No knowledge user participation; ,""
Community-Led Monitoring: When Community Data Drives Implementation Strategies.,"Baptiste, Solange; Manouan, Alain; Garcia, Pedro; Etya'ale, Helen; Swan, Tracy; Jallow, Wame","PURPOSE OF REVIEW: Communities occupy a central position in effective health systems, notably through monitoring of health service quality and by giving recipients of care a voice. Our review identifies community-led monitoring mechanisms and best practices., RECENT FINDINGS: Implementation of community-led monitoring mechanisms improved service delivery at facility-level, health system-wide infrastructure and health outcomes among recipients of care. Successful models were community-led, collaborative, continuous and systematic, and incorporated advocacy and community education. Identifying and replicating successful community-led monitoring practices is a key pathway to equitable access to HIV and health services overall.",2020,,Current HIV/AIDS reports,17,5,415-421,,10.1007/s11904-020-00521-2,,#777,Baptiste 2020,Exclusion reason: Review; ,""
Prediction models for diagnosis and prognosis of covid-19: systematic review and critical appraisal.,"Wynants, Laure; Van Calster, Ben; Collins, Gary S; Riley, Richard D; Heinze, Georg; Schuit, Ewoud; Bonten, Marc M J; Dahly, Darren L; Damen, Johanna A A; Debray, Thomas P A; de Jong, Valentijn M T; De Vos, Maarten; Dhiman, Paul; Haller, Maria C; Harhay, Michael O; Henckaerts, Liesbet; Heus, Pauline; Kammer, Michael; Kreuzberger, Nina; Lohmann, Anna; Luijken, Kim; Ma, Jie; Martin, Glen P; McLernon, David J; Andaur Navarro, Constanza L; Reitsma, Johannes B; Sergeant, Jamie C; Shi, Chunhu; Skoetz, Nicole; Smits, Luc J M; Snell, Kym I E; Sperrin, Matthew; Spijker, Rene; Steyerberg, Ewout W; Takada, Toshihiko; Tzoulaki, Ioanna; van Kuijk, Sander M J; van Bussel, Bas; van der Horst, Iwan C C; van Royen, Florien S; Verbakel, Jan Y; Wallisch, Christine; Wilkinson, Jack; Wolff, Robert; Hooft, Lotty; Moons, Karel G M; van Smeden, Maarten","OBJECTIVE: To review and appraise the validity and usefulness of published and preprint reports of prediction models for diagnosing coronavirus disease 2019 (covid-19) in patients with suspected infection, for prognosis of patients with covid-19, and for detecting people in the general population at increased risk of covid-19 infection or being admitted to hospital with the disease., DESIGN: Living systematic review and critical appraisal by the COVID-PRECISE (Precise Risk Estimation to optimise covid-19 Care for Infected or Suspected patients in diverse sEttings) group., DATA SOURCES: PubMed and Embase through Ovid, up to 1 July 2020, supplemented with arXiv, medRxiv, and bioRxiv up to 5 May 2020., STUDY SELECTION: Studies that developed or validated a multivariable covid-19 related prediction model., DATA EXTRACTION: At least two authors independently extracted data using the CHARMS (critical appraisal and data extraction for systematic reviews of prediction modelling studies) checklist; risk of bias was assessed using PROBAST (prediction model risk of bias assessment tool)., RESULTS: 37 421 titles were screened, and 169 studies describing 232 prediction models were included. The review identified seven models for identifying people at risk in the general population; 118 diagnostic models for detecting covid-19 (75 were based on medical imaging, 10 to diagnose disease severity); and 107 prognostic models for predicting mortality risk, progression to severe disease, intensive care unit admission, ventilation, intubation, or length of hospital stay. The most frequent types of predictors included in the covid-19 prediction models are vital signs, age, comorbidities, and image features. Flu-like symptoms are frequently predictive in diagnostic models, while sex, C reactive protein, and lymphocyte counts are frequent prognostic factors. Reported C index estimates from the strongest form of validation available per model ranged from 0.71 to 0.99 in prediction models for the general population, from 0.65 to more than 0.99 in diagnostic models, and from 0.54 to 0.99 in prognostic models. All models were rated at high or unclear risk of bias, mostly because of non-representative selection of control patients, exclusion of patients who had not experienced the event of interest by the end of the study, high risk of model overfitting, and unclear reporting. Many models did not include a description of the target population (n=27, 12%) or care setting (n=75, 32%), and only 11 (5%) were externally validated by a calibration plot. The Jehi diagnostic model and the 4C mortality score were identified as promising models., CONCLUSION: Prediction models for covid-19 are quickly entering the academic literature to support medical decision making at a time when they are urgently needed. This review indicates that almost all pubished prediction models are poorly reported, and at high risk of bias such that their reported predictive performance is probably optimistic. However, we have identified two (one diagnostic and one prognostic) promising models that should soon be validated in multiple cohorts, preferably through collaborative efforts and data sharing to also allow an investigation of the stability and heterogeneity in their performance across populations and settings. Details on all reviewed models are publicly available at https://www.covprecise.org/. Methodological guidance as provided in this paper should be followed because unreliable predictions could cause more harm than benefit in guiding clinical decisions. Finally, prediction model authors should adhere to the TRIPOD (transparent reporting of a multivariable prediction model for individual prognosis or diagnosis) reporting guideline., SYSTEMATIC REVIEW REGISTRATION: Protocol https://osf.io/ehc47/, registration https://osf.io/wy245., READERS' NOTE: This article is a living systematic review that will be updated to reflect emerging evidence. Updates may occur for up to two years from the date of original publication. This version is update 3 of the original article published on 7 April 2020 (BMJ 2020;369:m1328). Previous updates can be found as data supplements (https://www.bmj.com/content/369/bmj.m1328/related#datasupp). When citing this paper please consider adding the update number and date of access for clarity. Copyright © Author(s) (or their employer(s)) 2019. Re-use permitted under CC BY. No commercial re-use. See rights and permissions. Published by BMJ.",2020,,BMJ (Clinical research ed.),369,"8900488, bmj, 101090866",m1328,,10.1136/bmj.m1328,,#786,Wynants 2020,Exclusion reason: Review; ,""
Examining Approaches to Estimate the Prevalence of Catastrophic Costs Due to Tuberculosis from Small-Scale Studies in South Africa.,"Sweeney, Sedona; Vassall, Anna; Guinness, Lorna; Siapka, Mariana; Chimbindi, Natsayi; Mudzengi, Don; Gomez, Gabriela B","BACKGROUND AND OBJECTIVE: In context of the End TB goal of zero tuberculosis (TB)-affected households encountering catastrophic costs due to TB by 2020, the estimation of national prevalence of catastrophic costs due to TB is a priority to inform programme design. We explore approaches to estimate the national prevalence of catastrophic costs due to TB from existing datasets as an alternative to nationally representative surveys., METHODS: We obtained, standardized and merged three patient-level datasets from existing studies on patient-incurred costs due to TB in South Africa. A deterministic cohort model was developed with the aim of estimating the national prevalence of catastrophic costs, using national data on the prevalence of TB and likelihood of loss to follow-up by income quintile and HIV status. Two approaches were tested to parameterize the model with existing cost data. First, a meta-analysis summarized study-level data by HIV status and income quintile. Second, a regression analysis of patient-level data also included employment status, education level and urbanicity. We summarized findings by type of cost and examined uncertainty around resulting estimates., RESULTS: Overall, the median prevalence of catastrophic costs for the meta-analysis and regression approaches were 11% (interquartile range [IQR] 9-13%) and 6% (IQR 5-8%), respectively. Both approaches indicated that the main burden of catastrophic costs falls on the poorest households. An individual-level regression analysis produced lower uncertainty around estimates than a study-level meta-analysis., CONCLUSIONS: This paper presents a novel application of existing data to estimate the national prevalence of catastrophic costs due to TB. This type of model could be useful for researchers and policy makers looking to inform certain policy decisions; however, some uncertainties remain due to limitations in data availability. There is an urgent need for standardized reporting of cost data and improved guidance on methods to collect income data to improve these estimates going forward.",2020,,PharmacoEconomics,38,6,619-631,,10.1007/s40273-020-00898-3,,#788,Sweeney 2020,Exclusion reason: Not a mathematical model; ,""
Modelling the epidemiology of residual Plasmodium vivax malaria in a heterogeneous host population: A case study in the Amazon Basin.,"Corder, Rodrigo M; Ferreira, Marcelo U; Gomes, M Gabriela M","The overall malaria burden in the Americas has decreased dramatically over the past two decades, but residual transmission pockets persist across the Amazon Basin, where Plasmodium vivax is the predominant infecting species. Current elimination efforts require a better quantitative understanding of malaria transmission dynamics for planning, monitoring, and evaluating interventions at the community level. This can be achieved with mathematical models that properly account for risk heterogeneity in communities approaching elimination, where few individuals disproportionately contribute to overall malaria prevalence, morbidity, and onwards transmission. Here we analyse demographic information combined with routinely collected malaria morbidity data from the town of Mancio Lima, the main urban transmission hotspot of Brazil. We estimate the proportion of high-risk subjects in the host population by fitting compartmental susceptible-infected-susceptible (SIS) transmission models simultaneously to age-stratified vivax malaria incidence densities and the frequency distribution of P. vivax malaria attacks experienced by each individual over 12 months. Simulations with the best-fitting SIS model indicate that 20% of the hosts contribute 86% of the overall vivax malaria burden. Despite the low overall force of infection typically found in the Amazon, about one order of magnitude lower than that in rural Africa, high-risk individuals gradually develop clinical immunity following repeated infections and eventually constitute a substantial infectious reservoir comprised of asymptomatic parasite carriers that is overlooked by routine surveillance but likely fuels onwards malaria transmission. High-risk individuals therefore represent a priority target for more intensive and effective interventions that may not be readily delivered to the entire community.",2020,,PLoS computational biology,16,3,e1007377,,10.1371/journal.pcbi.1007377,,#790,Corder 2020,Exclusion reason: No knowledge user participation; ,""
"Predicting the long-term impact of voluntary medical male circumcision on HIV incidence among men who have sex with men in Beijing, China.","Zhang, Chen; Webb, Glenn F; Lou, Jie; Shepherd, Brian E; Qian, Han-Zhu; Liu, Yu; Vermund, Sten H","Using a deterministic compartmental modeling procedure to fit prevalence from 2005-2015, we projected new HIV cases during 2016-2026 under different coverage rates ranging from 0.0001 (at baseline) to 0.15 (an optimistic assumption) with simulations on varying transmission rates, model calibration to match historical data, and sensitivity analyses for different assumptions. Compared with the baseline (lambda = 0.0001), we found the new HIV cases would reduce with the increase of coverage rates of the voluntary medical male circumcision (VMMC) among men who have sex wtih men (MSM). The higher the coverage rate, the lower the new HIV incidence would be. As one of the first studies to model the potential impact of VMMC among MSM in China, our model suggested a modest to the significant public health impact of VMMC. Even at just 15% VMMC annual uptake rate, the reduction in new infections is substantial. Therefore, there is a strong need to determine the efficacy of VMMC among MSM, to improve the evidence base for its potential use among MSM in low circumcision settings. Only then can policymakers decide whether to incorporate VMMC into a package of HIV prevention interventions targeting MSM.",2020,,AIDS care,32,3,343-353,,10.1080/09540121.2019.1679704,,#793,Zhang 2020,Exclusion reason: No knowledge user participation; ,""
A model for epidemic dynamics in a community with visitor subpopulation.,"Dansu, Emmanuel J; Seno, Hiromi","With a five dimensional system of ordinary differential equations based on the SIR and SIS models, we consider the dynamics of epidemics in a community which consists of residents and short-stay visitors. Taking different viewpoints to consider public health policies to control the disease, we derive different basic reproduction numbers and clarify their common/different mathematical natures so as to understand their meanings in the dynamics of the epidemic. From our analyses, the short-stay visitor subpopulation could become significant in determining the fate of diseases in the community. Furthermore, our arguments demonstrate that it is necessary to choose one variant of basic reproduction number in order to formulate appropriate public health policies. Copyright © 2019 Elsevier Ltd. All rights reserved.",2019,,Journal of theoretical biology,478,"k8n, 0376342",115-127,,10.1016/j.jtbi.2019.06.020,,#799,Dansu 2019,Exclusion reason: No specific infectious disease; ,""
"Assessing the influence of conflict on the dynamics of sex work and the HIV and HCV epidemics in Ukraine: protocol for an observational, ethnographic, and mathematical modeling study.","Becker, Marissa; Balakireva, Olga; Pavlova, Daria; Isac, Shajy; Cheuk, Eve; Roberts, Elizabeth; Forget, Evelyn; Ma, Huiting; Lazarus, Lisa; Sandstrom, Paul; Blanchard, James; Mishra, Sharmistha; Lorway, Rob; Pickles, Michael","BACKGROUND: Armed conflict erupted in eastern Ukraine in 2014 and still continues. This conflict has resulted in an intensification of poverty, displacement and migration, and has weakened the local health system. Ukraine has some of the highest rates of HIV and Hepatitis C (HCV) in Europe. Whether and how the current conflict, and its consequences, will lead to changes in the HIV and HCV epidemic in Ukraine is unclear. Our study aims to characterize how the armed conflict in eastern Ukraine and its consequences influence the pattern, practice, and experience of sex work and how this affects HIV and HCV rates among female sex workers (FSWs) and their clients., METHODS: We are implementing a 5-year mixed methods study in Dnipro, eastern Ukraine. Serial mapping and size estimation of FSWs and clients will be conducted followed by bio-behavioral cross-sectional surveys among FSWs and their clients. The qualitative component of the study will include in-depth interviews with FSWs and other key stakeholders and participant diaries will be implemented with FSWs. We will also conduct an archival review over the course of the project. Finally, we will use these data to develop and structure a mathematical model with which to estimate the potential influence of changes due to conflict on the trajectory of HIV and HCV epidemics among FSW and clients., DISCUSSION: The limited data that exists on the effect of conflict on disease transmission provides mixed results. Our study will provide rigorous, timely and context-specific data on HIV and HCV transmission in the setting of conflict. This information can be used to inform the design and delivery of HIV and HCV prevention and care services.",2019,,BMC international health and human rights,19,1,16,,10.1186/s12914-019-0201-y,,#800,Becker 2019,Exclusion reason: Protocol; ,""
Vaccination or mass drug administration against schistosomiasis: a hypothetical cost-effectiveness modelling comparison.,"Collyer, Benjamin S; Turner, Hugo C; Hollingsworth, T Deirdre; Keeling, Matt J","BACKGROUND: Schistosomiasis is a neglected tropical disease, targeted by the World Health Organization for reduction in morbidity by 2020. It is caused by parasitic flukes that spread through contamination of local water sources. Traditional control focuses on mass drug administration, which kills the majority of adult worms, targeted at school-aged children. However, these drugs do not confer long-term protection and there are concerns over the emergence of drug resistance. The development of a vaccine against schistosomiasis opens the potential for control methods that could generate long-lasting population-level immunity if they are cost-effective., METHODS: Using an individual-based transmission model, matched to epidemiological data, we compared the cost-effectiveness of a range of vaccination programmes against mass drug administration, across three transmission settings. Health benefit was measured by calculating the heavy-intensity infection years averted by each intervention, while vaccine costs were assessed against robust estimates for the costs of mass drug administration obtained from data. We also calculated a critical vaccination cost, a cost beyond which vaccination might not be economically favorable, by benchmarking the cost-effectiveness of potential vaccines against the cost-effectiveness of mass drug administration, and examined the effect of different vaccine protection durations., RESULTS: We found that sufficiently low-priced vaccines can be more cost-effective than traditional drugs in high prevalence settings, and can lead to a greater reduction in morbidity over shorter time-scales. MDA or vaccination programmes that target the whole community generate the most health benefits, but are generally less cost-effective than those targeting children, due to lower prevalence of schistosomiasis in adults., CONCLUSIONS: The ultimate cost-effectiveness of vaccination will be highly dependent on multiple vaccine characteristics, such as the efficacy, cost, safety and duration of protection, as well as the subset of population targeted for vaccination. However, our results indicate that if a vaccine could be developed with reasonable characteristics and for a sufficiently low cost, then vaccination programmes can be a highly cost-effective method of controlling schistosomiasis in high-transmission areas. The population-level immunity generated by vaccination will also inevitably improve the chances of interrupting transmission of the disease, which is the long-term epidemiological goal.",2019,,Parasites & vectors,12,1,499,,10.1186/s13071-019-3749-4,,#806,Collyer 2019,"Exclusion reason: No specific setting (geography: country(s), city(s)); ",""
Best practice assessment of disease modelling for infectious disease outbreaks.,"Dembek, Z F; Chekol, T; Wu, A","During emerging disease outbreaks, public health, emergency management officials and decision-makers increasingly rely on epidemiological models to forecast outbreak progression and determine the best response to health crisis needs. Outbreak response strategies derived from such modelling may include pharmaceutical distribution, immunisation campaigns, social distancing, prophylactic pharmaceuticals, medical care, bed surge, security and other requirements. Infectious disease modelling estimates are unavoidably subject to multiple interpretations, and full understanding of a model's limitations may be lost when provided from the disease modeller to public health practitioner to government policymaker. We review epidemiological models created for diseases which are of greatest concern for public health protection. Such diseases, whether transmitted from person-to-person (Ebola, influenza, smallpox), via direct exposure (anthrax), or food and waterborne exposure (cholera, typhoid) may cause severe illness and death in a large population. We examine disease-specific models to determine best practices characterising infectious disease outbreaks and facilitating emergency response and implementation of public health policy and disease control measures.",2018,,Epidemiology and infection,146,10,1207-1215,,10.1017/S095026881800119X,,#809,Dembek 2018,Exclusion reason: Review; ,""
The human-snail transmission environment shapes long term schistosomiasis control outcomes: Implications for improving the accuracy of predictive modeling.,"Gurarie, David; Lo, Nathan C; Ndeffo-Mbah, Martial L; Durham, David P; King, Charles H","INTRODUCTION: Schistosomiasis is a chronic parasitic trematode disease that affects over 240 million people worldwide. The Schistosoma lifecycle is complex, involving transmission via specific intermediate-host freshwater snails. Predictive mathematical models of Schistosoma transmission have often chosen to simplify or ignore the details of environmental human-snail interaction in their analyses. Schistosome transmission models now aim to provide better precision for policy planning of elimination of transmission. This heightens the importance of including the environmental complexity of vector-pathogen interaction in order to make more accurate projections., METHODOLOGY AND PRINCIPAL FINDINGS: We propose a nonlinear snail force of infection (FOI) that takes into account an intermediate larval stage (miracidium) and snail biology. We focused, in particular, on the effects of snail force of infection (FOI) on the impact of mass drug administration (MDA) in human communities. The proposed (modified) model was compared to a conventional model in terms of their predictions. A longitudinal dataset generated in Kenya field studies was used for model calibration and validation. For each sample community, we calibrated modified and conventional model systems, then used them to model outcomes for a range of MDA regimens. In most cases, the modified model predicted more vigorous post-MDA rebound, with faster relapse to baseline levels of infection. The effect was pronounced in higher risk communities. When compared to observed data, only the modified system was able to successfully predict persistent rebound of Schistosoma infection., CONCLUSION AND SIGNIFICANCE: The observed impact of varying location-specific snail inputs sheds light on the diverse MDA response patterns noted in operational research on schistosomiasis control, such as the recent SCORE project. Efficiency of human-to-snail transmission is likely to be much higher than predicted by standard models, which, in practice, will make local elimination by implementation of MDA alone highly unlikely, even over a multi-decade period.",2018,,PLoS neglected tropical diseases,12,5,e0006514,,10.1371/journal.pntd.0006514,,#812,Gurarie 2018,Exclusion reason: No knowledge user participation; ,""
Inference and control of the nosocomial transmission of methicillin-resistant Staphylococcus aureus.,"Pei, Sen; Morone, Flaviano; Liljeros, Fredrik; Makse, Hernan; Shaman, Jeffrey L","Methicillin-resistant Staphylococcus aureus (MRSA) is a continued threat to human health in both community and healthcare settings. In hospitals, control efforts would benefit from accurate estimation of asymptomatic colonization and infection importation rates from the community. However, developing such estimates remains challenging due to limited observation of colonization and complicated transmission dynamics within hospitals and the community. Here, we develop an inference framework that can estimate these key quantities by combining statistical filtering techniques, an agent-based model, and real-world patient-to-patient contact networks, and use this framework to infer nosocomial transmission and infection importation over an outbreak spanning 6 years in 66 Swedish hospitals. In particular, we identify a small number of patients with disproportionately high risk of colonization. In retrospective control experiments, interventions targeted to these individuals yield a substantial improvement over heuristic strategies informed by number of contacts, length of stay and contact tracing. Copyright © 2018, Pei et al.",2018,,eLife,7,101579614,,,10.7554/eLife.40977,,#813,Pei 2018,Exclusion reason: No knowledge user participation; ,""
Estimating the elimination feasibility in the 'end game' of control efforts for parasites subjected to regular mass drug administration: Methods and their application to schistosomiasis.,"Arakala, Arathi; Hoover, Christopher M; Marshall, John M; Sokolow, Susanne H; De Leo, Giulio A; Rohr, Jason R; Remais, Justin V; Gambhir, Manoj","Progress towards controlling and eliminating parasitic worms, including schistosomiasis, onchocerciasis, and lymphatic filariasis, is advancing rapidly as national governments, multinational NGOs, and pharmaceutical companies launch collaborative chemotherapeutic control campaigns. Critical questions remain regarding the potential for achieving elimination of these infections, and analytical methods can help to quickly estimate progress towards-and the probability of achieving-elimination over specific timeframes. Here, we propose the effective reproduction number, Reff, as a proxy of elimination potential for sexually reproducing worms that are subject to poor mating success at very low abundance (positive density dependence, or Allee effects). Reff is the number of parasites produced by a single reproductive parasite at a given stage in the transmission cycle, over the parasite's lifetime-it is the generalized form of the more familiar basic reproduction number, R0, which only applies at the beginning of an epidemic-and it can be estimated in a 'model-free' manner by an estimator ('epsilon'). We introduce epsilon, demonstrate its estimation using simulated data, and discuss how it may be used in planning and evaluation of ongoing elimination efforts for a range of parasitic diseases.",2018,,PLoS neglected tropical diseases,12,11,e0006794,,10.1371/journal.pntd.0006794,,#814,Arakala 2018,Exclusion reason: No specific population; ,""
Real-time decision-making during emergency disease outbreaks.,"Probert, William J M; Jewell, Chris P; Werkman, Marleen; Fonnesbeck, Christopher J; Goto, Yoshitaka; Runge, Michael C; Sekiguchi, Satoshi; Shea, Katriona; Keeling, Matt J; Ferrari, Matthew J; Tildesley, Michael J","In the event of a new infectious disease outbreak, mathematical and simulation models are commonly used to inform policy by evaluating which control strategies will minimize the impact of the epidemic. In the early stages of such outbreaks, substantial parameter uncertainty may limit the ability of models to provide accurate predictions, and policymakers do not have the luxury of waiting for data to alleviate this state of uncertainty. For policymakers, however, it is the selection of the optimal control intervention in the face of uncertainty, rather than accuracy of model predictions, that is the measure of success that counts. We simulate the process of real-time decision-making by fitting an epidemic model to observed, spatially-explicit, infection data at weekly intervals throughout two historical outbreaks of foot-and-mouth disease, UK in 2001 and Miyazaki, Japan in 2010, and compare forward simulations of the impact of switching to an alternative control intervention at the time point in question. These are compared to policy recommendations generated in hindsight using data from the entire outbreak, thereby comparing the best we could have done at the time with the best we could have done in retrospect. Our results show that the control policy that would have been chosen using all the data is also identified from an early stage in an outbreak using only the available data, despite high variability in projections of epidemic size. Critically, we find that it is an improved understanding of the locations of infected farms, rather than improved estimates of transmission parameters, that drives improved prediction of the relative performance of control interventions. However, the ability to estimate undetected infectious premises is a function of uncertainty in the transmission parameters. Here, we demonstrate the need for both real-time model fitting and generating projections to evaluate alternative control interventions throughout an outbreak. Our results highlight the use of using models at outbreak onset to inform policy and the importance of state-dependent interventions that adapt in response to additional information throughout an outbreak.",2018,,PLoS computational biology,14,7,e1006202,,10.1371/journal.pcbi.1006202,,#820,Probert 2018,Exclusion reason: Irrelevant study; ,""
Dynamic Models of Infectious Disease Transmission in Prisons and the General Population.,"Ndeffo-Mbah, Martial L; Vigliotti, Vivian S; Skrip, Laura A; Dolan, Kate; Galvani, Alison P","Incarcerated populations experience elevated burdens of infectious diseases, which are exacerbated by limited access to prevention measures. Dynamic models are used to assess the spread and control of diseases within correctional facilities and repercussions on the general population. Our systematic review of dynamic models of infectious diseases within correctional settings identified 34 studies published between 1996 and 2017. Of these, 23 focused on disease dynamics and intervention in prison without accounting for subsequent spread to the community. The main diseases modeled in these studies were human immunodeficiency virus (HIV; n = 14, 41%), tuberculosis (TB; n = 10, 29%), and hepatitis C virus (HCV; n = 7, 21%). Models were fitted to epidemiologic data in 14 studies; uncertainty and sensitivity analyses were conducted in 8, and validation of model projection against empirical data was done in 1 study. According to the models, prison-based screening and treatment may be highly effective strategies for reducing the burden of HIV, TB, HCV, and other sexually transmissible infections among prisoners and the general community. Decreasing incarceration rates were projected to reduce HIV and HCV infections among people who inject drugs and TB infections among all prisoners. Limitations of the modeling studies and opportunities for using dynamic models to develop quantitative evidence for informing prison infection control measures are discussed.",2018,,Epidemiologic reviews,40,1,40-57,,10.1093/epirev/mxx014,,#824,Ndeffo-Mbah 2018,Exclusion reason: Review; ,""
Choosing wisely: a model-based analysis evaluating the trade-offs in cancer benefit and diagnostic referrals among alternative HPV testing strategies in Norway.,"Burger, Emily A; Pedersen, Kine; Sy, Stephen; Kristiansen, Ivar Sonbo; Kim, Jane J","BACKGROUND: Forthcoming cervical cancer screening strategies involving human papillomavirus (HPV) testing for women not vaccinated against HPV infections may increase colposcopy referral rates. We quantified health and resource trade-offs associated with alternative HPV-based algorithms to inform decision-makers when choosing between candidate algorithms., METHODS: We used a mathematical simulation model of HPV-induced cervical carcinogenesis in Norway. We compared the current cytology-based strategy to alternative strategies that varied by the switching age to primary HPV testing (ages 25-34 years), the routine screening frequency (every 3-10 years), and management of HPV-positive, cytology-negative women. Model outcomes included reductions in lifetime cervical cancer risk, relative colposcopy rates, and colposcopy rates per cervical cancer prevented., RESULTS: The age of switching to primary HPV testing and the screening frequency had the largest impacts on cancer risk reductions, which ranged from 90.9% to 96.3% compared to no screening. In contrast, increasing the follow-up intensity of HPV-positive, cytology-negative women provided only minor improvements in cancer benefits, but generally required considerably higher rates of colposcopy referrals compared to current levels, resulting in less efficient cervical cancer prevention., CONCLUSIONS: We found that in order to maximise cancer benefits HPV-based screening among unvaccinated women should not be delayed: rather, policy makers should utilise the triage mechanism to control colposcopy referrals.",2017,,British journal of cancer,117,6,783-790,,10.1038/bjc.2017.248,,#830,Burger 2017,Exclusion reason: Not an infectious disease; ,""
Constructing Ebola transmission chains from West Africa and estimating model parameters using internet sources.,"Pettey, W B P; Carter, M E; Toth, D J A; Samore, M H; Gundlapalli, A V","During the recent Ebola crisis in West Africa, individual person-level details of disease onset, transmissions, and outcomes such as survival or death were reported in online news media. We set out to document disease transmission chains for Ebola, with the goal of generating a timely account that could be used for surveillance, mathematical modeling, and public health decision-making. By accessing public web pages only, such as locally produced newspapers and blogs, we created a transmission chain involving two Ebola clusters in West Africa that compared favorably with other published transmission chains, and derived parameters for a mathematical model of Ebola disease transmission that were not statistically different from those derived from published sources. We present a protocol for responsibly gleaning epidemiological facts, transmission model parameters, and useful details from affected communities using mostly indigenously produced sources. After comparing our transmission parameters to published parameters, we discuss additional benefits of our method, such as gaining practical information about the affected community, its infrastructure, politics, and culture. We also briefly compare our method to similar efforts that used mostly non-indigenous online sources to generate epidemiological information.",2017,,Epidemiology and infection,145,10,1993-2002,,10.1017/S0950268817000760,,#834,Pettey 2017,Exclusion reason: Not a mathematical model; ,""
Campus and Community HIV and Addiction Prevention (CCHAP): An HIV Testing and Prevention Model to Reach Young African American Adults.,"Holliday, Rhonda C; Zellner, Tiffany; Francis, Clarissa; Braithwaite, Ronald L; McGregor, Brian; Bonhomme, Jean","The Campus and Community HIV and Addiction Prevention (CCHAP) project was a collaborative effort between three academic institutions and a community-based organization to conduct rapid HIV testing, assess substance use behaviors, and provide education on HIV risk behaviors for African Americans, 18-24, attending historically Black colleges and universities (HBCUs) and within the surrounding community. As a result of this partnership 2,385 participants received a rapid HIV test, with testing split almost equally between the campus and the community. The positivity rate was .6% (N = 15) with 10 newly diagnosed individuals accounting for 67% of the HIV positives. The results of the partnership provide evidence of a successful outreach program for both the campus and community, and identified a continued need for HIV testing and educational outreach for African American young adults 18-24.",2017,,Journal of health care for the poor and underserved,28,2S,69-80,,10.1353/hpu.2017.0053,,#835,Holliday 2017,Exclusion reason: Not a mathematical model; ,""
Extensions to Bayesian generalized linear mixed effects models for household tuberculosis transmission.,"McIntosh, Avery I; Doros, Gheorghe; Jones-Lopez, Edward C; Gaeddert, Mary; Jenkins, Helen E; Marques-Rodrigues, Patricia; Ellner, Jerrold J; Dietze, Reynaldo; White, Laura F","Household contact studies, a mainstay of tuberculosis transmission research, often assume that tuberculosis-infected household contacts of an index case were infected within the household. However, strain genotyping has provided evidence against this assumption. Understanding the household versus community infection dynamic is essential for designing interventions. The misattribution of infection sources can also bias household transmission predictor estimates. We present a household-community transmission model that estimates the probability of community infection, that is, the probability that a household contact of an index case was actually infected from a source outside the home and simultaneously estimates transmission predictors. We show through simulation that our method accurately predicts the probability of community infection in several scenarios and that not accounting for community-acquired infection in household contact studies can bias risk factor estimates. Applying the model to data from Vitoria, Brazil, produced household risk factor estimates similar to two other standard methods for age and sex. However, our model gave different estimates for sleeping proximity to index case and disease severity score. These results show that estimating both the probability of community infection and household transmission predictors is feasible and that standard tuberculosis transmission models likely underestimate the risk for two important transmission predictors. Copyright © 2017 John Wiley & Sons, Ltd. Copyright © 2017 John Wiley & Sons, Ltd.",2017,,Statistics in medicine,36,16,2522-2532,,10.1002/sim.7303,,#836,McIntosh 2017,Exclusion reason: Not a mathematical model; ,""
Cost-Effectiveness of Community-Based TB/HIV Screening and Linkage to Care in Rural South Africa.,"Gilbert, Jennifer A; Shenoi, Sheela V; Moll, Anthony P; Friedland, Gerald H; Paltiel, A David; Galvani, Alison P","South Africa has one of the highest burdens of TB worldwide, driven by the country's widespread prevalence of HIV, and further complicated by drug resistance. Active case finding within the community, particularly in rural areas where healthcare access is limited, can significantly improve diagnosis and treatment coverage in high-incidence settings. We evaluated the potential health and economic consequences of implementing community-based TB/HIV screening and linkage to care. Using a dynamic model of TB and HIV transmission over a time horizon of 10 years, we compared status quo TB/HIV control to community-based TB/HIV screening at frequencies of once every two years, one year, and six months. We also considered the impact of extending IPT from 36 months for TST positive and 12 months for TST negative or unknown patients (36/12) to lifetime use for all HIV-infected patients. We conducted a probabilistic sensitivity analysis to assess the effect of parameter uncertainty on the cost-effectiveness results. We identified four strategies that saved the most life years for a given outlay: status quo TB/HIV control with 36/12 months of IPT and TB/HIV screening strategies at frequencies of once every two years, one year, and six months with lifetime IPT. All of these strategies were very cost-effective at a threshold of $6,618 per life year saved (the per capita GDP of South Africa). Community-based TB/HIV screening with linkage to care is therefore very cost-effective in rural South Africa.",2016,,PloS one,11,12,e0165614,,10.1371/journal.pone.0165614,,#844,Gilbert 2016,Exclusion reason: No knowledge user participation; ,""
Moving interdisciplinary science forward: integrating participatory modelling with mathematical modelling of zoonotic disease in Africa.,"Grant, Catherine; Lo Iacono, Giovanni; Dzingirai, Vupenyu; Bett, Bernard; Winnebah, Thomas R A; Atkinson, Peter M","This review outlines the benefits of using multiple approaches to improve model design and facilitate multidisciplinary research into infectious diseases, as well as showing and proposing practical examples of effective integration. It looks particularly at the benefits of using participatory research in conjunction with traditional modelling methods to potentially improve disease research, control and management. Integrated approaches can lead to more realistic mathematical models which in turn can assist with making policy decisions that reduce disease and benefit local people. The emergence, risk, spread and control of diseases are affected by many complex bio-physical, environmental and socio-economic factors. These include climate and environmental change, land-use variation, changes in population and people's behaviour. The evidence base for this scoping review comes from the work of a consortium, with the aim of integrating modelling approaches traditionally used in epidemiological, ecological and development research. A total of five examples of the impacts of participatory research on the choice of model structure are presented. Example 1 focused on using participatory research as a tool to structure a model. Example 2 looks at identifying the most relevant parameters of the system. Example 3 concentrates on identifying the most relevant regime of the system (e.g., temporal stability or otherwise), Example 4 examines the feedbacks from mathematical models to guide participatory research and Example 5 goes beyond the so-far described two-way interplay between participatory and mathematical approaches to look at the integration of multiple methods and frameworks. This scoping review describes examples of best practice in the use of participatory methods, illustrating their potential to overcome disciplinary hurdles and promote multidisciplinary collaboration, with the aim of making models and their predictions more useful for decision-making and policy formulation.",2016,,Infectious diseases of poverty,5,101606645,17,,10.1186/s40249-016-0110-4,,#851,Grant 2016,Exclusion reason: Review; ,""
Estimating mother-to-child HIV transmission rates in Cameroon in 2011: a computer simulation approach.,"Nguefack, Hermine L Nguena; Gwet, Henri; Desmonde, Sophie; Oukem-Boyer, Odile Ouwe Missi; Nkenfou, Celine; Tejiokem, Mathurin; Tchendjou, Patrice; Domkam, Irenee; Leroy, Valeriane; Alioum, Ahmadou","BACKGROUND: Despite the progress in the Prevention of the Mother-to-Child Transmission of HIV (PMTCT), the paediatric HIV epidemic remains worrying in Cameroon. HIV prevalence rate for the population of pregnant women was 7.6% in 2010 in Cameroon. The extent of the paediatric HIV epidemic is needed to inform policymakers. We developed a stochastic simulation model to estimate the number of new paediatric HIV infections through MTCT based on the observed uptake of services during the different steps of the PMTCT cascade in Cameroon in 2011. Different levels of PMTCT uptake was also assessed., METHODS: A discrete events computer simulation-based approach with stochastic structure was proposed to generate a cohort of pregnant women followed-up until 6 weeks post-partum, and optionally until complete breastfeeding cessation in both prevalent and incident lactating HIV-infected women. The different parameters of the simulation model were fixed using data sources available from the 2011 national registry surveys, and from external cohorts in Cameroon. Different PMTCT coverages were simulated to assess their impact on MTCT. Available data show a low coverage of PMTCT services in Cameroon in 2011., RESULTS: Based on a simulation approach on a population of 995, 533 pregnant women, the overall residual MTCT rate in 2011 was estimated to be 22.1% (95 % CI: 18.6%-25.2%), the 6-week perinatal MTCT rate among prevalent HIV-infected mothers at delivery is estimated at 12.1% (95% CI: 8.1%-15.1%), with an additional postnatal MTCT rate estimated at 13.3% (95% CI: 9.3%-17.8%). The MTCT rate among children whose mothers seroconverted during breastfeeding was estimated at 20.8% (95% CI: 14.1%-26.9%). Overall, we estimated the number of new HIV infections in children in Cameroon to be 10, 403 (95% CI: 9, 054-13, 345) in 2011. When PMTCT uptake have been fixed at 100%, 90% and 80%, global MTCT rate failed to 0.9% (9% CI: 0.5%-1.7%), 2.0% (95% CI: 0.9%-3.2%) and 4.3% (95% CI: 2.4%-6.7%) respectively., CONCLUSIONS: This model is helpful to provide MTCT estimates to guide the national HIV policy in Cameroon. Increasing supply and uptake of PMTCT services among prevalent HIV infected pregnant women, as well as HIV-prevention interventions including the offer and acceptance of HIV testing and counselling in lactating women could reduce significantly the residual HIV MTCT in Cameroon. A public health effort should be made to encourage health care workers and pregnant women to use PMTCT services until complete breastfeeding cessation.",2016,,BMC infectious diseases,16,100968551,11,,10.1186/s12879-016-1336-2,,#853,Nguefack 2016,Exclusion reason: No knowledge user participation; ,""
A Social Ecological Model of Syndemic Risk affecting Women with and At-Risk for HIV in Impoverished Urban Communities.,"Batchelder, A W; Gonzalez, J S; Palma, A; Schoenbaum, E; Lounsbury, D W","Syndemic risk is an ecological construct, defined by co-occurring interdependent socio-environmental, interpersonal and intrapersonal determinants. We posited syndemic risk to be a function of violence, substance use, perceived financial hardship, emotional distress and self-worth among women with and at-risk for HIV in an impoverished urban community. In order to better understand these interrelationships, we developed and validated a system dynamics (SD) model based upon peer-reviewed literature; secondary data analyses of a cohort dataset including women living with and at-risk of HIV in Bronx, NY (N = 620); and input from a Bronx-based community advisory board. Simulated model output revealed divergent levels and patterns of syndemic risk over time across different sample profiles. Outputs generated new insights about how to effectively explore multicomponent multi-level programs in order to strategically develop more effective services for this population. Specifically, the model indicated that effective multi-level interventions might bolster women's resilience by increasing self-worth, which may result in decreased perceived financial hardship and risk of violence. Overall, our stakeholder-informed model depicts how self-worth may be a major driver of vulnerability and a meaningful addition to syndemic theory affecting this population.",2015,,American journal of community psychology,56,3-4,229-40,,10.1007/s10464-015-9750-y,,#861,Batchelder 2015,Exclusion reason: Review; ,""
Hepatitis C transmission and treatment as prevention - The role of the injecting network.,"Hellard, Margaret; McBryde, Emma; Sacks Davis, Rachel; Rolls, David A; Higgs, Peter; Aitken, Campbell; Thompson, Alex; Doyle, Joe; Pattison, Pip; Robins, Garry","BACKGROUND: The hepatitis C virus (HCV) epidemic is a major health issue; in most developed countries it is driven by people who inject drugs (PWID). Injecting networks powerfully influence HCV transmission. In this paper we provide an overview of 10 years of research into injecting networks and HCV, culminating in a network-based approach to provision of direct-acting antiviral therapy., METHODS: Between 2005 and 2010 we followed a cohort of 413 PWID, measuring HCV incidence, prevalence and injecting risk, including network-related factors. We developed an individual-based HCV transmission model, using it to simulate the spread of HCV through the empirical social network of PWID. In addition, we created an empirically grounded network model of injecting relationships using exponential random graph models (ERGMs), allowing simulation of realistic networks for investigating HCV treatment and intervention strategies. Our empirical work and modelling underpins the TAP Study, which is examining the feasibility of community-based treatment of PWID with DAAs., RESULTS: We observed incidence rates of HCV primary infection and reinfection of 12.8 per 100 person-years (PY) (95%CI: 7.7-20.0) and 28.8 per 100 PY (95%CI: 15.0-55.4), respectively, and determined that HCV transmission clusters correlated with reported injecting relationships. Transmission modelling showed that the empirical network provided some protective effect, slowing HCV transmission compared to a fully connected, homogenous PWID population. Our ERGMs revealed that treating PWID and all their contacts was the most effective strategy and targeting treatment to infected PWID with the most contacts the least effective., CONCLUSION: Networks-based approaches greatly increase understanding of HCV transmission and will inform the implementation of treatment as prevention using DAAs. Copyright © 2015 Elsevier B.V. All rights reserved.",2015,,The International journal on drug policy,26,10,958-62,,10.1016/j.drugpo.2015.05.006,,#862,Hellard 2015,Exclusion reason: No knowledge user participation; ,""
Responding to vaccine safety signals during pandemic influenza: a modeling study.,"Maro, Judith C; Fryback, Dennis G; Lieu, Tracy A; Lee, Grace M; Martin, David B","BACKGROUND: Managing emerging vaccine safety signals during an influenza pandemic is challenging. Federal regulators must balance vaccine risks against benefits while maintaining public confidence in the public health system., METHODS: We developed a multi-criteria decision analysis model to explore regulatory decision-making in the context of emerging vaccine safety signals during a pandemic. We simulated vaccine safety surveillance system capabilities and used an age-structured compartmental model to develop potential pandemic scenarios. We used an expert-derived multi-attribute utility function to evaluate potential regulatory responses by combining four outcome measures into a single measure of interest: 1) expected vaccination benefit from averted influenza; 2) expected vaccination risk from vaccine-associated febrile seizures; 3) expected vaccination risk from vaccine-associated Guillain-Barre Syndrome; and 4) expected change in vaccine-seeking behavior in future influenza seasons., RESULTS: Over multiple scenarios, risk communication, with or without suspension of vaccination of high-risk persons, were the consistently preferred regulatory responses over no action or general suspension when safety signals were detected during a pandemic influenza. On average, the expert panel valued near-term vaccine-related outcomes relative to long-term projected outcomes by 3:1. However, when decision-makers had minimal ability to influence near-term outcomes, the response was selected primarily by projected impacts on future vaccine-seeking behavior., CONCLUSIONS: The selected regulatory response depends on how quickly a vaccine safety signal is identified relative to the peak of the pandemic and the initiation of vaccination. Our analysis suggested two areas for future investment: efforts to improve the size and timeliness of the surveillance system and behavioral research to understand changes in vaccine-seeking behavior.",2014,,PloS one,9,12,e115553,,10.1371/journal.pone.0115553,,#867,Maro 2014,Exclusion reason: No knowledge user participation; Nancy Tahmo (2025-04-26 07:29:09)(Select): Acknowledgment section; ,""
The Separatrix Algorithm for synthesis and analysis of stochastic simulations with applications in disease modeling.,"Klein, Daniel J; Baym, Michael; Eckhoff, Philip","Decision makers in epidemiology and other disciplines are faced with the daunting challenge of designing interventions that will be successful with high probability and robust against a multitude of uncertainties. To facilitate the decision making process in the context of a goal-oriented objective (e.g., eradicate polio by [Formula: see text]), stochastic models can be used to map the probability of achieving the goal as a function of parameters. Each run of a stochastic model can be viewed as a Bernoulli trial in which ""success"" is returned if and only if the goal is achieved in simulation. However, each run can take a significant amount of time to complete, and many replicates are required to characterize each point in parameter space, so specialized algorithms are required to locate desirable interventions. To address this need, we present the Separatrix Algorithm, which strategically locates parameter combinations that are expected to achieve the goal with a user-specified probability of success (e.g. 95%). Technically, the algorithm iteratively combines density-corrected binary kernel regression with a novel information-gathering experiment design to produce results that are asymptotically correct and work well in practice. The Separatrix Algorithm is demonstrated on several test problems, and on a detailed individual-based simulation of malaria.",2014,,PloS one,9,7,e103467,,10.1371/journal.pone.0103467,,#869,Klein 2014,Exclusion reason: Irrelevant study; ,""
"""Wrong, but useful"": negotiating uncertainty in infectious disease modelling.","Christley, Robert M; Mort, Maggie; Wynne, Brian; Wastling, Jonathan M; Heathwaite, A Louise; Pickup, Roger; Austin, Zoe; Latham, Sophia M","For infectious disease dynamical models to inform policy for containment of infectious diseases the models must be able to predict; however, it is well recognised that such prediction will never be perfect. Nevertheless, the consensus is that although models are uncertain, some may yet inform effective action. This assumes that the quality of a model can be ascertained in order to evaluate sufficiently model uncertainties, and to decide whether or not, or in what ways or under what conditions, the model should be 'used'. We examined uncertainty in modelling, utilising a range of data: interviews with scientists, policy-makers and advisors, and analysis of policy documents, scientific publications and reports of major inquiries into key livestock epidemics. We show that the discourse of uncertainty in infectious disease models is multi-layered, flexible, contingent, embedded in context and plays a critical role in negotiating model credibility. We argue that usability and stability of a model is an outcome of the negotiation that occurs within the networks and discourses surrounding it. This negotiation employs a range of discursive devices that renders uncertainty in infectious disease modelling a plastic quality that is amenable to 'interpretive flexibility'. The utility of models in the face of uncertainty is a function of this flexibility, the negotiation this allows, and the contexts in which model outputs are framed and interpreted in the decision making process. We contend that rather than being based predominantly on beliefs about quality, the usefulness and authority of a model may at times be primarily based on its functional status within the broad social and political environment in which it acts.",2013,,PloS one,8,10,e76277,,10.1371/journal.pone.0076277,,#876,Christley 2013,Exclusion reason: Review; ,""
Population-level impact of same-day microscopy and Xpert MTB/RIF for tuberculosis diagnosis in Africa.,"Dowdy, David W; Davis, J Lucian; den Boon, Saskia; Walter, Nicholas D; Katamba, Achilles; Cattamanchi, Adithya","OBJECTIVE: To compare the population-level impact of two World Health Organization-endorsed strategies for improving the diagnosis of tuberculosis (TB): same-day microscopy and Xpert MTB/RIF (Cepheid, USA)., METHODS: We created a compartmental transmission model of TB in a representative African community, fit to the regional incidence and mortality of TB and HIV. We compared the population-level reduction in TB burden over ten years achievable with implementation over two years of same-day microscopy, Xpert MTB/RIF testing, and the combination of both approaches., FINDINGS: Same-day microscopy averted an estimated 11.0% of TB incidence over ten years (95% uncertainty range, UR: 3.3%-22.5%), and prevented 11.8% of all TB deaths (95% UR: 7.7%-27.1%). Scaling up Xpert MTB/RIF to all centralized laboratories to achieve 75% population coverage had similar impact on incidence (9.3% reduction, 95% UR: 1.9%-21.5%) and greater effect on mortality (23.8% reduction, 95% UR: 8.6%-33.4%). Combining the two strategies (i.e., same-day microscopy plus Xpert MTB/RIF) generated synergistic effects: an 18.7% reduction in incidence (95% UR: 5.6%-39.2%) and 33.1% reduction in TB mortality (95% UR: 18.1%-50.2%). By the end of year ten, combining same-day microscopy and Xpert MTB/RIF could reduce annual TB mortality by 44% relative to the current standard of care., CONCLUSION: Scaling up novel diagnostic tests for TB and optimizing existing ones are complementary strategies that, when combined, may have substantial impact on TB epidemics in Africa.",2013,,PloS one,8,8,e70485,,10.1371/journal.pone.0070485,,#877,Dowdy 2013,Exclusion reason: No specific population; ,""
"Pathways from parental AIDS to child psychological, educational and sexual risk: developing an empirically-based interactive theoretical model.","Cluver, Lucie; Orkin, Mark; Boyes, Mark E; Sherr, Lorraine; Makasi, Daphne; Nikelo, Joy","Increasing evidence demonstrates negative psychological, health, and developmental outcomes for children associated with parental HIV/AIDS illness and death. However, little is known about how parental AIDS leads to negative child outcomes. This study used a structural equation modelling approach to develop an empirically-based theoretical model of interactive relationships between parental or primary caregiver AIDS-illness, AIDS-orphanhood and predicted intervening factors associated with children's psychological distress, educational access and sexual health. Cross-sectional data were collected in 2009-2011, from 6002 children aged 10-17 years in three provinces of South Africa using stratified random sampling. Comparison groups included children orphaned by AIDS, orphaned by other causes and non-orphans, and children whose parents or primary caregivers were unwell with AIDS, unwell with other causes or healthy. Participants reported on psychological symptoms, educational access, and sexual health risks, as well as hypothesized sociodemographic and intervening factors. In order to build an interactive theoretical model of multiple child outcomes, multivariate regression and structural equation models were developed for each individual outcome, and then combined into an overall model. Neither AIDS-orphanhood nor parental AIDS-illness were directly associated with psychological distress, educational access, or sexual health. Instead, significant indirect effects of AIDS-orphanhood and parental AIDS-illness were obtained on all measured outcomes. Child psychological, educational and sexual health risks share a common set of intervening variables including parental disability, poverty, community violence, stigma, and child abuse that together comprise chain effects. In all models, parental AIDS-illness had stronger effects and more risk pathways than AIDS-orphanhood, especially via poverty and parental disability. AIDS-orphanhood and parental AIDS-illness impact child outcomes through multiple, interlinked pathways. The interactive model developed in this study suggests key areas of focus for interventions with AIDS-affected children. Copyright © 2013 Elsevier Ltd. All rights reserved.",2013,,Social science & medicine (1982),87,"ut9, 8303205",185-93,,10.1016/j.socscimed.2013.03.028,,#879,Cluver 2013,Exclusion reason: Irrelevant study; ,""
Cost-Effectiveness of HIV Preexposure Prophylaxis for People Who Inject Drugs in the United States.,"Bernard, Cora L; Brandeau, Margaret L; Humphreys, Keith; Bendavid, Eran; Holodniy, Mark; Weyant, Christopher; Owens, Douglas K; Goldhaber-Fiebert, Jeremy D","BACKGROUND: The total population health benefits and costs of HIV preexposure prophylaxis (PrEP) for people who inject drugs (PWID) in the United States are unclear., OBJECTIVE: To evaluate the cost-effectiveness and optimal delivery conditions of PrEP for PWID., DESIGN: Empirically calibrated dynamic compartmental model., DATA SOURCES: Published literature and expert opinion., TARGET POPULATION: Adult U.S. PWID., TIME HORIZON: 20 years and lifetime., INTERVENTION: PrEP alone, PrEP with frequent screening (PrEP+screen), and PrEP+screen with enhanced provision of antiretroviral therapy (ART) for individuals who become infected (PrEP+screen+ART). All scenarios are considered at 25% coverage., OUTCOME MEASURES: Infections averted, deaths averted, change in HIV prevalence, discounted costs (in 2015 U.S. dollars), discounted quality-adjusted life-years (QALYs), and incremental cost-effectiveness ratios., RESULTS OF BASE-CASE ANALYSIS: PrEP+screen+ART dominates other strategies, averting 26 700 infections and reducing HIV prevalence among PWID by 14% compared with the status quo. Achieving these benefits costs $253 000 per QALY gained. At current drug prices, total expenditures for PrEP+screen+ART could be as high as $44 billion over 20 years., RESULTS OF SENSITIVITY ANALYSIS: Cost-effectiveness of the intervention is linear in the annual cost of PrEP and is dependent on PrEP drug adherence, individual transmission risks, and community HIV prevalence., LIMITATION: Data on risk stratification and achievable PrEP efficacy levels for U.S. PWID are limited., CONCLUSION: PrEP with frequent screening and prompt treatment for those who become infected can reduce HIV burden among PWID and provide health benefits for the entire U.S. population, but, at current drug prices, it remains an expensive intervention both in absolute terms and in cost per QALY gained., PRIMARY FUNDING SOURCE: National Institute on Drug Abuse.",2016,,Annals of internal medicine,165,1,10-19,,10.7326/M15-2634,,#883,Bernard 2016,Exclusion reason: No knowledge user participation; ,""
Epidemic and intervention modelling--a scientific rationale for policy decisions? Lessons from the 2009 influenza pandemic.,"Van Kerkhove, Maria D; Ferguson, Neil M","PROBLEM: Outbreak analysis and mathematical modelling are crucial for planning public health responses to infectious disease outbreaks, epidemics and pandemics. This paper describes the data analysis and mathematical modelling undertaken during and following the 2009 influenza pandemic, especially to inform public health planning and decision-making., APPROACH: Soon after A(H1N1)pdm09 emerged in North America in 2009, the World Health Organization convened an informal mathematical modelling network of public health and academic experts and modelling groups. This network and other modelling groups worked with policy-makers to characterize the dynamics and impact of the pandemic and assess the effectiveness of interventions in different settings., SETTING: The 2009 A(H1N1) influenza pandemic., RELEVANT CHANGES: Modellers provided a quantitative framework for analysing surveillance data and for understanding the dynamics of the epidemic and the impact of interventions. However, what most often informed policy decisions on a day-to-day basis was arguably not sophisticated simulation modelling, but rather, real-time statistical analyses based on mechanistic transmission models relying on available epidemiologic and virologic data., LESSONS LEARNT: A key lesson was that modelling cannot substitute for data; it can only make use of available data and highlight what additional data might best inform policy. Data gaps in 2009, especially from low-resource countries, made it difficult to evaluate severity, the effects of seasonal variation on transmission and the effectiveness of non-pharmaceutical interventions. Better communication between modellers and public health practitioners is needed to manage expectations, facilitate data sharing and interpretation and reduce inconsistency in results.",2012,,Bulletin of the World Health Organization,90,4,306-10,,10.2471/BLT.11.097949,,#889,VanKerkhove 2012,Exclusion reason: Irrelevant study; ,""
A Mathematical Model of Human Papillomavirus (HPV) in the United States and its Impact on Cervical Cancer.,"Lee, Shernita L; Tameru, Ana M","BACKGROUND: Mathematical models can be useful tools in exploring disease trends and health consequences of interventions in a population over time. Most cancers, in particular cervical cancer, have long incubation periods. The time from acquisition of HPV infection to development of invasive cancer can be up to two decades or more. Mathematical models can be used to translate short-term findings from prevention and mitigations trials into predictions of long-term health outcomes. The main objective of this paper is to develop a mathematical model of HPV for African American women (AAW) in the United States and give quantitative insight into current U.S. prevention and mitigations against cervical cancer., METHODS: A compartmental mathematical model of the cycle of HPV that includes the choices individuals make once they become infected; treatment versus no treatment, was developed. Using this mathematical model we evaluated the impact of human papillomavirus (HPV) on a given population and determined what could decrease the rate at which AAW become infected. All state equations in the model were approximated using the Runge-Kutta 4(th) order numerical approximation method using MatLab software., RESULTS: In this paper we found that the basic reproductive number R(OU) is directly proportional to the rate of infectivity of HPV and the contact rate in which a human infects another human with HPV. The R(OU) was indirectly proportional to the recovery rate plus the mortality by natural causes and the disease. The second R(OT) is also directly proportional to the rate of infectivity of HPV and contact rate in which humans infect another human with HPV and indirectly proportional to the recovery rate plus the mortality from HPV related cause and natural causes. Based on the data of AAW for the parameters; we found that R(OU) and R(OT)were 0.519798 and 0.070249 respectively. As both of these basic reproductive numbers are less than one, infection cannot therefore get started in a fully susceptible population, however, if mitigation is to be implemented effectively it should focus on the HPV untreated population as R(OT)is greater than 0.5., CONCLUSION: Mathematical models, from individual and population perspectives, will help decision makers to evaluate different prevention and mitigation measures of HPV and deploy synergistically to improve cancer outcomes. Integrating the best-available epidemiologic data, computer-based mathematical models used in a decision-analytic framework can identify those factors most likely to influence outcomes and can help in formulating decisions that need to be made amidst considerable lack of data and uncertainty. Specifically, the model provides a tool that can accommodate new information, and can be modified as needed, to iteratively assess the expected benefits, costs, and cost-effectiveness of different policies in the United States. This model can help show the direct relationship between HPV and cervical cancer. If any of the rates change it will greatly impact the graphs. These graphs can be used to discover new methods of treatment that will decrease the rate of infectivity of HPV and Cervical cancer with time.",2012,,Journal of Cancer,3,101535920,262-8,,10.7150/jca.4161,,#891,Lee 2012,Exclusion reason: No knowledge user participation; ,""
Doing Good with Good OR: Supporting Cost-effective Hepatitis B Interventions.,"Hutton, David W; Brandeau, Margaret L; So, Samuel K","In an era of limited healthcare budgets, mathematical models can be useful tools to identify cost-effective programs and to support policymakers in informed decision making. This paper reports results of our work carried out over several years with the Asian Liver Center at Stanford University, a nonprofit outreach and advocacy organization that is an international leader in the fight against hepatitis B and liver cancer. Hepatitis B is a vaccine-preventable viral disease that, if untreated, can lead to death from cirrhosis and liver cancer. Infection with hepatitis B is a major public health problem, particularly in Asian populations. We used new combinations of decision analysis and Markov models to analyze the cost-effectiveness of several interventions to combat hepatitis B in the United States and China. The results of our OR-based analyses have helped change United States public health policy on hepatitis B screening for millions of people and have helped encourage policymakers in China to enact legislation to provide free catch-up vaccination for hundreds of millions of children. These policies are an important step in eliminating health disparities, reducing discrimination, and ensuring that millions of people who need it can now receive hepatitis B vaccination or lifesaving treatment.",2011,,Interfaces,41,3,289-300,,10.1287/inte.1100.0511,,#892,Hutton 2011,Exclusion reason: Not a mathematical model; ,""
Strategies for the use of oseltamivir and zanamivir during pandemic outbreaks.,"Hansen, Elsa; Day, Troy; Arino, Julien; Wu, Jianhong; Moghadas, Seyed M","BACKGROUND: The use of neuraminidase inhibitors (oseltamivir and zanamivir) for the treatment of ill individuals has been an important intervention during the 2009 H1N1 pandemic. However, the emergence and spread of drug resistance remains a major concern and, therefore, optimizing antiviral strategies is crucial to retain the long-term effectiveness of these pharmaceutical interventions., METHODS: A dynamic model of disease transmission was developed to investigate optimal scenarios for the use of a secondary drug (eg, zanamivir). Considering both small and large stockpiles, attack rates were projected by simulating the model to identify 'tipping points' for switching to zanamivir as resistance to oseltamivir develops., RESULTS: The use of a limited stockpile of zanamivir can substantially reduce the overall attack rate during pandemic outbreaks. For a reasonably large stockpile of zanamivir, it is optimal to delay the use of this drug for a certain amount of time during which oseltamivir is used as the primary drug. For smaller stockpiles, however, earlier use of zanamivir will be most effective in reducing the overall attack rate. Given a limited stockpile of zanamivir (1.8% in the Canadian plan) without replenishment, and assuming that the fraction of ill individuals being treated is maintained below 60%, the results suggest that zanamivir should be dispensed as the primary drug for thresholds of the cumulative number of oseltamivir resistance below 20%., INTERPRETATION: Strategic use of a secondary drug becomes crucial for pandemic mitigation if vaccination and other interventions fail to sufficiently reduce disease transmission in the community. These findings highlight the importance of enhanced surveillance and clinical monitoring for rapid identification of resistance emergence and its population incidence, so that optimal timing for adaptation to the use of drugs can be achieved.",2010,,The Canadian journal of infectious diseases & medical microbiology = Journal canadien des maladies infectieuses et de la microbiologie medicale,21,1,e28-63,,10.1155/2010/690654,,#893,Hansen 2010,Exclusion reason: No specific population; ,""
"Epidemiologic inference from the distribution of tuberculosis cases in households in Lima, Peru.","Brooks-Pollock, Ellen; Becerra, Mercedes C; Goldstein, Edward; Cohen, Ted; Murray, Megan B","BACKGROUND: Tuberculosis (TB) often occurs among household contacts of people with active TB. It is unclear whether clustering of cases represents household transmission or shared household risk factors for TB., METHODS: We used cross-sectional data from 764 households in Lima, Peru, to estimate the relative contributions of household and community transmission, the average time between cases, and the immunity afforded by a previous TB infection., RESULTS: The distribution of cases per household suggests that almost 7 of 10 nonindex household cases were infected in the community rather than in the household. The average interval between household cases was 3.5 years. We observed a saturation effect in the number of cases per household and estimated that protective immunity conferred up to 35% reduction in the risk of disease., CONCLUSIONS: Cross-sectional household data can elucidate the natural history and transmission dynamics of TB. In this high-incidence setting, we found that the majority of cases were attributable to community transmission and that household contacts of case patients derive some immunity from household exposures. Screening of household contacts may be an effective method of detecting new TB cases if carried out over several years.",2011,,The Journal of infectious diseases,203,11,1582-9,,10.1093/infdis/jir162,,#901,Brooks-Pollock 2011,Exclusion reason: Not a mathematical model; ,""
Targeting antibiotics to households for trachoma control.,"Blake, Isobel M; Burton, Matthew J; Solomon, Anthony W; West, Sheila K; Basanez, Maria-Gloria; Gambhir, Manoj; Bailey, Robin L; Mabey, David C W; Grassly, Nicholas C","BACKGROUND: Mass drug administration (MDA) is part of the current trachoma control strategy, but it can be costly and results in many uninfected individuals receiving treatment. Here we explore whether alternative, targeted approaches are effective antibiotic-sparing strategies., METHODOLOGY/PRINCIPAL FINDINGS: We analysed data on the prevalence of ocular infection with Chlamydia trachomatis and of active trachoma disease among 4,436 individuals from two communities in The Gambia (West Africa) and two communities in Tanzania (East Africa). An age- and household-structured mathematical model of transmission was fitted to these data using maximum likelihood. The presence of active inflammatory disease as a marker of infection in a household was, in general, significantly more sensitive (between 79% [95%CI: 60%-92%] and 86% [71%-95%] across the four communities) than as a marker of infection in an individual (24% [16%-33%]-66% [56%-76%]). Model simulations, under the best fit models for each community, showed that targeting treatment to households has the potential to be as effective as and significantly more cost-effective than mass treatment when antibiotics are not donated. The cost (2007US$) per incident infection averted ranged from 1.5 to 3.1 for MDA, from 1.0 to 1.7 for household-targeted treatment assuming equivalent coverage, and from 0.4 to 1.7 if household visits increased treatment coverage to 100% in selected households. Assuming antibiotics were donated, MDA was predicted to be more cost-effective unless opportunity costs incurred by individuals collecting antibiotics were included or household visits improved treatment uptake. Limiting MDA to children was not as effective in reducing infection as the other aforementioned distribution strategies., CONCLUSIONS/SIGNIFICANCE: Our model suggests that targeting antibiotics to households with active trachoma has the potential to be a cost-effective trachoma control measure, but further work is required to assess if costs can be reduced and to what extent the approach can increase the treatment coverage of infected individuals compared to MDA in different settings.",2010,,PLoS neglected tropical diseases,4,11,e862,,10.1371/journal.pntd.0000862,,#904,Blake 2010,Exclusion reason: No knowledge user participation; ,""
Protecting health care workers: a pandemic simulation based on Allegheny County.,"Cooley, Philip; Lee, Bruce Y; Brown, Shawn; Cajka, James; Chasteen, Bernadette; Ganapathi, Laxminarayana; Stark, James H; Wheaton, William D; Wagener, Diane K; Burke, Donald S","BACKGROUND AND OBJECTIVES: The Advisory Committee on Immunization Practices has identified health care workers (HCWs) as a priority group to receive influenza vaccine. Although the importance of HCW to the health care system is well understood, the potential role of HCW in transmission during an epidemic has not been clearly established., METHODS: Using a standard SIR (Susceptible-Infected-Recovered) framework similar to previously developed pandemic models, we developed an agent-based model (ABM) of Allegheny County, PA, that incorporates the key health care system features to simulate the spread of an influenza epidemic and its effect on hospital-based HCWs., FINDINGS: Our simulation runs found the secondary attack rate among unprotected HCWs to be approximately 60% higher (54.3%) as that of all adults (34.1%), which would result in substantial absenteeism and additional risk to HCW families. Understanding how a pandemic may affect HCWs, who must be available to treat infected patients as well as patients with other medical conditions, is crucial to policy makers' and hospital administrators' preparedness planning.",2010,,Influenza and other respiratory viruses,4,2,61-72,,10.1111/j.1750-2659.2009.00122.x,,#909,Cooley 2010,Exclusion reason: No knowledge user participation; ,""
Recommendations for increasing the use of HIV/AIDS resource allocation models.,"Lasry, Arielle; Richter, Anke; Lutscher, Frithjof","BACKGROUND: Resource allocation models have not had a substantial impact on HIV/AIDS resource allocation decisions in spite of the important, additional insights they may provide. In this paper, we highlight six difficulties often encountered in attempts to implement such models in policy settings; these are: model complexity, data requirements, multiple stakeholders, funding issues, and political and ethical considerations. We then make recommendations as to how each of these difficulties may be overcome., RESULTS: To ensure that models can inform the actual decision, modellers should understand the environment in which decision-makers operate, including full knowledge of the stakeholders' key issues and requirements. HIV/AIDS resource allocation model formulations should be contextualized and sensitive to societal concerns and decision-makers' realities. Modellers should provide the required education and training materials in order for decision-makers to be reasonably well versed in understanding the capabilities, power and limitations of the model., CONCLUSION: This paper addresses the issue of knowledge translation from the established resource allocation modelling expertise in the academic realm to that of policymaking.",2009,,BMC public health,9 Suppl 1,100968562,S8,,10.1186/1471-2458-9-S1-S8,,#910,Lasry 2009,Exclusion reason: Review; ,""
Combination strategies for pandemic influenza response - a systematic review of mathematical modeling studies.,"Lee, Vernon J; Lye, David C; Wilder-Smith, Annelies","BACKGROUND: Individual strategies in pandemic preparedness plans may not reduce the impact of an influenza pandemic., METHODS: We searched modeling publications through PubMed and associated references from 1990 to 30 September 2009. Inclusion criteria were modeling papers quantifying the effectiveness of combination strategies, both pharmaceutical and non-pharmaceutical., RESULTS: Nineteen modeling papers on combination strategies were selected. Four studies examined combination strategies on a global scale, 14 on single countries, and one on a small community. Stochastic individual-based modeling was used in nine studies, stochastic meta-population modeling in five, and deterministic compartmental modeling in another five. As part of combination strategies, vaccination was explored in eight studies, antiviral prophylaxis and/or treatment in 16, area or household quarantine in eight, case isolation in six, social distancing measures in 10 and air travel restriction in six studies. Two studies suggested a high probability of successful influenza epicenter containment with combination strategies under favorable conditions. During a pandemic, combination strategies delayed spread, reduced overall number of cases, and delayed and reduced peak attack rate more than individual strategies. Combination strategies remained effective at high reproductive numbers compared with single strategy. Global cooperative strategies, including redistribution of antiviral drugs, were effective in reducing the global impact and attack rates of pandemic influenza., CONCLUSION: Combination strategies increase the effectiveness of individual strategies. They include pharmaceutical (antiviral agents, antibiotics and vaccines) and non-pharmaceutical interventions (case isolation, quarantine, personal hygiene measures, social distancing and travel restriction). Local epidemiological and modeling studies are needed to validate efficacy and feasibility.",2009,,BMC medicine,7,101190723,76,,10.1186/1741-7015-7-76,,#912,Lee 2009,Exclusion reason: Review; ,""
A small community model for the transmission of infectious diseases: comparison of school closure as an intervention in individual-based models of an influenza pandemic.,"Milne, George J; Kelso, Joel K; Kelly, Heath A; Huband, Simon T; McVernon, Jodie","BACKGROUND: In the absence of other evidence, modelling has been used extensively to help policy makers plan for a potential future influenza pandemic., METHOD: We have constructed an individual based model of a small community in the developed world with detail down to exact household structure obtained from census collection datasets and precise simulation of household demographics, movement within the community and individual contact patterns. We modelled the spread of pandemic influenza in this community and the effect on daily and final attack rates of four social distancing measures: school closure, increased case isolation, workplace non-attendance and community contact reduction. We compared the modelled results of final attack rates in the absence of any interventions and the effect of school closure as a single intervention with other published individual based models of pandemic influenza in the developed world., RESULTS: We showed that published individual based models estimate similar final attack rates over a range of values for R(0) in a pandemic where no interventions have been implemented; that multiple social distancing measures applied early and continuously can be very effective in interrupting transmission of the pandemic virus for R(0) values up to 2.5; and that different conclusions reached on the simulated benefit of school closure in published models appear to result from differences in assumptions about the timing and duration of school closure and flow-on effects on other social contacts resulting from school closure., CONCLUSION: Models of the spread and control of pandemic influenza have the potential to assist policy makers with decisions about which control strategies to adopt. However, attention needs to be given by policy makers to the assumptions underpinning both the models and the control strategies examined.",2008,,PloS one,3,12,e4005,,10.1371/journal.pone.0004005,,#915,Milne 2008,Exclusion reason: No knowledge user participation; ,""
A nested-epidemic model for the spread of hepatitis C among injecting drug users.,"Esposito, Nicolino; Rossi, Carla","Injecting drug users (IDUs) are the largest risk group for HCV infection. Studying injecting by classical epidemiological methods is no easy task, largely due to its hidden nature and low prevalence in general population terms. Thus, mathematical modelling can be of major help in performing a qualitative and quantitative evaluation of the costs and possible impact of the various interventions and to produce forecasts of both injecting drug use and HCV spread among IDUs. In the present paper an epidemic Mover-Stayer model for the spread of drug use, which has been recently proposed, is extended to mirror the spread of an infectious disease, in particular hepatitis C, among the injecting drug user population. In order to model the spread of a disease (HCV) among a population evolving following a different epidemic (injecting drug use) all the compartments of the 'external epidemic' (injecting drug use) are subdivided into two sub-compartments: the first one comprising individuals who are not affected by HCV and the second one comprising individuals affected. The resulting model may be defined the 'two epidemics' or, better, the 'nested epidemics' model. The model is a Mover-Stayer model for what concerns the 'external epidemic' (injecting drug use) but is a homogeneous epidemic model for HCV (all individuals are at risk of HCV the same). In the following, the dynamic equations are derived. Some qualitative analysis is performed in order to evaluate the asymptotic behaviour and the impact of possible prevention or harm reduction interventions. The results of a scenario analysis are also presented. The model, though simple, seems to be a very valuable tool for policy makers.",2004,,Mathematical biosciences,188,"bet, 0103146",29-45,,10.1016/j.mbs.2003.11.001,,#927,Esposito 2004,Exclusion reason: No knowledge user participation; ,""
A counterfactual analysis quantifying the COVID-19 vaccination impact in Sweden,Bergstrom F.; Gunther F.; Britton T.,"Background Vaccination was the single most effective measure in mitigating the impact of the COVID-19 pandemic. Our study aims to quantify the impact of vaccination programmes during this initial year of vaccination by estimating the number of case fatalities avoided, having Sweden as a case study. Methods Using Swedish data on age-specific reported incidence, vaccination uptake, and contact structures, along with age-specific estimates on the vaccine efficacies and under-reporting from the literature, we fit a Bayesian SEIR epidemic model with time-varying community contact rate beta(t) for COVID-19 incidence. By adding age-specific infection fatality rates, we obtain an estimate of about 5,540 (95% PI: 5,390-5,690) for the number of case fatalities from the fitted model. This estimate aligns closely with the reported 5,430 case fatalities during the same period. We then use the estimated contact rate beta(t) in a counterfactual analysis where the population is unvaccinated, leading to more infections and fatalities. Findings The counterfactual analysis result in a severe epidemic outbreak during the early autumn of 2021, resulting in about 52,600 (49,900-55,500) number of case fatalities. Consequently, the number of lives saved by the vaccination program is estimated to be about 47,100 (44,500-49,800), out of which 6,460 are directly saved and 40,600 are indirectly saved, mainly by drastically reducing the severe outbreak in the early autumn of 2021, which would have occurred without vaccination and unchanged community contact rate. Interpretation Our mathematical model is used to analyze the impact of COVID-19 vaccination on lives saved in Sweden during 2021, but the same methodology can be applied to other countries. The counterfactual analysis offers insights into an alternative trajectory of the pandemic without vaccination. By incorporating estimated vaccination-related parameters, age-specific infection fatality ratio and under-reporting, our model estimates the number of case fatalities avoided. The results not only show the direct impact of vaccination on reducing deaths for infected individuals but also shed light on the indirect effects of reduced transmission dynamics.Copyright The copyright holder for this preprint is the author/funder, who has granted medRxiv a license to display the preprint in perpetuity. It is made available under a CC-BY-NC 4.0 International license.",2024,,medRxiv,,"(Bergstrom, Gunther, Britton) Stockholm University, Stockholm, Sweden",,2034444899,10.1101/2024.08.22.24312361,,#929,Bergstrom 2024,Exclusion reason: Preprint; ,""
Impact of interventions on mpox transmission during the 2022 outbreak in Canada: a mathematical modeling study of three different cities,Xiu F.; Doyle C.; Anato J.L.F.; Knight J.; Wang L.; Cox J.; Grace D.; Hart T.A.; Zhang T.; Skakoon-Sparling S.; Dvorakova M.; Shahin R.; Sachdeva H.; Lachowsky N.; Sbihi H.; Tan D.H.S.; Irvine M.A.; Mishra S.; Maheu-Giroux M.,"Background: The 2022-2023 global mpox outbreak primarily affected gay, bisexual, and other men who have sex with men (GBM). It was met with swift community and public health responses. The relative impact of GBM's reductions in sexual partners, contact tracing/isolation, and vaccination on transmission in Canadian cities remain unknown. Method(s): We estimated changes in sexual behaviours during the outbreak using 2022 data from the Engage Cohort Study which recruited self-identified GBM in Montreal, Toronto, and Vancouver (n=1,445). The numbers of sexual partners in the past 6 months (P6M) were modeled using negative binomial regressions. A transmission-dynamic compartmental model was calibrated to surveillance data. We estimated the averted fraction of new infections attributable to reductions in sexual partners, contact tracing/isolation, and first-dose vaccination, versus an unmitigated epidemic scenario, in each of the three cities. Result(s): The empirical estimates of sexual behaviours changes were imprecise: 20% (RR=0.80; 95% credible intervals [95%CrI]: 0.47-1.36) fewer sexual partners among those reporting <=7 partners (P6M) and 33% (RR=0.67; 95%CrI: 0.31-1.43) fewer among those with >7 partners (P6M). Compared to the unmitigated epidemics, we estimated that the three interventions combined avert 46%-58% of cases. Reductions in sexual partners, contact tracing/isolation prevented approximately 12% and 14% of cases, respectively. Vaccination's effect varied across cities by start date and coverage, with 21%-39% mpox infections prevented. Conclusion(s): Reduction in sexual activity, contact tracing/isolation, and vaccination all contributed to accelerating epidemic control and infections averted. Early vaccination had the largest impact.Copyright The copyright holder for this preprint is the author/funder, who has granted medRxiv a license to display the preprint in perpetuity. It is made available under a CC-BY 4.0 International license.",2024,,medRxiv,,"(Xiu, Doyle, Anato, Cox, Maheu-Giroux) Department of Epidemiology and Biostatistics, McGill University, Montreal, QC, Canada(Knight, Wang, Mishra) MAP Centre for Urban Health Solutions, Unity Health, Toronto, ON, Canada(Knight, Tan, Mishra) Institute of M",,2033110209,10.1101/2024.06.20.24309262,,#930,Xiu 2024,Exclusion reason: Preprint; ,""
Compartmental Model for Epidemics with Contact Tracing and Isolation under Arbitrary Degree Distribution,Ocheretner E.; Leshem A.,"The recent COVID-19 epidemic demonstrated the need and importance of epidemic models as a tool for policy-making during times of uncertainty, allowing the decision-makers to test different intervention techniques and scenarios. Furthermore, tools such as large-scale contact tracing became technologically feasible for the first time. While large-scale agent-based simulations are nowadays part of the toolboxes, good analytical models allow for much faster testing of scenarios. Unfortunately, good models that consider contact tracing and quarantine, and allow for different degree distributions do not exist. To overcome these shortcomings of existing models we propose a new simple compartmental model that integrates quarantine and contact tracing into the SIR compartmental models with arbitrary degree distribution of nodes to better understand the dynamics of the disease under various parameters of intervention and contagion. Consequently, we analytically derive the epidemic threshold as a function of the degree distribution and the model parameters when both quarantine and contact tracing are used. Simulation results demonstrate and quantify the benefits of quarantine and contact tracing and show the effectiveness of such measures over a large range of epidemic parameters.Copyright The copyright holder for this preprint is the author/funder, who has granted medRxiv a license to display the preprint in perpetuity. All rights reserved. No reuse allowed without permission.",2024,,medRxiv,,"(Ocheretner, Leshem) Faculty of Engineering, Bar-Ilan University, Ramat Gan, Israel",,2032645834,10.1101/2024.05.15.24307402,,#931,Ocheretner 2024,Exclusion reason: Preprint; ,""
Impact of increased diagnosis for early HIV infection and immediate antiretroviral treatment initiation on HIV transmission among men who have sex with men in the Netherlands,Teslya A.; Maria Heijne J.C.; van der Loeff M.F.S.; van Sighem A.; Roberts J.A.; Dijkstra M.; de Bree G.J.; Schmidt A.J.; Jonas K.J.; Kretzschmar M.E.; Rozhnova G.,"The number of new HIV infections among men who have sex with men (MSM) in the Netherlands has been decreasing, but additional efforts are required to bring it further down. This study aims to assess the impact of increased diagnosis for early HIV infection combined with immediate antiretroviral treatment (ART) initiation on reducing HIV transmission among MSM. We developed an agent-based model calibrated to HIV surveillance and sexual behavior data for MSM in the Netherlands. We simulated a 10-year intervention that accelerates HIV diagnosis during the first 3 or 6 months after HIV acquisition across five levels of increased diagnosis rates (2, 4, 8, 16, and 32-fold), followed by immediate ART initiation. The upper limit of the intervention's impact over 10 years is projected to lower median cumulative HIV infections from 469 (interquartile range [IQR]: 300-681), projected without the intervention, to 184 (IQR: 142--239), denoted as maximum impact. A 16-fold increase in the diagnosis rate within 3 months after HIV acquisition results in 263 (IQR: 182-349) infections. Further increases in the diagnosis rate show diminishing returns, failing to reach the maximum impact. By extending the scope of the intervention to individuals who acquired HIV infection within the previous 6 months, a 16-fold increase in the diagnosis rate approaches closely the maximum impact of the intervention. Accelerating early HIV diagnosis through increased awareness, screening, and testing can further reduce transmission among MSM, provided diagnosis rates rise significantly. Meeting this goal necessitates a stakeholder needs assessment.Copyright The copyright holder for this preprint is the author/funder, who has granted medRxiv a license to display the preprint in perpetuity. It is made available under a CC-BY-NC-ND 4.0 International license.",2024,,medRxiv,,"(Teslya, Roberts, Kretzschmar, Rozhnova) Julius Center for Health Sciences and Primary Care, University Medical Center Utrecht, Utrecht University, Utrecht, Netherlands(Maria Heijne, van der Loeff) Department of Infectious Diseases, Public Health Service",,2032068475,10.1101/2024.04.10.24305619,,#932,Teslya 2024,Exclusion reason: Preprint; ,""
Global prediction for monkeypox epidemic,Zhang L.; Huang J.; Chen B.; Zhao Y.; Wang D.; Yan W.,"The monkeypox epidemic has now spread all over the world and has become an epidemic of widespread concern in the international community. Before the emergence of targeted vaccines and specific drugs, it is necessary to numerically simulate and predict the epidemic. In order to better understand and grasp its transmission situation, and put forward some countermeasures accordingly, we predicted and simulated monkeypox transmission and vaccination scenarios using models developed for COVID-19 predictions. The results suggest the monkeypox epidemic will spread to almost all countries in the world by the end of 2022 based on modified SEIR model prediction. The total number of people infected with monkeypox will reach 100,000. The top five countries will be the United States, Brazil, Germany, France and Britain with more than 28000, 20000, 4000, 4500 and 4000 cases respectively. If 30% of the population is vaccinated, the number of infected people will drop by 35%.Copyright The copyright holder for this preprint is the author/funder, who has granted medRxiv a license to display the preprint in perpetuity. It is made available under a CC-BY-NC-ND 4.0 International license.",2022,,medRxiv,,"(Zhang, Huang, Chen, Zhao, Yan) College of Atmospheric Sciences, Lanzhou University, Lanzhou 730000, China(Huang, Wang) Collaborative Innovation Center for Western Ecological Safety, Lanzhou University, Lanzhou 730000, China",,2021043638,10.1101/2022.10.21.22280978,,#936,Zhang 2022,Exclusion reason: Preprint; ,""
Complex Temporal behavior Modeling for Pandemic Spread: Not a Simple Delayed Response!,Shahtori N.M.; Atashzar S.F.,"One of the significant challenges, when a new virus circulates in a host population, is to detect the outbreak as it arises in a timely fashion and implement the appropriate preventive policies to effectively halt the spread of the disease. The conventional computational epidemic models provide a state-space representation of the dynamic changes of various sub-clusters of a society based on their exposure to the virus and are mostly developed for small-size epidemics. In this work, we reshape and reformulate the conventional computational epidemic modeling approach based on the complex temporal behavior of disease propagation in host populations, inspired by the COVID-19 pandemic. Our new proposed framework allows the construction of transmission rate (p) as a probabilistic function of contributing factors such as virus mutation, immunity waning, and immunity resilience. Our results unravel the interplay between transmission rate, vaccination, virus mutation, immunity loss, and their indirect impacts on the endemic states and waves of the spread. The proposed model provides a robust mathematical framework that allows policy-makers to improve preparedness for curtailing an infectious disease and unfolds the optimal time-frame for vaccination given the available resources and the probability of virus mutation for the current and unforeseen outbreaks.Copyright The copyright holder for this preprint is the author/funder, who has granted medRxiv a license to display the preprint in perpetuity. All rights reserved. No reuse allowed without permission.",2022,,medRxiv,,"(Shahtori, Atashzar) Department of Electrical and Computer Engineering, New York University, United States(Atashzar) Department of Mechanical and Aerospace Engineering, New York University, United States(Atashzar) Department of Biomedical Engineering, New",,2020191394,10.1101/2022.08.01.22278281,,#937,Shahtori 2022,Exclusion reason: Preprint; ,""
An Agent-Based Model for COVID-19 in Bangladesh,Farheen F.; Shamil M.S.; Rahman Jony S.S.; Ahmad Z.; Sojib K.H.; Chowdhury A.; Arifin S.M.N.; Sania A.; Rahman M.S.,"Background: The COVID-19 pandemic, that has resulted in millions of deaths and hundreds of millions of cases worldwide, continues to affect the lives, health and economy of various countries including Bangladesh. Despite the high proportion of asymptomatic cases and relatively low mortality, the virus's spread had been a significant public health problem for densely populated Bangladesh. With the healthcare system at stress, understanding the disease dynamics in the unique Bangladesh context became essential to guide policy decisions. Method(s): With a goal to capture the COVID-19 disease dynamics, we developed two stochastic Agent-Based Models (ABMs) considering the key characteristics of COVID-19 in Bangladesh, which vastly differ from the developed countries. We have implemented our ABMs extending the popular (but often inadequate) SIR model, where the infected population is sub-divided into Asymptomatic, Mild Symptomatic and Severe Symptomatic populations. One crucial issue in Bangladesh is the lack of enough COVID-19 tests as well as unwillingness of people to do the tests resulting in much less number of official positive cases than the actual reality. Although not directly relevant to the epidemiological process, our model attempts to capture this crucial aspect while calibrating against official daily test-positive cases. Our first model, ABM-BD, divides the population into age-groups that interact among themselves based on an aggregated Contact Matrix. Thus ABM-BD considers aggregate agents and avoids direct agent level interactions as the number of agents are prohibitively large in our context. We also implement a scaled down model, ABM-SD, that is capable of simulating agent level interactions. Result(s): ABM-BD was quite well-calibrated for Dhaka: the Mean Absolute Percentage Error (MAPE) between official and forecasted cases was 1.845 approximately during the period between April 4, 2020 and March 31, 2021. After an initial model validation, we conducted a number of experiments - including retrospective scenario analysis, and hypothetical future scenario analysis. For example, ABM-BD has demonstrated the trade off between a strict lockdown with low infections and a relaxed lockdown with reduced burden on the economy. Leveraging the true agent level interaction capability of ABD-SD, we have also successfully analyzed the relative severity of different strains thereby (confidently) capturing the effect of different virus mutations. Conclusion(s): Our models have adequately captured the COVID-19 disease transmission dynamics in Bangladesh. This is a useful tool to forecast the impact of interventions to assist policymakers in planning appropriate COVID response. Our models will be particularly useful in a resource constrained setting in countries like Bangladesh where the population size is huge.Copyright The copyright holder for this preprint is the author/funder, who has granted medRxiv a license to display the preprint in perpetuity. It is made available under a CC-BY-NC-ND 4.0 International license.",2022,,medRxiv,,"(Shamil, Rahman Jony, Rahman) Department of CSE, BUET, ECE Building, West Palasi, Dhaka 1230, Bangladesh(Farheen, Shamil) Department of CSE, United International University, Dhaka, Bangladesh(Ahmad) Department of CS, Stony Brook University, New York, Unit",,2019603274,10.1101/2022.07.24.22277974,,#938,Farheen 2022,Exclusion reason: Preprint; ,""
Examining the Impact of Increasing Vaccine Coverage and Nonpharmaceutical Interventions against Coronavirus Disease 2019 In Ghana using Mathematical Modeling,Ofori S.K.; Schwind J.S.; Sullivan K.L.; Chowell G.; Cowling B.J.; Fung I.C.-H.,"Seroprevalence studies assessing community exposure to severe acute respiratory syndrome coronavirus 2 (SARS-CoV-2) in Ghana concluded that population-level immunity remained low as of February 2021. Thus, it is important to demonstrate how increasing vaccine coverage reduces the economic and public health impacts associated with transmission of the novel coronavirus. To that end, this study used a Susceptible-Exposed-Presymptomatic-Symptomatic-Asymptomatic-Recovered-Dead-Vaccinated compartmental model to simulate coronavirus disease 2019 (COVID-19) transmission and the role of public health interventions in Ghana. The impact of increasing vaccination rate and decline in transmission rates due to nonpharmaceutical interventions (NPIs) on cumulative infections and deaths averted was explored under different scenarios. Latin hypercube sampling-partial rank correlation coefficient (LHS-PRCC) was used to investigate uncertainty and sensitivity of the outcomes to the parameters. Simulation results suggest that increasing the vaccination rate to achieve 50% coverage was associated with almost 30,000 deaths and 25 million infections averted. In comparison, a 50% decrease in the transmission coefficient was associated with about 50 million infections and 120,000 deaths averted. The LHS-PRCC results also found that cumulative infections and deaths averted were most sensitive to three model parameters: Transmission rate, vaccination rate, and waning immunity rate from infection. There is a need to increase vaccination coverage by ensuring an increased supply. Adherence to NPIs and increased vaccine uptake would successfully mitigate the impact of COVID-19 in Ghana.Copyright The copyright holder for this preprint is the author/funder, who has granted medRxiv a license to display the preprint in perpetuity. It is made available under a CC-BY-NC-ND 4.0 International license.",2022,,medRxiv,,"(Ofori, Sullivan, Fung) Department of Biostatistics, Epidemiology and Environmental Health Sciences, Jiann-Ping Hsu College of Public Health, Georgia Southern University, United States(Schwind) Institute for Health Logistics & Analytics, Georgia Southern",,2019602954,10.1101/2022.07.09.22277456,,#939,Ofori 2022,Exclusion reason: Preprint; ,""
Development of a mathematical model to predict the health impact and duration of SARS-CoV-2 outbreaks on board cargo vessels,Ng K.Y.; Codreanu T.A.; Gui M.M.; Biglarbeigi P.; Finlay D.; McLaughlin J.,"The Coronavirus Disease (COVID-19) pandemic has brought significant impact onto the maritime activities worldwide, including disruption to global trade and supply chains. The ability to predict the evolution and duration of a COVID-19 outbreak on cargo vessels would inform a more nuanced response to the event and provide a more precise return-to-trade date. A SEIQ(H)R (Susceptibility--Exposed--Infected-Quarantine--(Hospitalisation)-Removed/Recovered) model is developed and fit-tested to simulate the transmission dynamics of COVID-19 on board cargo vessels of up to 60 crew. Due to specific living and working circumstances on board cargo vessels, instead of utilising the reproduction number, we consider the highest fraction of crew members who share the same nationality to quantify the transmissibility of the disease. The performance of the model is verified using case studies based on data collected during COVID-19 outbreaks on three cargo vessels in Western Australia during 2020. The simulations show that the model can forecast the time taken for the transmission dynamics on each vessel to reach their equilibriums, providing informed predictions on the evolution of the outbreak, including hospitalisation rates and duration. The model demonstrates that (a) all crew members are susceptible to infection; (b) their roles on board is a determining factor in the evolution of the outbreak; (c) an unmitigated outbreak could affect the entire crew and continue on for many weeks. The ability to model the evolution of an outbreak, both in duration and severity, is essential to predict outcomes and to plan for the best response strategy. At the same time, it offers a higher degree of certainty regarding the return to trade, which is of significant importance to multiple stakeholders.Copyright The copyright holder for this preprint is the author/funder, who has granted medRxiv a license to display the preprint in perpetuity. All rights reserved. No reuse allowed without permission.",2021,,medRxiv,,"(Ng, Finlay, McLaughlin) Engineering Research Institute, Ulster University, Shore Road, Newtownabbey BT37 0QB, United Kingdom(Codreanu) State Health Incident Coordination Centre, Department of Health Western Australia, Perth, WA, Australia(Codreanu) Disas",,2015873606,10.1101/2021.11.03.21265201,,#940,Ng 2021,Exclusion reason: Preprint; ,""
Mobility network reveals the impact of spatial vaccination heterogeneity on COVID-19,Yuan Y.; Jahani E.; Zhao S.; Ahn Y.-Y.; Pentland A.,"Mass vaccination is one of the most effective epidemic control measures. Because one's vaccination decision is shaped by social processes, the pattern of vaccine uptake tends to show strong social and spatial heterogeneity, such as urban-rural divide and clustering. Examining through network perspectives, we develop a framework for estimating the impact of spatial vaccination heterogeneity on epidemic outbreaks. Leveraging fine-grained mobility data and computational models, we investigate two network effects-the ""hub effect"" (vaccinating mobility hubs reduces transmission) and the ""homophily effect"" (stronger homophily in vaccination rates increases transmission). Applying Bayesian deep learning and fine-grained epidemic simulations, our study suggests a negative effect of homophily and a positive effect of highly vaccinated hubs on reducing case counts for both the synthetic network and the U.S. mobility network. Our framework enables us to evaluate outcomes from various hypothetical spatial vaccine distributions and to study a hypothetical vaccination campaign strategy that targets a small number of regions with the largest gain in protective power using the data from January 2022. Our simulation suggests that our strategy can potentially prevent about 2.5 times more cases than a uniform strategy with an additional 1% of the population vaccinated. Notably, our simulation also shows that this strategy could even better protect vulnerable or disadvantaged communities through network effects than strategies that directly target them. Our study suggests that we need to examine the interplay between vaccination patterns and mobility networks beyond the overall vaccination rate, and that understanding geographical pattern of vaccine uptake could be just as important as improving the overall vaccination rate.Copyright The copyright holder for this preprint is the author/funder, who has granted medRxiv a license to display the preprint in perpetuity. All rights reserved. No reuse allowed without permission.",2021,,medRxiv,,"(Yuan) Krannert School of Management, Purdue University, United States(Yuan, Jahani, Ahn, Pentland) Connection Science, Massachusetts Institute of Technology, United States(Jahani) Sloan School of Management, Massachusetts Institute of Technology, United",,2015511687,10.1101/2021.10.26.21265488,,#941,Yuan 2021,Exclusion reason: Preprint; ,""
Measuring the impact of nonpharmaceutical interventions on the SARS-CoV-2 pandemic at a city level: An agent-based computational modeling study of the City of Natal,Lopes H.; Wellacott L.; de Almeida L.; Mendoza Villavicencio L.M.; de Lucena Moreira A.L.; de Sousa R.K.R.; de Souza Silva P.; Lima L.; Lones M.; do Nascimento J.-D.; Vargas P.A.; Moioli R.C.; Figuerola W.B.; Renno-Costa C.,"The severe acute respiratory syndrome coronavirus 2 (SARS-CoV-2) pandemic hit almost all cities in Brazil in early 2020 and lasted for several months. Despite the effort of local state and municipal governments, an inhomogeneous nationwide response resulted in a death toll amongst the highest recorded globally. To evaluate the impact of the nonpharmaceutical governmental interventions applied by different cities - such as the closure of schools and business in general - in the evolution and epidemic spread of SARS-CoV-2, we constructed a full-sized agent-based epidemiological model adjusted to the singularities of particular cities. The model incorporates detailed demographic information, mobility networks segregated by economic segments, and restricting bills enacted during the pandemic period. As a case study, we analyzed the early response of the City of Natal - a midsized state capital - to the pandemic. Although our results indicate that the governmental response could be improved, the restrictive mobility acts saved many lives. The simulations show that a detailed analysis of alternative scenarios can inform policymakers about the most relevant measures for similar pandemic surges and help developing future response protocols.Copyright The copyright holder for this preprint is the author/funder, who has granted medRxiv a license to display the preprint in perpetuity. It is made available under a CC-BY 4.0 International license.",2022,,medRxiv,,"(Lopes, de Lucena Moreira, Moioli, Figuerola, Renno-Costa) Bioinformatics Multidisciplinary Environment of Federal University of Rio Grande do Norte, Natal, Brazil(Lopes, de Lucena Moreira, Moioli, Renno-Costa) Digital Metropolis Institute, Federal Univer",,2018694160,10.1101/2022.05.05.22274749,,#942,Lopes 2022,Exclusion reason: Preprint; ,""
Multi-faceted analysis of COVID-19 epidemic in the Republic of Korea considering Omicron variant: Mathematical modeling-based study,Ko Y.; Mendoza V.M.; Mendoza R.; Seo Y.; Lee J.; Kwon D.; Jung E.,"Background: The most recent variant of concern, Omicron (B.1.1.529), has caused numerous cases worldwide including the Republic of Korea due to its fast transmission and reduced vaccine effectiveness. Method(s): A mathematical model considering age-structure, vaccine, antiviral treatment, and influx of the Omicron variant was developed. We estimated transmission rates among age groups using maximum likelihood estimation for the age-structured model. The impact of nonpharmaceutical interventions (in community and border), quantified by a parameter mu in the force of infection, and vaccination were examined through a multi-faceted analysis. A theory-based endemic equilibrium study was performed to find the manageable number of cases according to Omicron- and healthcare-related factors. Result(s): By fitting the model to the available data, the estimated values of mu ranged from 0.31 to 0.73, representing the intensity of nonpharmaceutical interventions such as social distancing level. If mu < 0.55 and 300,000 booster shots were administered daily from February 3, 2022, the number of severe cases was forecasted to exceed the severe bed capacity. Moreover, the number of daily cases is reduced as the timing of screening measures is delayed. If screening measure was intensified as early as November 24, 2021 and the number of overseas entrant cases was contained to 1 case per 10 days, simulations showed that the daily incidence by February 3, 2022 could have been reduced by 87%. Furthermore, we found that the incidence number in mid-December 2021 exceeded the theory-driven manageable number of daily cases. Conclusion(s): Nonpharmaceutical interventions, vaccination, and antiviral therapy influence the spread of Omicron and number of severe cases in the Republic of Korea. Intensive and early screening measures during the emergence of a new variant is key in controlling the epidemic size. Using the endemic equilibrium of the model, a formula for the manageable daily cases depending on the severity rate and average length of hospital stay was derived so that the number of severe cases does not surpass the severe bed capacity.Copyright The copyright holder for this preprint is the author/funder, who has granted medRxiv a license to display the preprint in perpetuity. All rights reserved. No reuse allowed without permission.",2022,,medRxiv,,"(Ko, Mendoza, Mendoza, Jung) Department of Mathematics, Konkuk University, Seoul, South Korea(Mendoza, Mendoza) Institute of Mathematics, University of the Philippines Diliman, Quezon City, Philippines(Seo, Lee) Division of Infectious Disease, Department",,2018155080,10.1101/2022.04.15.22273907,,#943,Ko 2022,Exclusion reason: Preprint; ,""
EpiLPS: a fast and flexible Bayesian tool for near real-time estimation of the time-varying reproduction number,Gressani O.; Wallinga J.; Althaus C.; Hens N.; Faes C.,"The instantaneous reproduction number R(t) is a key metric that provides important insights into an epidemic outbreak. We present a flexible Bayesian approach called EpiLPS (Epidemiological modeling with Laplacian-P-splines) for smooth estimation of the epidemic curve and R(t). Computational speed and absence of arbitrary assumptions on smoothing makes EpiLPS an interesting tool for near real-time estimation of the reproduction number. An R software package is available (https://github.com/oswaldogressani). In infectious disease epidemiology, the instantaneous reproduction number R(t) is a time-varying metric defined as the average number of secondary infections generated by individuals who are infectious at time t. It is therefore a crucial epidemiological parameter that assists public health decision makers in the management of an epidemic. We present a new Bayesian tool for robust estimation of the time-varying reproduction number. The proposed methodology smooths the epidemic curve and allows to obtain (approximate) point estimates and credible envelopes of R(t) by employing the renewal equation, using Bayesian P-splines coupled with Laplace approximations of the conditional posterior of the spline vector. Two alternative approaches for inference are presented: (1) an approach based on a maximum a posteriori argument for the model hyperparameters, delivering estimates of R(t) in only a few seconds; and (2) an approach based on a MCMC scheme with underlying Langevin dynamics for efficient sampling of the posterior target distribution. Case counts per unit of time are assumed to follow a Negative Binomial distribution to account for potential excess variability in the data that would not be captured by a classic Poisson model. Furthermore, after smoothing the epidemic curve, a ""plug-in"" estimate of the reproduction number can be obtained from the renewal equation yielding a closed form expression of R(t) as a function of the spline parameters. The approach is extremely fast and free of arbitrary smoothing assumptions. EpiLPS is applied on data of SARS-CoV-1 in Hong-Kong (2003), influenza A H1N1 (2009) in the USA and current SARS-CoV-2 pandemic (2020-2021) for Belgium, Portugal, Denmark and France.Copyright The copyright holder for this preprint is the author/funder, who has granted medRxiv a license to display the preprint in perpetuity. It is made available under a CC-BY-NC-ND 4.0 International license.",2021,,medRxiv,,"(Gressani, Hens, Faes) Interuniversity Institute for Biostatistics and Statistical Bioinformatics (I-BioStat), Data Science Institute, Hasselt University, Belgium(Wallinga) Centre for Infectious Disease Control, National Institute for Public Health and th",,2016370600,10.1101/2021.12.02.21267189,,#944,Gressani 2021,Exclusion reason: Preprint; ,""
The Development of HIV/AIDS Preventive Model in Akha Hill Tripe People in Thailand,Apidechkul T.,"INTRODUCTION: HIV/AIDS has been identified as a major health problem in Thaliand for a triple of decades. The main route of tramsmission is unprotected sexual intercourse. In 2012, the youths have been reported as the highest of risk populations. Akha is one of the hilltribe people who were migrated from south China duirng last 150 years, with almost 1 600 000 people in 2013. They are living with unavailability to access public services such as educational and health systems. This reasech aimed to assess the risk behaviors and to develop the apporpriate preventive model among Akha youths in the communitu level. METHOD(S): This operational research was conducted and divided into two phases: the first phase aimed to determine the risk behaviors used a cross-sectional study design, following by the community participatory research design to develop the HIV/AIDS preventive model among the Akha youths. The instruments were composed of completed questionnaires and assessment forms that were tested for validity and reliability before use. Study setting was Jor Pa Ka and Saen Suk Akha villages, Mae Chan District, Chiang Rai, Thailand. Study sample were the Akha youths lived in the villages. Means and Chi-square test were used for the statistical testing. RESULT(S): Akha youths in the population mobilization villages live in agricultural families with low income and circumstance of narcotic drugs. The average age was 16 (50.00%), 51.52% Christ, 48.80%completed secondary school, 43.94%had annual family income 30 000-40 000 baht. Among males, 54.54%drank, 39.39%smoked, 7.57% used amphetamine, first sexual intercourse reported at 14 years old, 50.00%had 2-5 partners, 62.50%unprotexted sex (no-condom). Reasons of unprotected sex included not being able to find condoms, unawareness of need to use condoms, and dislike. 28.79% never been received STI related information, 6.06% had STI. Among females, 15.15% drank, 28.79% had sexual intercourse and had first sexual intercourse less than 15 year old. 40.00% unprotected sex (no-condom), 10.61%never been received STI related information, and 4.54% had STI. The HIV/AIDS preventive model contained two components. Peer groups among the youths were built around interests in sports. Improving knowledge would empower their capability and lead to choices that would result in HIV/AIDS prevention. The empowering model consisted of four courses a. Human reproductive system and its hygiene, b. Riskavoid skills, family planning, and counseling techniques, c. HIV/ AIDS and other STIs, d. Drugs and related laws and regulations. The results of the activities found that youths had a greater of knowledge and attitude levels for HIV/AIDS prevention with statistical significance (chi2 -test=12.87, P-value=0.032 and chi2- test=9.31, P-value<0.001, respectively). CONCLUSION(S): A continuous and initiative program development for supoort youths' capability is the appropriate process to reduce the spread of HIV/AIDS, particularly in the population who have the specific of language and culture.",2015,,International Journal of Epidemiology,44,Supplement 1,i113-i114,644057353,10.1093/ije/dyv096.080,,#949,Apidechkul 2015,Exclusion reason: Conference/meeting abstract; ,""
Improving estimates of waning immunity rates in stochastic SIRS models with a hierarchical framework,Alahakoon P.; McCaw J.M.; Taylor P.G.,"As most disease causing pathogens require transmission from an infectious individual to a susceptible individual, continued persistence of the pathogen within the population requires the replenishment of susceptibles through births, immigration, or waning immunity. Consider the introduction of an unknown infectious disease into a fully susceptible population where it is not known how long immunity is conferred once an individual recovers from infection. If, initially, the prevalence of disease increases (that is, the infection takes off), the number of infectives will usually decrease to a low level after the first major outbreak. During this post-outbreak period, the disease dynamics may be influenced by stochastic effects and there is a non-zero probability that the epidemic will die out. Die out in this period following the first major outbreak is known as an epidemic fade-out. If the disease does not die out, the susceptible population may be replenished by the waning of immunity, and a second wave may start. In this study, we investigate if the rate of waning immunity (and other epidemiological parameters) can be reliably estimated from multiple outbreak data, in which some outbreaks display epidemic fade-out and others do not. We generated synthetic outbreak data from independent simulations of stochastic SIRS models in multiple communities. Some outbreaks faded-out and some did not. We conducted Bayesian parameter estimation under two alternative approaches: independently on each outbreak and under a hierarchical framework. When conducting independent estimation, the waning immunity rate was poorly estimated and biased towards zero when an epidemic fade-out was observed. However, under a hierarchical approach, we obtained more accurate and precise posterior estimates for the rate of waning immunity and other epidemiological parameters. The greatest improvement in estimates was obtained for those communities in which epidemic fade-out was observed. Our findings demonstrate the feasibility and value of adopting a Bayesian hierarchical approach for parameter inference for stochastic epidemic models.Copyright © 2023 The Authors",2023,,Infectious Disease Modelling,8,4,1127-1137,2027903497,10.1016/j.idm.2023.10.002,,#952,Alahakoon 2023,Exclusion reason: Preprint; ,""
Uncertainties beyond preparedness: COVID-19 vaccination in Senegal,Desclaux A.; Sow K.; Sams K.,"Vaccination is one of the most recognised strategies in public health for preventing the spread of epidemics, and the availability of a vaccine is often expected by health actors to be a 'game-changer'. However, the COVID-19 (coronavirus disease 2019) vaccine in Senegal was not the magic bullet that the international community expected. A very low vaccination coverage rate (less than 10% by April 2023) was observed in this country, once considered a model in West Africa for its epidemic response. Beyond the population's alleged hesitancy to be vaccinated, was a lack of preparedness to blame? Previous analyses show that outbreak preparation limited to standard interventions is not sufficient in the face of the social, cultural, and political configurations of each epidemic context and that uncertainty limits response capacity. This paper examines the social life of the COVID-19 vaccine to identify the forms and contextual dimensions of uncertainty related to immunisation in Senegal. The authors explore how vaccination was implemented and compare experiences with the preparedness process, to offer insight on uncertainties. Using Stirling's theoretical model that defines various expressions of incertitude, the authors identify four nexuses at various stages of the social life of COVID-19 vaccine in Senegal: (1) material uncertainty related to vaccine availability, (2) ambiguity of the population about the purpose of vaccination and the risks of the disease, (3) uncertainty related to side effects, and (4) uncertainty about vaccination strategies shared by scientific and health authorities. These uncertainties were only partly considered in the preparedness process, for they are related to systemic structural dimensions and reflect the impact of global/regional powers on the local level. The findings of this research are relevant not only to support better communication around vaccines in Senegal but also more generally to the prevention of emerging epidemics shaped by human behaviours.",2024,,Journal of biosocial science,,"(Desclaux) IRD, French Research Institute for Sustainable Development IRD, Montpellier, France(Desclaux, Sow) Centre Regional de Recherche et de Formation a la prise en charge (CRCF), Fann University Hospital, Dakar, Senegal(Sams) Center for Arts in Medic",1-21,643962425,10.1017/S0021932024000075,,#954,Desclaux 2024,Exclusion reason: No knowledge user participation; ,""
Impacts of optimal control strategies on the HBV and COVID-19 co-epidemic spreading dynamics,Teklu S.W.,"Different cross-sectional and clinical research studies investigated that chronic HBV infected individuals' co-epidemic with COVID-19 infection will have more complicated liver infection than HBV infected individuals in the absence of COVID-19 infection. The main objective of this study is to investigate the optimal impacts of four time dependent control strategies on the HBV and COVID-19 co-epidemic transmission using compartmental modeling approach. The qualitative analyses of the model investigated the model solutions non-negativity and boundedness, calculated all the models effective reproduction numbers by applying the next generation operator approach, computed all the models disease-free equilibrium point (s) and endemic equilibrium point (s) and proved their local stability, shown the phenomenon of backward bifurcation by applying the Center Manifold criteria. By applied the Pontryagin's Maximum principle, the study re-formulated and analyzed the co-epidemic model optimal control problem by incorporating four time dependent controlling variables. The study also carried out numerical simulations to verify the model qualitative results and to investigate the optimal impacts of the proposed optimal control strategies. The main finding of the study reveals that implementation of protections, COVID-19 vaccine, and treatment strategies simultaneously is the most effective optimal control strategy to tackle the HBV and COVID-19 co-epidemic spreading in the community.Copyright © 2024. The Author(s).",2024,,Scientific reports,14,1,5328,643665786,10.1038/s41598-024-55111-8,,#955,Teklu 2024,"Exclusion reason: No specific setting (geography: country(s), city(s)); ",""
EE139 The Need for Economic Systems Modelling to Assess the True Value of Healthcare Innovations: An Application to Influenza Vaccinations,Romanelli R.; Hafner M.,"Objectives: Public health challenges are often conceived as complex systems issues, characterized by interdependencies and diverging stakeholder priorities. The impact of healthcare interventions on complex systems varies based on numerous factors and not considering these system dynamics will lead to incomplete assessments of the value of new health technologies. Method(s): Taking a systems approach, we examine the value of seasonal influenza vaccinations in the UK by linking a dynamic disease transmission model with a computable general equilibrium (CGE) model representing the UK economy. CGE models reflect the full economic system including different domestic and international economic agents (e.g., households, firms, governments) with a detailed sectorial aggregation, including health and social care. The combined modelling approach between an epidemiological and economic model enables the assessment of clinical outcomes over time (e.g. number of infections, hospitalizations) and their economic and fiscal impacts (e.g. gross domestic product, government expenditures and tax income) over time. Analytically, different influenza vaccination scenarios are compared, varying by population groups (e.g., older adults, children). Result(s): Applying a CGE modelling approach can help to quantify a wider set of value drivers of healthcare innovations. First, the modelling approach considers the entire economy as an interconnected system, considering both direct and indirect effects of an innovation and looks beyond the immediate impacts on the healthcare sector to understand all impacts across other sectors. Second, it can be used to understand the fiscal impacts of healthcare innovations and can illuminate their distributional effects, identifying which groups are likely to benefit or lose within the economic system. Conclusion(s): The use of CGE models in health economic evaluations and public health provides a holistic approach to understand and evaluate the complex fiscal and economic impacts of healthcare innovations. This systems approach is vital if we are to develop effective, sustainable, and equitable health interventions.Copyright © 2023",2023,,Value in Health,26,12 Supplement,S77,2029286694,10.1016/j.jval.2023.09.408,,#958,Romanelli 2023,Exclusion reason: Conference/meeting abstract; ,""
A compartmental model of the COVID-19 pandemic course in Germany,Adalloglu Y.; Kaplan C.,"Objectives: In late 2019, the novel coronavirus, known as COVID-19, emerged in Wuhan, China, and rapidly spread worldwide, including in Germany. To mitigate the pandemic's impact, various strategies, including vaccination and non-pharmaceutical interventions, have been implemented. However, the emergence of new, highly infectious SARS-CoV-2 strains has become the primary driving force behind the disease's spread. Mathematical models, such as deterministic compartmental models, are essential for estimating contagion rates in different scenarios and predicting the pandemic's behavior. Method(s): In this study, we present a novel model that incorporates vaccination dynamics, the three most prevalent virus strains (wild-type, alpha, and delta), infected individuals' detection status, and pre-symptomatic transmission to represent the pandemic's course in Germany from March 2, 2020, to August 17, 2021. Result(s): By analyzing the behavior of the German population over 534 days and 25 time intervals, we estimated various parameters, including transmission, recovery, mortality, and detection. Furthermore, we conducted an alternative analysis of vaccination scenarios under the same interval conditions, emphasizing the importance of vaccination administration and awareness. Conclusion(s): Our 534-day analysis provides policymakers with a range of circumstances and parameters that can be used to simulate future scenarios. The proposed model can also be used to make predictions and inform policy decisions related to pandemic control in Germany and beyond.Copyright © 2023 Walter de Gruyter GmbH, Berlin/Boston.",2023,,Epidemiologic Methods,12,1,20220126,2025532962,10.1515/em-2022-0126,,#962,Adalloglu 2023,Exclusion reason: No knowledge user participation; ,""
EXCESS OF MORTALITY IN OLDER PEOPLE DURING THE COVID-19 PANDEMIC IN MOZAMBIQUE,Mandomando I.; Sheppard R.; Massinga A.; Ernesto R.; De Jesus A.; Messa A.; Nhacolo A.; Sacoor C.; Walker P.; Mayor A.,"Background: The impact of COVID-19 pandemic was apparently less severe in African continents, probably underestimated due to the limited testing capacities and access to health facilities, particularly in rural areas. Hospital and community surveillance of COVID-19 was established in Manhica District, rural Mozambique to understand the epidemic curve and natural history of SARSCoV- 2 including age-specific incidence of severe COVID-19 and reproduction number and effects of interventions through mathematical modelling Methods: Suspected cases visiting the Manhica District Hospital were screened for SARS-CoV-2 by qRT-PCR. Four age-stratified (0-19, 20-39, 40-59 and >=60 years, n=300 each) community-based serosurveys were conducted (Apr 2021-Feb 2022) to estimate the prevalence of antibodies (Abs) against SARS-CoV-2. We fitted a statistical model within a Bayesian framework, to estimate the extent to which older people were over-represented in mortality data throughout the pandemic. This involved training the model on data from the pre-pandemic period and then using this model to generate estimates of the expected levels of mortality in the absence of COVID-19 in adults aged 40+ using data from our reference category (15-39 year olds). Result(s): Between Dec 2020 and Aug 2022, 31.2% of 1332 swabs tested positive for SARS-CoV-2, with high proportion among people aged 50-59 years (62.1%, 36/58). Abs against SARS-CoV-2 were detected in 28% (180/666) of subjects enrolled in survey one, which increased two and tri-fold, in surveys 2 (64%, 595/936) and 3 (91%, 700/768); remaining stable (91.3%, 1023/1121) in 4. Age-specific analysis showed consistency on Abs detection over the surveys, including people non-eligible for vaccination (0-17 years) where >80% (165/188) had Abs detected. 93% (359/384) of subjected with Abs in survey 3, remained positive 3 months later. Shifting age-patterns throughout the pandemic are consistent with a high impact of the disease particularly in older ages. Depending on assumptions made in our modelling, we estimate a cumulative excess mortality rates in adults aged 80+ of between 8 and 17% with the largest peak coinciding with the peak in the delta variant wave. Conclusion(s): Our data reveal that people in rural areas were widely exposed across including unvaccinated ones; and there was a signature COVID-19-like shift in mortality patterns towards older ages, suggesting substantial impact, of the pandemic that is largely not reflected in patterns of confirmed COVID-19 deaths. Quantitative estimates of shift in age-patterns throughout the pandemic. (A) Shows the fit of the model to age-patterns of mortality in the pre-pandemic period 2018-2020. This model is then used to generate the expected numbers of deaths in individuals aged 40+ throughout the pandemic (2020-2022). (B) excess deaths in the pandemic relative to the model, shown in (A), black lines and grey shaded regions show estimates assuming that declines in reported mortality in under 40s are due to declines in mortality (assumption 1), coloured show equivalent estimates assuming that declines in mortality in under 40s are due to declines in ascertainment (assumption 2). (C) Shows estimates from (A) as mortality per 1000 individuals within the age strata, (D) shows each excess mortality estimate as a proportion of the population within the age strata, with seroprevalence estimated from the first two cross-sectional surveys highlighted for reference.",2023,,Topics in Antiviral Medicine,31,2,356-357,641190765,,,#967,Mandomando 2023,Exclusion reason: Conference/meeting abstract; ,""
USE OF Ag-RDTs TO REDUCE SARS-CoV-2 INFECTIONS AT RELIGIOUS GATHERINGS IN LICS & MICS,Hansen M.A.; Han A.X.; Chevalier J.M.; Klock E.; Pandithakoralage H.; Ockhuisen T.; Girdwood S.; Lekodeba N.; De Nooy A.; Jenkins H.E.; Russell C.A.; Nichols B.,"Background: Throughout the COVID-19 pandemic, it was evident that many SARS-CoV-2 infections occurred at mass gathering events. In many LMICs and LICs, places of worship serve as a venue for mass gatherings, and therefore a potential source of large-scale transmission events. Mass gatherings at places of worship also serve as an opportunity to distribute Ag-RDTs to a significant proportion of the community at regular intervals, disrupting transmission within the event and potentially impacting community spread of SARS-CoV-2. Method(s): We used an agent-based community assessment model, Propelling Action for Testing and Treatment, to estimate how various strategies of asymptomatic Ag-RDT self-testing of a fixed percentage of persons attending large religious gatherings (10%, 20%, 40%, 100%), in addition to the general underlying level of ongoing symptomatic testing in the population, would impact community transmission of SARS-CoV-2 in 3 contexts (Brazil, Georgia, Zambia). These testing strategies were analyzed with bi-weekly and weekly asymptomatic self-testing in a population with varying levels of vaccine efficacy (low/high), vaccine coverage (10%, 50%, 80%), and reproductive numbers (0.9, 1.2, 1.5, and 2.0) to simulate varying stages of the COVID-19 pandemic. We then performed an economical evaluation of the results from the model to understand the impact and cost-effectiveness of each self-testing strategy at places of worship. Result(s): In each of the epidemic conditions modeled, testing of symptomatic persons at weekly and biweekly frequencies can avert 2%-16% of Brazilian community infections and 31%-45% of infections occurring in places of worship in Brazil. The same is true in Georgia (1%-6% of total infections and 28%-45% place of worship-related infections) and Zambia (2%-21% of total infections and 29%-45% of place of worship related infections) despite differences in the proportion of populations regularly attending places of worship in the 3 countries. Asymptomatic self-testing in 100% of places of worship in a country result in the greatest percent of infections averted and consistently lands on the cost-effectiveness frontier yet requires a budget 520- 1550x greater than that of symptomatic testing alone. Conclusion(s): Testing of symptomatic persons attending regular religious gatherings have a significant impact on the spread of SARS-CoV-2 in places of worship and can significantly reduce community spread in contexts where population level attendance at religious gatherings is high. Cost-effectiveness analysis from Brazil, Georgia and Zambia modelling results with infections averted within places of worship and total community infections averted assuming a total cost per self-test of $2.50 USD.",2023,,Topics in Antiviral Medicine,31,2,385,641190456,,,#968,Hansen 2023,Exclusion reason: Conference/meeting abstract; ,""
Appraisal and Simulation on Codynamics of Pneumonia and Meningitis with Vaccination Intervention: From a Mathematical Model Perspective,Kotola B.S.; Gebru D.M.; Alemneh H.T.,"The membranes that encompass the brain and spinal cord become inflamed by the potentially fatal infectious disease called pneumococcal meningitis. Pneumonia and meningitis ""coinfection""refers to the presence of both conditions in a single host. In this work, we accounted for the dynamics of pneumonia and meningitis coinfection in communities by erroneously using a compartment model to analyze and suggest management techniques to stakeholders. We have used the next generation matrix approach and derived the effective reproduction numbers. When the reproduction number is less than one, the constructed model yields a locally asymptotically stable disease-free equilibrium point. Additionally, we conducted a sensitivity analysis to determine how different factors affected the incidence and transmission rate, which revealed that both the pneumonia and meningitis transmission rates are extremely sensitive. The performance of our numerical simulation demonstrates that the endemic equilibrium point of the pneumonia and meningitis coinfection model is locally asymptotically stable when max R1,R2>1. Finally, as preventative and control measures for the coinfection of pneumonia and meningitis illness, the stakeholders must concentrate on reducing the transmission rates, reducing vaccination wane rates, and boosting the portion of vaccination rates for both pneumonia and meningitis.Copyright © 2022 Belela Samuel Kotola et al.",2022,,Computational and Mathematical Methods in Medicine,2022,"(Kotola) Department of Mathematics, Debre Berhan University, Debre Berhan, Ethiopia(Kotola) Department of Mathematics, Oda Bultum University, Chiro, Ethiopia(Gebru) Department of Mathematics, Bahir Dar University, Bahir Dar, Ethiopia(Alemneh) Department o",9945047,2021774928,10.1155/2022/9945047,,#970,Kotola 2022,Exclusion reason: No knowledge user participation; ,""
Political decision making in the covid-19 pandemic: The case of germany from the perspective of risk management,Daumann F.; Follert F.; Gleissner W.; Kamaras E.; Naumann C.,"The COVID-19 pandemic is permanently changing modern social and economic coexist-ence. Most governments have declared infection control to be their top priority while citizens face great restrictions on their civil rights. A pandemic is an exemplary scenario in which political actors must decide about future, and thus uncertain, events. This paper tries to present a tool well estab-lished in the field of entrepreneurial and management decision making which could also be a first benchmark for political decisions. Our approach builds on the standard epidemiological SEIR model in combination with simulation techniques used in risk management. By our case study we want to demonstrate the opportunities that risk management techniques, especially risk analyses using Monte Carlo simulation, can provide to policy makers in general, and in a public health crisis in particular. Hence, our case study can be used as a framework for political decision making under incomplete information and uncertainty. Overall, we want to point out that a health policy that aims to provide comprehensive protection against infection should also be based on economic criteria. This is without prejudice to the integration of ethical considerations in the final political decision.Copyright © 2021 by the authors. Licensee MDPI, Basel, Switzerland.",2022,,International Journal of Environmental Research and Public Health,19,1,397,2015128660,10.3390/ijerph19010397,,#974,Daumann 2022,Exclusion reason: No knowledge user participation; ,""
CoMM-S4: A Collaborative Mixed Model Using Summary-Level eQTL and GWAS Datasets in Transcriptome-Wide Association Studies,Yang Y.; Yeung K.-F.; Liu J.,"Motivation: Genome-wide association studies (GWAS) have achieved remarkable success in identifying SNP-trait associations in the last decade. However, it is challenging to identify the mechanisms that connect the genetic variants with complex traits as the majority of GWAS associations are in non-coding regions. Methods that integrate genomic and transcriptomic data allow us to investigate how genetic variants may affect a trait through their effect on gene expression. These include CoMM and CoMM-S2, likelihood-ratio-based methods that integrate GWAS and eQTL studies to assess expression-trait association. However, their reliance on individual-level eQTL data render them inapplicable when only summary-level eQTL results, such as those from large-scale eQTL analyses, are available. Result(s): We develop an efficient probabilistic model, CoMM-S4, to explore the expression-trait association using summary-level eQTL and GWAS datasets. Compared with CoMM-S2, which uses individual-level eQTL data, CoMM-S4 requires only summary-level eQTL data. To test expression-trait association, an efficient variational Bayesian EM algorithm and a likelihood ratio test were constructed. We applied CoMM-S4 to both simulated and real data. The simulation results demonstrate that CoMM-S4 can perform as well as CoMM-S2 and S-PrediXcan, and analyses using GWAS summary statistics from Biobank Japan and eQTL summary statistics from eQTLGen and GTEx suggest novel susceptibility loci for cardiovascular diseases and osteoporosis. Availability and implementation: The developed R package is available at https://github.com/gordonliu810822/CoMM.© Copyright © 2021 Yang, Yeung and Liu.",2021,,Frontiers in Genetics,12,"(Yang, Yeung, Liu) Centre for Quantitative Medicine, Program in Health Services and Systems Research, Duke-NUS Medical School, Singapore, Singapore",704538,636120141,10.3389/fgene.2021.704538,,#981,Yang 2021,Exclusion reason: Irrelevant study; ,""
Scoping review of neglected tropical disease interventions and health promotion: A framework for successful ntd interventions as evidenced by the literature,Ackley C.; Elsheikh M.; Zaman S.,"Background: Neglected Tropical Diseases (NTDs) affect more than one billion people globally. A Public Library of Science (PLOS) journal dedicated to NTDs lists almost forty NTDs, while the WHO prioritises twenty NTDs. A person can be affected by more than one disease at the same time from a range of infectious and non-infectious agents. Many of these diseases are preventable, and could be eliminated with various public health, health promotion and medical interventions. This scoping review aims to determine the extent of the body of literature on NTD interventions and health promotion activities, and to provide an overview of their focus while providing recommendations for best practice going forward. This scoping review includes both the identification of relevant articles through the snowball method and an electronic database using key search terms. A two-phased screening process was used toassess the relevance of studies identified in the search-an initial screening review followed by data characterization using the Critical Appraisal Skills Program (CASP). Studies were eligible for inclusion if they broadly described the characteristics, methods, and approaches of (1) NTD interventions and/or (2) community health promotion.Copyright © 2021 Ackley et al.",2021,,PLoS Neglected Tropical Diseases,15,7,e0009278,2013289291,10.1371/journal.pntd.0009278,,#982,Ackley 2021,Exclusion reason: Review; ,""
Strategies for vaccine prioritization and mass dispensing,Lee E.K.; Li Z.L.; Liu Y.K.; Leduc J.,"We propose a system that helps decision makers during a pandemic find, in real time, the mass vaccination strategies that best utilize limited medical resources to achieve fast containments and population protection. Our general-purpose framework integrates into a single computational platform a multi-purpose compartmental disease propagation model, a human behavior network, a resource logistics model, and a stochastic queueing model for vaccination operations. We apply the modeling framework to the current COVID-19 pandemic and derive an optimal trigger for switching from a prioritized vaccination strategy to a non-prioritized strategy so as to minimize the overall attack rate and mortality rate. When vaccine supply is limited, such a mixed vaccination strategy is broadly effective. Our analysis suggests that delays in vaccine supply and inefficiencies in vaccination delivery can substantially impede the containment effort. Employing an optimal mixed strategy can significantly reduce the attack and mortality rates. The more infectious the virus, the earlier it helps to open the vaccine to the public. As vaccine efficacy decreases, the attack and mortality rates rapidly increase by multiples; this highlights the importance of early vaccination to reduce spreading as quickly as possible to lower the chances for further mutations to evolve and to reduce the excessive healthcare burden. To maximize the protective effect of available vaccines, of equal importance are determining the optimal mixed strategy and implementing effective on-the-ground dispensing. The optimal mixed strategy is quite robust against variations in model parameters and can be implemented readily in practice. Studies with our holistic modeling framework strongly support the urgent need for early vaccination in combating the COVID-19 pandemic. Our framework permits rapid custom modeling in practice. Additionally, it is generalizable for different types of infectious disease outbreaks, whereby a user may determine for a given type the effects of different interventions including the optimal switch trigger.Copyright © 2021 by the authors. Licensee MDPI, Basel, Switzerland.",2021,,Vaccines,9,5,506,2007323836,10.3390/vaccines9050506,,#983,Lee 2021,Exclusion reason: No knowledge user participation; ,""
"Climate and public health: A participatory, transdisciplinary approach to examining the impact of climate and weather events on the health of caribbean communities",Lichtveld M.; Abdoel-Wahid F.; Mendez-Lazaro P.; Guido Z.,"Objective: The Caribbean Region is disproportionately affected by climate change (CC). While CC has an impact on health, public health decision-making based on meteorological data is lacking in the region. The purpose of this study is to co-produce the effective, user-defined application of weather and climate (W & C) data in public health decision-making by communities in the Caribbean. Method(s): This transdisciplinary study has three phases and focusses on Dominica and Puerto Rico. In Phase I, an environmental scan will be conducted of health outcome data that characterizes the historic burden of health disparities, W & C data demonstrating the risk posed by changing climate conditions and health outcomes impacted by changing W & C. This will inform the Vulnerability, Consequences, and Adaptation Planning Scenario (VCAPS) process in Phase II which deploys a stakeholder-engaged participatory modelling framework to integrate W & C information to bolster community resilience. In Phase III, in collaboration with decision-makers in each country, a decision support tool will be developed. Result(s): Preliminary environmental scan results show endemic and seasonal epidemic episodes of Dengue and Zika in Dominica and Puerto Rico. Dominica: 723 Zika cases and Dengue outbreaks in 2010 (641 cases) and 2013 (233 cases). Within the top-ten causes of mortality for Puerto Rico and Dominica, are cardio-vascular disease and respiratory conditions that can be worsened by PM2.5 exposures. Conclusion(s): Climate change has the potential to exacerbate vector-borne diseases and non-communicable diseases in the Region. This study is ongoing; final results of the environmental scan will be available at the conference.",2020,,West Indian Medical Journal,68,SUPPL 1,62-63,631400317,,,#988,Lichtveld 2020,Exclusion reason: Conference/meeting abstract; ,""
"Forecasting the impact of mass drug administration in a heterogeneous environment within the DeWorm3 trail in benin, Malawi and India",Truscott J.; Hardwick R.J.; Werkman M.; Walson J.; Anderson R.M.; Team D.T.,"Soil-transmitted helminths (STH) affect 1.45 billion people worldwide, and high intensity infections are associated with morbidity especially in children. Annual mass-drug administration targeting children has some impact on morbidity but fails to break the parasite transmission cycle. The DeWorm3 project is a cluster-randomized trial to test the feasibility of interrupting the transmission of soil-transmitted helminths through twice-yearly community-wide MDA at a high coverage level in arms that treat just children or the whole community. The project has study sites in India, Benin and Malawi. We fit epidemiological parameters to the study baseline data using Bayesian techniques and a dynamic model of parasite transmission and MDA impact. We then use the fitted parameters to forecast by forward projection the impact of the MDA coverage achieved in the first round on parasite burdens at the study end point and beyond, when interventions have ceased or returned to standard annual schoolbased MDA programmes. We examine various assumptions concerning MDA coverage at rounds post the first round, and individual compliance to treatment on these projections. The ability to predict whether the project's goals have been met depends on the uncertainty in the values of the fitted parameters which reflect the diagnostic techniques used to collect the data. We examine the effect of more sensitive diagnostic techniques (e.g. qPCR) on the degree of confidence in the forecasts. The considerable variability in the prevalence and intensity of parasite burden between study sites and across the clusters in a given site means that the impact of MDA will vary between clusters by the end of the project. We investigate the relationship between MDA coverage, prevalence heterogeneity at baseline and the site level effect on the likelihood of interrupting transmission and the achievement of the WHO elimination of morbidity goals. We discuss how baseline information on heterogeneity can be used to optimize MDA public health interventions to achieve a given target.",2019,,American Journal of Tropical Medicine and Hygiene,101,5 Supplement,354,630645475,10.4269/ajtmh.abstract2019,,#993,Truscott 2019,Exclusion reason: Conference/meeting abstract; ,""
Real-time dynamic modelling for the design of a cluster-randomized phase 3 Ebola vaccine trial in Sierra Leone,Camacho A.; Eggo R.M.; Goeyvaerts N.; Vandebosch A.; Mogg R.; Funk S.; Kucharski A.J.; Watson C.H.; Vangeneugden T.; Edmunds W.J.,"Background Declining incidence and spatial heterogeneity complicated the design of phase 3 Ebola vaccine trials during the tail of the 2013-16 Ebola virus disease (EVD) epidemic in West Africa. Mathematical models can provide forecasts of expected incidence through time and can account for both vaccine efficacy in participants and effectiveness in populations. Determining expected disease incidence was critical to calculating power and determining trial sample size. Methods In real-time, we fitted, forecasted, and simulated a proposed phase 3 cluster-randomized vaccine trial for a prime-boost EVD vaccine in three candidate regions in Sierra Leone. The aim was to forecast trial feasibility in these areas through time and guide study design planning. Results EVD incidence was highly variable during the epidemic, especially in the declining phase. Delays in trial start date were expected to greatly reduce the ability to discern an effect, particularly as a trial with an effective vaccine would cause the epidemic to go extinct more quickly in the vaccine arm. Real-time updates of the model allowed decision-makers to determine how trial feasibility changed with time. Conclusions This analysis was useful for vaccine trial planning because we simulated effectiveness as well as efficacy, which is possible with a dynamic transmission model. It contributed to decisions on choice of trial location and feasibility of the trial. Transmission models should be utilised as early as possible in the design process to provide mechanistic estimates of expected incidence, with which decisions about sample size, location, timing, and feasibility can be determined.Copyright © 2016",2017,,Vaccine,35,4,544-551,614073022,10.1016/j.vaccine.2016.12.019,,#999,Camacho 2017,Exclusion reason: No knowledge user participation; ,""
Redesigning the namibian HIV quality implementation model to improve quality of care systems,Basenero A.; Neidel J.; Luphahla P.; Ndapewa H.,"Introduction: The Namibia HIV quality of care (HIVQUAL) program was initiated in 2007 by the Ministry of Health and Social Services (MoHSS) to monitor and improve the quality of HIV care provided in public health facilities. 37 sites were selected to participate including all 34 hospitals and 3 healthcare centres. Quality of care indicators were selected and performance was reviewed biannually using six months' worth of data. Annual Organisational Assessments (OAs) were introduced to assess quality management (QM) structures and were to be conducted at the sites by national quality improvement (QI) team as external assessors. Peer learning networks were introduced where at the end of each performance measurement (PM) period, facility QI teams comprising of a doctor/pharmacist, nurse and data clerk would congregate to present their HIVQUAL performance reports. Sites were required to submit data to the national QI team prior to the learning network; a practice which they complied with until 2015 when several sites stopped submitting data. Furthermore due to inadequate staffing, the national QI team was unable to conduct annual OAs in all 37 sites. In addition, there was minimal consumer involvement at the sites and as well as at peer learning networks. Objective(s): To restructure the Peer Learning Network model to ensure timely submission of data, conducting of annual OAs and active involvement of consumers. Method(s): Restructuring of Peer learning network was initiated in January 2016 by MoHSS and relevant stakeholders who came up with a set of interventions to address the gaps. It was agreed that only sites that submitted data on time were to be invited to the peer learning sessions. In addition to site presentations on PM data, technical support was to be provided to; identify quality gaps, design and initiate QI projects. The national QI team would conduct OAs at the peer learning session since key informants were already attending the meeting instead of going to the sites. Each participating site was required to nominate a consumer to participate in the learning network. Result(s): PM data submission from the sites improved from 0% in October 2015 to 100% by April 2016 (n = 37 sites). The same trend continued in October 2016 PM data review period. Conducting of annual OAs improved from 0% in 2015 to 100% by September 2016 (n = 37sites). As a result, each site drafted an annual QM work plan and initiated at least one QI project. A dashboard capturing OA results and QM site plans was developed to monitor progress. Consumer involvement in learning sessions improved from no representation in 2015 to having consumer representation in 39% of sites (n = 37 sites) in 2016. Two consumer focus group discussions were conducted involving 15 consumers. Conclusion(s): Every system is perfectly designed to give exactly the results it achieves. Redesigning the HIV QI implementation model led to significant improvement in timely submission of PM data, conducting of annual OAs, active consumer involvement in QM activities and initiation of QI projects.",2017,,International Journal for Quality in Health Care,29,Supplement 1,22,619770415,10.1093/intqhc/mzx125.32,,#1002,Basenero 2017,Exclusion reason: Conference/meeting abstract; ,""
Impact of ivermectin mass treatment on the burden of onchocercal skin and eye disease: Detailed model predictions up to 2025,Melchers N.V.S.V.; Coffeng L.E.; Murdoch M.E.; Pedrique B.; Bakker R.; Ozoh G.A.; De Vlas S.J.; Stolk W.A.,"The African Programme for Onchocerciasis Control (APOC) coordinated from 1995-2015 annual ivermectin mass treatment to control morbidity of onchocerciasis (river blindness). These efforts should be maintained even after 2015 to achieve elimination in 80% of all endemic countries by 2025, although this may not be achievable everywhere due to late onset of infection and/or low treatment coverage. Even if elimination is realised, a considerable chronic disease burden remains due to earlier infection. To understand the need for alternative interventions and new drugs, we predict trends in infection and onchocercal morbidity over time up to 2025, stratifed by age and sex. We use the individual-based model ONCHOSIM to predict trends for a range of scenarios, varying by type of onchocerciasis (forest/savannah), baseline endemicity, history and future of control. The model was extended to make detailed predictions for a wide spectrum of forms of onchocercal skin disease, which so far were considered to only include itch. Model parameters were quantifed to reproduce association between infection and morbidity using data from a TDR-funded multi-country feld study on onchocercal skin disease as well as literature on visual impairment and blindness. The prevalence of infection, morbidity and excess mortality decline progressively over time up to 2025. The prevalence of reversible skin disease (e.g. troublesome itch, acute and chronic papular, and lichenifed onchodermatitis) declines rapidly with waning infection prevalence, with the rate of the decline depending on achieved therapeutic coverage. Irreversible manifestations i.e. visual impairment, blindness, atrophy, depigmentation, and hanging groin decline much more gradually. This study provides better insight in expected trends of infection and onchocercal morbidity. We discuss expected trends in disease burden for endemic countries and Africa as a whole, which will be useful to policy makers and national onchocerciasis control programmes.",2016,,American Journal of Tropical Medicine and Hygiene,95,5 Supplement 1,345,619251921,10.4269/ajtmh.abstract2016,,#1005,Melchers 2016,Exclusion reason: Conference/meeting abstract; ,""
"Epidemia: An online platform for data acquisition, integration, and analysis to support ecological forecasting of malaria outbreaks",Merkord C.L.; Wimberly M.C.; Liu Y.; DeVos M.; Dosch A.; Mihretie A.; Lemma A.M.; Gebrehiwot T.; Lake M.W.; Bayabil E.,"Malaria early detection and early warning systems are important tools for public health decision makers. Here we present technical information on the design and implementation of the EPIDEMIA online platform which serves as an automated tool for forecasting and early detection of malaria outbreaks in the Amhara Region of Ethiopia. The platform uses freely available, community-driven open source software including the R language for statistical computing, MySQL and PostgreSQL for relational data storage, and PHP, HTML, and CSS for web front-end. The R language was chosen because it is widely accessible and allows for the use of advanced statistical modeling techniques. As a result of these choices, the EPIDEMIA data platform can easily be modifed to incorporate potential future statistical models, applied to other geographic areas, or applied to other diseases linked to environmental conditions. The EPIDEMIA platform's epidemiological data acquisition subsystem consists of a securely hosted and encrypted website where public health collaborators in Amhara upload malaria morbidity data which is then parsed and stored in a MySQL database. The environmental data acquisition subsystem uses our previously-developed EASTWeb software to continuously monitor, download, and summarize earth-observation data derived from satellite remote-sensing products that are freely-available on the internet. When new environmental data has been processed in EASTWeb's PostgreSQL database, a listener triggers a PHP script to import the new data into EPIDEMIA's MySQL database. The data integration subsystem, which is a series of scripted actions written in PHP, R, and MySQL stored procedures, integrates the various datasets. After each weekly upload of epidemiological data, the forecasting subsystem uses dynamic linear models implemented in R to analyze the integrated dataset for early signs of malaria outbreaks and to generate malaria forecasts. The reporting subsystem uses R to generate a weekly malaria forecast in PDF format and allows users to generate custom reports, visualizations, and data summaries using a query interface on the website.",2016,,American Journal of Tropical Medicine and Hygiene,95,5 Supplement 1,305,619250747,10.4269/ajtmh.abstract2016,,#1007,Merkord 2016,Exclusion reason: Conference/meeting abstract; ,""
Human onchocerciasis: Modelling the potential long-term consequences of a vaccination programme,Turner H.C.; Walker M.; Lustigman S.; Taylor D.W.; Basanez M.-G.,"Background Currently, the predominant onchocerciasis control strategy in Africa is annual mass drug administration (MDA) with ivermectin. However, there is a consensus among the global health community, supported by mathematical modelling, that onchocerciasis in Africa will not be eliminated within proposed time frameworks in all endemic foci with only annual MDA, and novel and alternative strategies are urgently needed. Furthermore, use of MDA with ivermectin is already compromised in large areas of central Africa co-endemic with Loa loa, and there are areas where suboptimal or atypical responses to ivermectin have been documented. An onchocerciasis vaccine would be highly advantageous in these areas. Methodology/Principal Findings We used a previously developed onchocerciasis transmission model (EPIONCHO) to investigate the impact of vaccination in areas where loiasis and onchocerciasis are coendemic and ivermectin is contraindicated. We also explore the potential influence of a vaccination programme on infection resurgence in areas where local elimination has been successfully achieved. Based on the age range included in the Expanded Programme on Immunization (EPI), the vaccine was assumed to target 1 to 5 year olds. Our modelling results indicate that the deployment of an onchocerciasis vaccine would have a beneficial impact in onchocerciasis-loiasis co-endemic areas, markedly reducing microfilarial load in the young (under 20 yr) age groups. Conclusions/Significance An onchocerciasis prophylactic vaccine would reduce the onchocerciasis disease burden in populations where ivermectin cannot be administered safely. Moreover, a vaccine couldsubstantially decrease the chance of re-emergence of Onchocerca volvulus infection in areas where it is deemed that MDA with ivermectin can be stopped. Therefore, a vaccine would protect the substantial investments made by present and past onchocerciasis control programmes, decreasing the chance of disease recrudescence and offering an important additional tool to mitigate the potentially devastating impact of emerging ivermectin resistance.Copyright © 2015 Turner et al.",2015,,PLoS Neglected Tropical Diseases,9,7,1-19,605468720,10.1371/journal.pntd.0003938,,#1008,Turner 2015,Exclusion reason: No knowledge user participation; ,""
HOW TO EFFECTIVELY FACILITATE ACP GROUP MEDICAL VISITS: LESSONS FROM THE FIELD,Lum H.D.; Sudore R.L.; Jones J.; Levy C.R.; Schwartz R.S.; Kutner J.S.,"Background Advance care planning (ACP) is a health behaviour that requires education and support. We developed an outpatient ACP group medical visit model that promotes patient-centred ACP, although the facilitator communication techniques have not been described. Aim To describe facilitation of an ACP process in novel ACP group medical visits. Methods Ten cohorts of a 2-session ACP group medical visit model were co-facilitated by a geriatrician and social worker based on an initial guide. Group visit transcripts and patient interviews were analysed qualitatively to explore the facilitator's role in the ACP process. Results Analysis of group interactions in ACP group medical visits revealed that facilitators were effectively applying tenets of Collaborative Learning Theory to promote ACP. This theory suggests that learning is a shared and social process; learners are diverse in learning styles and experiences; and individual contexts for applying knowledge are provided alongside factual knowledge. Facilitators leveraged Collaborative Learning Theory by initiating active discussions that included sharing personal ACP experiences; using multiple ACP decision aids (e.g., The Conversation Project, PREPARE videos); and maximising time for participants to ask and answer questions of each other. Identified communication techniques based on Collaborative Learning Theory, like inviting diverse perspectives, were used to develop a revised, theory-informed, facilitator guide. Discussion Specific facilitator communication techniques used in ACP group medical visits promote peer-based learning and group interaction to promote the ACP process. Conclusion A revised facilitator guide for ACP group medical visits based on Collaborative Learning Theory can facilitate ACP.",2015,,BMJ Supportive and Palliative Care,5,Supplement 2,A5,638776853,10.1136/bmjspcare-2015-000978.14,,#1009,Lum 2015,Exclusion reason: Irrelevant study; ,""
Household Transmission of Vibrio cholerae in Bangladesh,Sugimoto J.D.; Koepke A.A.; Kenah E.E.; Halloran M.E.; Chowdhury F.; Khan A.I.; LaRocque R.C.; Yang Y.; Ryan E.T.; Qadri F.; Calderwood S.B.; Harris J.B.; Longini I.M.,"Symptom histories and multiple blood and fecal specimens were prospectively collected from household members of hospital-ascertained cholera cases in Bangladesh from 2001-2006. We estimated the probabilities of cholera transmission through 1) direct exposure within the household and 2) contact with community-based sources of infection. The natural history of cholera infection and covariate effects on transmission were considered. Significant direct transmission (p-value<0.0001) occurred among 1414 members of 364 households. Fecal shedding of O1 El Tor Ogawa was associated with a 4.9% (95% confidence interval: 0.9%-22.8%) risk of infection among household contacts through direct exposure during an 11-day infectious period (mean length). The estimated 11-day risk of O1 El Tor Ogawa infection through exposure to community-based sources was 2.5% (0.8%-8.0%). The corresponding estimated risks for O1 El Tor Inaba and O139 infection were 3.7% (0.7%-16.6%) and 8.2% (2.1%-27.1%) through direct exposure, and 3.4% (1.7%-6.7%) and 2.0% (0.5%-7.3%) through community-based exposure. Children under 5 years-old were at elevated risk of infection. Limitations of the study may have led to an underestimation of the true risk of cholera infection. For instance, available covariate data may have incompletely characterized levels of pre-existing immunity to cholera infection. Transmission via direct exposure occurring outside of the household was not considered., Direct exposure contributes substantially to endemic transmission of symptomatic cholera in an urban setting. We provide the first estimate of the transmissibility of endemic cholera within prospectively-followed members of households. The role of direct transmission must be considered when planning cholera control activities., Vibrio cholerae infections cluster in households. This study's objective was to quantify the relative contribution of direct, within-household exposure (for example, via contamination of household food, water, or surfaces) to endemic cholera transmission. Quantifying the relative contribution of direct exposure is important for planning effective prevention and control measures.Copyright © 2014 Sugimoto et al.",2014,,PLoS Neglected Tropical Diseases,8,11,,601112715,10.1371/journal.pntd.0003314,,#1012,Sugimoto 2014,Exclusion reason: Not a mathematical model; ,""
Review and assessment of poliovirus immunity and transmission: Synthesis of knowledge gaps and identification of research needs,Duintjer Tebbens R.J.; Pallansch M.A.; Chumakov K.M.; Halsey N.A.; Hovi T.; Minor P.D.; Modlin J.F.; Patriarca P.A.; Sutter R.W.; Wright P.F.; Wassilak S.G.F.; Cochi S.L.; Kim J.-H.; Thompson K.M.,"With the intensifying global efforts to eradicate wild polioviruses, policymakers face complex decisions related to achieving eradication and managing posteradication risks. These decisions and the expanding use of inactivated poliovirus vaccine (IPV) trigger renewed interest in poliovirus immunity, particularly the role of mucosal immunity in the transmission of polioviruses. Sustained high population immunity to poliovirus transmission represents a key prerequisite to eradication, but poliovirus immunity and transmission remain poorly understood despite decades of studies. In April 2010, the U.S. Centers for Disease Control and Prevention convened an international group of experts on poliovirus immunology and virology to review the literature relevant for modeling poliovirus transmission, develop a consensus about related uncertainties, and identify research needs. This article synthesizes the quantitative assessments and research needs identified during the process. Limitations in the evidence from oral poliovirus vaccine (OPV) challenge studies and other relevant data led to differences in expert assessments, indicating the need for additional data, particularly in several priority areas for research: (1) the ability of IPV-induced immunity to prevent or reduce excretion and affect transmission, (2) the impact of waning immunity on the probability and extent of poliovirus excretion, (3) the relationship between the concentration of poliovirus excreted and infectiousness to others in different settings, and (4) the relative role of fecal-oral versus oropharyngeal transmission. This assessment of current knowledge supports the immediate conduct of additional studies to address the gaps. © 2013 Society for Risk Analysis.",2013,,Risk Analysis,33,4,606-646,52518820,10.1111/risa.12031,,#1018,DuintjerTebbens 2013,Exclusion reason: Irrelevant study; ,""
Age groups and spread of influenza: Implications for vaccination strategy,Hsieh Y.-H.,"Background: The unpredictable nature of the potentially devastating impact of 2009 pH1N1 influenza pandemic highlights the need for pandemic preparedness planning, where modeling studies could be most useful for simulations of possible future scenarios. Method(s): A compartmental model with pre-symptomatic and asymptomatic influenza infections is proposed which incorporates age groups as well as intervention measures such as age-specific vaccination, in order to study spread of influenza in a community. Result(s): We derive the basic reproduction number and other effective reproduction numbers under various intervention measures. For illustration, we make use of the Pneumonia and Influenza (P&I) mortality data and vaccination data of the very young (age 0-2) and the very old (age >64) during 2004-2005 Taiwan winter influenza season to fit our model and to compute the relevant reproduction numbers. The reproduction number for this winter flu season is estimated to be slightly above one (~1.0001). Conclusion(s): Comparatively large errors in fitting the P&I mortality data of the elderly (>64) were observed shortly after winter school closings in January, which may indicate the impact of younger, more active age groups transmitting influenza to other age groups outside of the school settings; in particular, to the elderly in the households. Pre-symptomatic infections seemed to have little effect on the model fit, while asymptomatic infection by asymptomatic infectives has a more pronounced impact on the model fit for the elderly mortality, perhaps indicating a larger role in disease transmission by asymptomatic infection. Simulations indicate that the impact of vaccination on the disease incidence might not be fully revealed in the change (or the lack thereof) in the effective reproduction number with interventions, but could still be substantial. The estimated per contact transmission probability for susceptible elderly is significantly higher than that of any other age group, perhaps highlighting the vulnerability of the elderly due to close contacts with their caretakers from other age groups. The relative impact of targeting the very young and the very old for vaccination was weakened by their relative inactivity, thus giving evidence of the lack of impact of vaccinating these two groups on the overall transmissibility of the disease in the community. This further underscores the need for morbidity-based strategy to prevent elderly mortality. © 2010 Hsieh; licensee BioMed Central Ltd.",2009,,BMC Infectious Diseases,10,"(Hsieh) Department of Public Health and Center for Infectious Disease Epidemiology, China Medical University, Taichung, Taiwan (Republic of China)",106,50897689,10.1186/1471-2334-10-106,,#1023,Hsieh 2009,Exclusion reason: No knowledge user participation; ,""
A model HIV/AIDS risk reduction program in the Philippines: A comprehensive community-based approach through participatory action research,Morisky D.E.; Ang A.; Coly A.; Tiglao T.V.,"A 3-year, longitudinal, quasi-experimental study using participatory action research (PAR) was conducted to determine the feasibility and efficiency of an expanded sexually transmitted infection (STI) HIV/AIDS prevention program among diverse high-risk male heterosexual populations in the southern Philippines. A total of 3389 participants (~200 males from each of 18 study groups) were recruited, and 221 were trained as peer counselors to develop educational materials and reinforce safe sexual practices among their peers. Condom usage (36.10% to 38.70% to 46.31%), attitudes towards condoms (21.67% to 24.55% to 25.15%) and knowledge about HIV/STI transmission (41.87% to 42.19% to 33.31%) increased significantly from baseline to post-test and 6-month follow up, respectively (p < 0.01). Furthermore, the reported STI incidence decreased significantly (7.4% to 4.6% to 2.4%, respectively). Changes differed significantly between the intervention and control group at post-test and follow up (p < 0.01). These findings illustrate the appropriateness of using PAR methodology in promoting and sustaining positive behavior change.",2004,,Health Promotion International,19,1,69-76,38364805,10.1093/heapro/dah109,,#1024,Morisky 2004,Exclusion reason: Not a mathematical model; ,""
Evaluating resilience and enhancing strategies for old urban communities amidst epidemic challenges,"Lin, C.; Chen, R.; Wang, B.; Li, X.","Epidemic outbreaks pose significant risks to sustainable urban development, underscoring the critical need to bolster the resilience of old communities, key to urban epidemic prevention. This study introduces a resilience evaluation system tailored for these communities, employs a cloud model-based fuzzy comprehensive evaluation (FCE) method, and selects Fuzhou City for a case study. It evaluates the resilience of three communities, Qixingjing Xincun (A), the Provincial Forestry Department's dormitory (B), and Wufeng Lanting community (C) across five dimensions. By employing system dynamics (SD) model, the study examines the interplay and impact mechanisms of resilience indicators, predicts trends and future developments, and proposes strategies to enhance resilience. Results indicate that: (1) community B exhibits the highest resilience, followed by A and C, validating the FCE method's efficacy; (2) resilience across all dimensions is on the rise, with no signs of plateauing observed; (3) enhancements in resilience are notably impactful in facility (A3), spatial (A1), environmental (A2) and resident resilience (A5) are extremely close to each other in terms of their impacts, while governance resilience (A4) exhibits minimal changes. Offering insightful contributions to the resilience study of old urban communities, this study serves as a guide for future practice in improving public safety and promoting urban development, and insights into universal urban challenges and resilience strategies. © 2024 Elsevier Ltd",2024,,Habitat Int.,153,,,,10.1016/j.habitatint.2024.103187,,#1028,Lin 2024,Exclusion reason: Not a mathematical model; ,""
A framework for conceptualising hybrid system dynamics and agent-based simulation models,"Nguyen, L.K.N.; Howick, S.; Megiddo, I.","The growing complexity of systems and problems that stakeholders from the private and public sectors have sought advice on has led systems modellers to increasingly use multimethodology and to combine multiple OR/MS methods. This includes hybrid simulation that combines two or more of the following methods: system dynamics (SD), discrete-event simulation, and agent-based models (ABM). Although a significant number of studies describe the application of hybrid simulation across different domains, research on the theoretical and practical aspects of combining simulation modelling methods, particularly the combining of SD and ABM, is still limited. Existing frameworks for combining simulation methods are high-level and lack methodological clarity and practical guidance on modelling decisions and elements specific to hybrid simulation that modellers need to consider. This paper proposes a practical framework for developing a conceptual hybrid simulation model that is built on reviews and reflections of theoretical and application literature on combining methods. The framework is then used to inform and guide the process of conceptual model building for a case study in controlling the spread of COVID-19 in care homes. In addition, reflection on the use of the framework for the case study led to refining the framework itself. This case study is also used to demonstrate how the framework informs the structural design of a hybrid simulation model and relevant modelling decisions during the conceptualisation phase. © 2024 The Authors",2024,,Eur J Oper Res,315,3,1153-1166,,10.1016/j.ejor.2024.01.027,,#1035,Nguyen 2024,Exclusion reason: Theoretical framework; ,""
Non-integer Time Fractional-Order Mathematical Model of the COVID-19 Pandemic Impacts on the Societal and Economic Aspects of Nigeria,"Olayiwola, M.O.; Yunus, A.O.","The economic and social consequences of the COVID-19 outbreak in Nigeria are examined in this study, utilizing a novel fractional-order model with Laplace Adomian Decomposition (LADM). Using this novel methodology, the study provides insights into the efficacy of control methods in restricting virus spread, the research sheds light on the effectiveness of control measures in containing the virus's spread, addressing a significant gap in the literature concerning the impact of COVID-19 in African nations. Given Nigeria's status as one of the continent's most populous countries, it encounters distinct challenges in pandemic management, making this study particularly pertinent for regional policymakers and public health authorities. Key findings include optimal results at a fractional-order parameter value of one as well as the numerical solution's rapid convergence. The basic reproduction number (R0<0) is calculated using the next-generation matrix approach and conducts sensitivity analysis and comparative assessments with traditional methods, emphasizing the importance of selecting appropriate modeling approaches. Overall, the findings have important implications for policymakers managing the pandemic and underscore the need for interdisciplinary collaboration in public health research. © The Author(s), under exclusive licence to Springer Nature India Private Limited 2024.",2024,,Internat. J. Appl. Comput. Math.,10,2,,,10.1007/s40819-024-01726-4,,#1038,Olayiwola 2024,Exclusion reason: No knowledge user participation; ,""
An Agent-Based Model for Disease Epidemics in Greece,"Thomopoulos, V.; Tsichlas, K.","In this research, we present the first steps toward developing a data-driven agent-based model (ABM) specifically designed for simulating infectious disease dynamics in Greece. Amidst the ongoing COVID-19 pandemic caused by SARS-CoV-2, this research holds significant importance as it can offer valuable insights into disease transmission patterns and assist in devising effective intervention strategies. To the best of our knowledge, no similar study has been conducted in Greece. We constructed a prototype ABM that utilizes publicly accessible data to accurately represent the complex interactions and dynamics of disease spread in the Greek population. By incorporating demographic information and behavioral patterns, our model captures the specific characteristics of Greece, enabling accurate and context-specific simulations. By using our proposed ABM, we aim to assist policymakers in making informed decisions regarding disease control and prevention. Through the use of simulations, policymakers have the opportunity to explore different scenarios and predict the possible results of various intervention measures. These may include strategies like testing approaches, contact tracing, vaccination campaigns, and social distancing measures. Through these simulations, policymakers can assess the effectiveness and feasibility of these interventions, leading to the development of well-informed strategies aimed at reducing the impact of infectious diseases on the Greek population. This study is an initial exploration toward understanding disease transmission patterns and a first step towards formulating effective intervention strategies for Greece. © 2024 by the authors.",2024,,Information,15,3,,,10.3390/info15030150,,#1039,Thomopoulos 2024,Exclusion reason: No specific infectious disease; ,""
Mathematical model of COVID-19 dynamics in the presence of multiple controls,"Akanni, J.O.; Ajao, S.; Asamoah, J.K.K.; Abimbade, S.F.","The coronavirus disease 19 (COVID-19), caused by the Severe Acute Respiratory Syndrome Coronavirus 2 (SARS-COV-2), is an infectious disease constituting the most significant challenge to human and socio-economic development across the globe. Many studies have been conducted to gain more knowledge on the dynamic spread of SARS-COV-2 in the community of people. In this study, a new mathematical model made up of a system of non-linear ODEs is designed and meticulously analyzed to understand the dynamics of transmission of COVID-19. Specific necessary properties exhibited by the COVID-19 model are examined through the theory of non-negativity and boundedness of solutions. The threshold parameter measuring the invasion potential of COVID-19 in the population is worked out by employing the Next Generation Matrix approach. The model is shown to have two endemic equilibria whenever basic reproduction number R0<1. The analysis of the endemic equilibrium stability is explored using a suitably constructed Lyapunov function. It is shown that the COVID-19 model is globally asymptotically stable whenever the associated basic reproduction number is beyond unity. The Latin Hypercube Sampling or Partial Rank Correlation Coefficient is utilized to examine how parameter changes affect the COVID-19 spread in the population. Furthermore, the study considers six optimal control interventions to flatten the curve of the coronavirus pandemic in society. Numerical experiments of the COVID-19 model are executed in MatLab to corroborate the qualitative analysis of the model. © The Author(s), under exclusive licence to Springer Nature B.V. 2024.",2024,,Qual. Quant.,,,,,10.1007/s11135-024-01975-x,,#1043,Akanni 2024,Exclusion reason: No knowledge user participation; ,""
Phase-wise evaluation and optimization of non-pharmaceutical interventions to contain the COVID-19 pandemic in the U.S.,"Zhou, X.; Zhang, X.; Santi, P.; Ratti, C.","Given that the effectiveness of COVID-19 vaccines and other therapies is greatly limited by the continuously emerging variants, non-pharmaceutical interventions have been adopted as primary control strategies in the global fight against the COVID-19 pandemic. However, implementing strict interventions over extended periods of time is inevitably hurting the economy. Many countries are faced with the dilemma of how to take appropriate policy actions for socio-economic recovery while curbing the further spread of COVID-19. With an aim to solve this multi-objective decision-making problem, we investigate the underlying temporal dynamics and associations between policies, mobility patterns, and virus transmission through vector autoregressive models and the Toda-Yamamoto Granger causality test. Our findings reveal the presence of temporal lagged effects and Granger causality relationships among various transmission and human mobility variables. We further assess the effectiveness of existing COVID-19 control measures and explore potential optimal strategies that strike a balance between public health and socio-economic recovery for individual states in the U.S. by employing the Pareto optimality and genetic algorithms. The results highlight the joint power of the state of emergency declaration, wearing face masks, and the closure of bars, and emphasize the necessity of pursuing tailor-made strategies for different states and phases of epidemiological transmission. Our framework enables policymakers to create more refined designs of COVID-19 strategies and can be extended to other countries regarding best practices in pandemic response. Copyright © 2023 Zhou, Zhang, Santi and Ratti.",2023,,Front. Public Health,11,,,,10.3389/fpubh.2023.1198973,,#1066,Zhou 2023,Exclusion reason: No knowledge user participation; ,""
"Modelling, Analysis, and Simulation of Measles Disease Transmission Dynamics","Alemneh, H.T.; Belay, A.M.","Measles is one of the top communicable diseases, which is still responsible for 2.6 million deaths every year. Due to this reason, the paper focuses on measles transmission dynamics concerning the impact of indirect contact rate (transmitted from the host of the virus to the healthy individual) and improving the SEVIR model into the SVIRP model. From the model, we first estimated the disease-free equilibrium, calculated the effective reproduction number REff, and established the stability analysis. The Castillo-Chavez stability criterion is used to demonstrate the global stability of the disease-free equilibrium point, while the linearization method is used to justify its local stability analysis and gives a result REff<1. The stability analysis of endemic equilibrium point is explained by defining a Lyapunov function, and its global stability exists when REff> 1. To identify the effect of parameters on the transmission dynamics, we performed sensitivity index and numerical simulation. From the result, we obtained that the indirect contact rate has the highest impact in maximizing the transmission dynamics of measles. Also, we found that working on prevention and treatment strategies brings a significant contribution in reducing the disease effect in the community.  © 2023 Haileyesus Tessema Alemneh and Asnakew Mesele Belay.",2023,,Discrete Dyn. Nat. Soc.,2023,,,,10.1155/2023/9353540,,#1067,Alemneh 2023,Exclusion reason: No knowledge user participation; ,""
ESTIMATING FUNCTIONAL PARAMETERS FOR UNDERSTANDING THE IMPACT OF WEATHER AND GOVERNMENT INTERVENTIONS ON COVID-19 OUTBREAK,"Sung, C.-L.","As the coronavirus disease 2019 (COVID-19) has shown profound effects on public health and the economy worldwide, it becomes crucial to as-sess the impact on the virus transmission and develop effective strategies to address the challenge. A new statistical model, derived from the SIR epidemic model with functional parameters, is proposed to understand the impact of weather and government interventions on the virus spread in the presence of asymptomatic infections among eight metropolitan areas in the United States. The model uses Bayesian inference with Gaussian process priors to study the functional parameters nonparametrically, and sensitivity analysis is adopted to investigate the main and interaction effects of these factors. This analysis reveals several important results, including the potential interaction effects between weather and government interventions, which shed new light on the effective strategies for policymakers to mitigate the COVID-19 outbreak. © Institute of Mathematical Statistics, 2022.",2022,,Ann. Appl. Statistics,16,4,2505-2522,,10.1214/22-AOAS1601,,#1071,Sung 2022,Exclusion reason: Not a mathematical model; ,""
Indirect Protection from Vaccinating Children against Influenza A Virus Infection in Households,"Tsang, T.K.; Wang, C.; Fang, V.J.; Perera, R.A.P.M.; So, H.C.; Ip, D.K.M.; Peiris, J.S.M.; Leung, G.M.; Cauchemez, S.; Cowling, B.J.","Influenza vaccination is an important intervention to prevent influenza virus infection. Our previous analysis suggested that indirect protection is limited in an influenza B epidemic in Hong Kong. We further analyzed six influenza A epidemics to determine such potential. We applied a statistical model to estimate household transmission dynamics in the 3 influenza A(H3N2) and 3 pandemic influenza A(H1N1) epidemics. Then, we estimated the reduction in infection risk among unvaccinated household members when all children in households are vaccinated, with different assumptions on vaccine efficacy (VE). In the optimal scenario that VE was 70%, the reduction to the total probability of infection was only marginal, with relative probabilities ranged from 0.91–0.94 when all children in households were vaccinated because community was by far the main source of infection during the six epidemics in our study. The proportion of cases attributed to household transmission was 10% (95% CrI: 7%, 13%). Individual influenza vaccination is important even when other household members are vaccinated, given the degree of indirect protection is small. © 2022 by the authors.",2022,,Viruses,14,10,,,10.3390/v14102097,,#1073,Tsang 2022,Exclusion reason: Not a mathematical model; ,""
Fractional order mathematical model of monkeypox transmission dynamics,"Peter, O.J.; Oguntolu, F.A.; Ojo, M.M.; Olayinka Oyeniyi, A.; Jan, R.; Khan, I.","In this paper, we present a deterministic mathematical model of monkeypox virus by using both classical and fractional-order differential equations. The model includes all of the possible interactions that contribute to disease spread in the population. We investigate the model's stability results in the disease-free case when R 0 < 1. When R 0 < 1, we show that the model is stable, otherwise it is unstable. To obtain the best fit that describes the dynamics of this disease in Nigeria, the model is fitted using the nonlinear least square method on cumulative reported cases of monkeypox virus from Nigeria between January to December 2019. Furthermore, adequate conditions for the existence and uniqueness of the solution of the model have been proved. We run numerous simulations of the proposed monkeypox model with varied input parameters to investigate the intricate dynamics of monkeypox infection under the effect of various system input parameters. We investigate the system's dynamical behavior to develop appropriate infection control policies. This allows the public to understand the significance of control parameters in the eradication of monkeypox in the population. Lowering the order of fractional derivatives has resulted in significant modifications. To the community's policymakers, we offered numerous parameters for the control of monkeypox. © 2022 The Author(s). Published by IOP Publishing Ltd.",2022,,Phys Scr,97,8,,,10.1088/1402-4896/ac7ebc,,#1077,Peter 2022,Exclusion reason: No knowledge user participation; ,""
Age Structured Mathematical Modeling Studies on COVID-19 with respect to Combined Vaccination and Medical Treatment Strategies,"Chhetri, B.; Vamsi, D.K.K.; Prakash, D.B.; Balasubramanian, S.; Sanjeevi, C.B.","In this study, we develop a mathematical model incorporating age-specific transmission dynamics of COVID-19 to evaluate the role of vaccination and treatment strategies in reducing the size of COVID-19 burden. Initially, we establish the positivity and boundedness of the solutions of the non controlled model and calculate the basic reproduction number and do the stability analysis. We then formulate an optimal control problem with vaccination and treatment as control variables and study the same. Pontryagin's Minimum Principle is used to obtain the optimal vaccination and treatment rates. Optimal vaccination and treatment policies are analysed for different values of the weight constant associated with the cost of vaccination and different efficacy levels of vaccine. Findings from these suggested that the combined strategies (vaccination and treatment) worked best in minimizing the infection and disease induced mortality. In order to reduce COVID-19 infection and COVID-19 induced deaths to maximum, it was observed that optimal control strategy should be prioritized to the population with age greater than 40 years. Varying the cost of vaccination it was found that sufficient implementation of vaccines (more than 77 %) reduces the size of COVID-19 infections and number of deaths. The infection curves varying the efficacies of the vaccines against infection were also analysed and it was found that higher efficacy of the vaccine resulted in lesser number of infections and COVID induced deaths. The findings would help policymakers to plan effective strategies to contain the size of the COVID-19 pandemic.  © 2022 Bishal Chhetri et al., published by De Gruyter.",2022,,Comput. Math. Biophys.,10,1,281-303,,10.1515/cmb-2022-0143,,#1080,Chhetri 2022,Exclusion reason: No specific population; ,""
A model for COVID-19 and bacterial pneumonia coinfection with community-and hospital-acquired infections,"Pérez, A.G.C.; Oluyori, D.A.","We propose a new epidemic model to study the coinfection dynamics of COVID-19 and bacterial pneumonia, which is the first model in the literature used to describe mathematically the interaction of these two diseases while considering two infection ways for pneumonia: community-acquired and hospital-acquired transmission. We show that the existence and local stability of equilibria depend on three different parameters, which are interpreted as the basic reproduction numbers of COVID-19, bacterial pneumonia, and bacterial population in the hospital. Numerical simulations are performed to complement our theoretical analysis, and we show that both diseases can persist if the basic reproduction number of COVID-19 is greater than one. © 2022, Mehmet Yavuz. All rights reserved.",2022,,Math. Model. Numer. Simul. Appl.,2,4,197-210,,10.53391/mmnsa.2022.016,,#1082,Pérez 2022,Exclusion reason: No specific population; ,""
Community and topic modeling for infectious disease clinical trial recommendation,"Elkin, M.E.; Zhu, X.","Clinical trials are crucial for the advancement of treatment and knowledge within the medical community. Although the ClinicalTrials.gov initiative has resulted in a rich source of information for clinical trial research, only a handful of analytic studies have been carried out to understand this valuable data source. Analysis of this database provides insight for emerging trends of clinical research. In this study, we propose to use network analysis to understand infectious disease clinical trial research. Our goal is to understand two important issues related to the clinical trials: (1) the concentrations and characteristics of infectious disease clinical trial research, and (2) recommendation of clinical trials to a sponsor (or an investigator). The first issue helps summarize clinical trial research related to a particular disease(s), and the second issue helps match clinical trial sponsors and investigators for information recommendation. By using 4228 clinical trials as the test bed, our study investigates 4864 sponsors and 1879 research areas characterized by Medical Subject Heading (MeSH) keywords. We use a network to characterize infectious disease clinical trials, and design a new community-topic-based link prediction approach to predict sponsors’ interests. Our design relies on network modeling of both clinical trial sponsors and keywords. For sponsors, we extract communities with each community consisting of sponsors with coherent interests. For keywords, we extract topics with each topic containing semantic consistent keywords. The communities and topics are combined for accurate clinical trial recommendation. This transformative study concludes that using network analysis can tremendously help the understanding of clinical trial research for effective summarization, characterization, and prediction. © 2021, The Author(s), under exclusive licence to Springer-Verlag GmbH Austria, part of Springer Nature.",2021,,Netw. Model. Anal. Health Informatics Bioinformatics,10,1,,,10.1007/s13721-021-00321-7,,#1085,Elkin 2021,Exclusion reason: Not a mathematical model; ,""
Modeling the health impact of water and sanitation service deficits on waterborne disease transmission,"Chaysiri, R.; Louis, G.E.; Chinviriyasit, W.","Cholera is a waterborne disease that continues to pose serious public health problems in many developing countries. Increasing water and sanitation coverage is a goal for local authorities in these countries, as it can eliminate one of the root causes of cholera transmission. The SIWDR (susceptible–infected–water–dumpsite–recovered) model is proposed here to evaluate the effects of the improved coverage of water and sanitation services in a community at risk of a cholera outbreak. This paper provides a mathematical study of the dynamics of the water and sanitation (WatSan) deficits and their public health impact in a community. The theoretical analysis of the SIWDR model gave a certain threshold value (known as the basic reproductive number and denoted R) to stop the transmission of cholera. It was found that the disease-free equilibrium was globally asymptotically stable whenever R≤ 1. The unique endemic equilibrium was globally asymptotically stable whenever R> 1. Sensitivity analysis was performed to determine the relative importance of model parameters to disease transmission and prevention. The numerical simulation results, using realistic parameter values in describing cholera transmission in Haiti, showed that improving the drinking water supply, wastewater and sewage treatment, and solid waste disposal services would be effective strategies for controlling the transmission pathways of this waterborne disease. © 2021, The Author(s).",2021,,Adv. Differ. Equations,2021,1,,,10.1186/s13662-021-03556-w,,#1088,Chaysiri 2021,Exclusion reason: No knowledge user participation; ,""
Enhancing reservoir control in the co-dynamics of HIV-VL: from mathematical modeling perspective,"Melese, Z.T.; Alemneh, H.T.","HIV patients are vulnerable to developing active visceral leishmaniasis (VL). To understand this complication, we studied a mathematical model for HIV and visceral leishmaniasis coinfection. In this approach, we reckoned two distinct equilibria: the disease-free and the endemic equilibria. The local and global stability of the disease-free equilibrium were thoroughly investigated. To further support the qualitative findings, we performed simulations to quantify the changes of the dynamical behavior of the full model for variation of relevant parameters. Increasing the rate of VL recovery (ϕ1), the recovery rate for VL–HIV Co-infection (ϕ2), removing reservoirs (c1), minimizing the contact rate (βh) are important in controlling the transmission of individual and co-infection disease of VL and HIV. In conclusion, possible measures should be implemented to reduce the number of infected individuals. Therefore, we recommend that policy makers and stakeholders incorporate these measures during planing and implementation phases to control the transmission of VL–HIV co-infection. © 2021, The Author(s).",2021,,Adv. Differ. Equations,2021,1,,,10.1186/s13662-021-03584-6,,#1089,Melese 2021,Exclusion reason: No specific population; ,""
"Optimal, near-optimal, and robust epidemic control","Morris, D.H.; Rossine, F.W.; Plotkin, J.B.; Levin, S.A.","In the absence of drugs and vaccines, policymakers use non-pharmaceutical interventions such as social distancing to decrease rates of disease-causing contact, with the aim of reducing or delaying the epidemic peak. These measures carry social and economic costs, so societies may be unable to maintain them for more than a short period of time. Intervention policy design often relies on numerical simulations of epidemic models, but comparing policies and assessing their robustness demands clear principles that apply across strategies. Here we derive the theoretically optimal strategy for using a time-limited intervention to reduce the peak prevalence of a novel disease in the classic Susceptible-Infectious-Recovered epidemic model. We show that broad classes of easier-to-implement strategies can perform nearly as well as the theoretically optimal strategy. But neither the optimal strategy nor any of these near-optimal strategies is robust to implementation error: small errors in timing the intervention produce large increases in peak prevalence. Our results reveal fundamental principles of non-pharmaceutical disease control and expose their potential fragility. For robust control, an intervention must be strong, early, and ideally sustained. © 2021, The Author(s).",2021,,Commun. Phys.,4,1,,,10.1038/s42005-021-00570-y,,#1090,Morris 2021,"Exclusion reason: No specific setting (geography: country(s), city(s)); ",""
The Transmission Dynamic of the COVID 19 Outbreak: A Predictive Dashboard,"Bin Ahmad Zuber, M.F.; Rosli, N.; Muhammad, N.","COVID 19 outbreak gives a great impact worldwide. The disaster of this pandemic has resulted in a large number of human lives being lost. As all countries implemented quarantine and social distancing, the great lockdown all over the world lead to multiple crises including health, economy, financial, and collapse in industrial and educational activities. Movement Control Order (MCO) and social distancing which have been implemented as control measures in Malaysia also affected many sectors. The landscape now has successfully reduced the number of infected people. However, from the economic point of view, the Retail Group Malaysia (RGM) has projected the country’s retail industry suffers a negative growth rate for the first time in 22 years. If the epidemic continues, society will reach an impasse, a time when the lockdown will become more than some of them can tolerate. As recognized by the World Health Organization (WHO), modelling the outbreak based on the prior input data is more appropriate than the ‘risk of bias’ for decision-makers. Thus, this research is conducted to model the outbreak of the disease using the susceptible-infected-recovery-death (SIRD) compartmental model accompanying with the varying infection rate due to changes in MCO measures. The model assumes under the unavailability of the vaccine, recovered people can be reinfected. The epidemic parameters and reproduction numbers are estimated and fitted from the transmission model to the actual data using the Monte Carlo Markov Chain (MCMC) of Metropolis-Hasting. The model is solved using a numerical algorithm of the Runge-Kutta method. The predictive dashboard of a graphical user interface (GUI) is developed, hence monitoring and predicting the outbreak under the control measures of the two different types of MCO scenarios (which are called constant and alternate scenarios) can be performed. GUI for the dynamic transmission of the COVID 19 provides insight for the future outbreak, hence may help the respective stakeholders to propose the best policy of a new norm for all sectors. From the GUI, we can see that, when no or loose MCO is implemented or compliance of the public to the COVID 19 standard operating procedure (SOP), the infected case will increase rapidly up to 7.5 million. With strict MCO regulation or public obedient to the SOP, the infected case will decrease rapidly, but even after a long period of strict regulation, once the quarantine is stopped, the infected case will rise again. An alternative MCO scenario is suggested where a cyclic pattern of strict and loose MCO regulation is upheld, and it shows to flatten the curve while allow periods of less restricted lifestyle. This can be one of the alternatives to balance the life and livelihood. © 2021 Penerbit Universiti Kebangsaan Malaysia. All rights reserved.",2021,,Sains Malays.,50,11,3439-3453,,10.17576/jsm-2021-5011-26,,#1092,BinAhmadZuber 2021,Exclusion reason: No knowledge user participation; Nancy Tahmo (2025-05-01 05:12:42)(Select): Software; ,""
Compliance and containment in social distancing: mathematical modeling of COVID-19 across townships,"Chen, X.; Zhang, A.; Wang, H.; Gallaher, A.; Zhu, X.","In the early development of COVID-19, large-scale preventive measures, such as border control and air travel restrictions, were implemented to slow international and domestic transmissions. When these measures were in full effect, new cases of infection would be primarily induced by community spread, such as the human interaction within and between neighboring cities and towns, which is generally known as the meso-scale. Existing studies of COVID-19 using mathematical models are unable to accommodate the need for meso-scale modeling, because of the unavailability of COVID-19 data at this scale and the different timings of local intervention policies. In this respect, we propose a meso-scale mathematical model of COVID-19, named the meso-scale Susceptible, Exposed, Infectious, Recovered (MSEIR) model, using town-level infection data in the state of Connecticut. We consider the spatial interaction in terms of the inter-town travel in the model. Based on the developed model, we evaluated how different strengths of social distancing policy enforcement may impact epi curves based on two evaluative metrics: compliance and containment. The developed model and the simulation results help to establish the foundation for community-level assessment and better preparedness for COVID-19. © 2021 Informa UK Limited, trading as Taylor & Francis Group.",2021,,Int. J. Geogr. Inf. Sci.,35,3,446-465,,10.1080/13658816.2021.1873999,,#1097,Chen 2021,Exclusion reason: No knowledge user participation; ,""
The need to incorporate communities in compartmental models,"Kane, M.J.; Gilani, O.","Tian et al. provide a framework for assessing population-level interventions of disease outbreaks through the construction of counterfactuals in a large-scale, natural experiment assessing the efficacy of mild, but early interventions compared to delayed interventions. The technique is applied to the recent SARS-CoV-2 outbreak with the population of Shenzhen, China acting as the mild-but-early treatment group and a combination of several US counties resembling Shenzhen but enacting a delayed intervention acting as the control. To help further the development of this framework and identify an avenue for further enhancement, we focus on the use and potential limitations of compartmental models. In particular, compartmental models make assumptions about the communicability of a disease that may not perform well when they are used for large areas with multiple communities where movement is restricted. To illustrate this phenomena, we provide a simulation of a directed percolation (outbreak) process on a simple stochastic block model with two blocks. The simulations show that when transmissibility between two communities is severely restricted an outbreak in two communities resembles a primary and secondary outbreak potentially causing policy and decision makers to mistake effective intervention strategies with noncompliance or inefficacy of an intervention. AMS 2000 subject classifications: Primary 37M05; secondary 62P10. © 2021. All Rights Reserved.",2021,,Stat. Interface,14,1,29-32,,10.4310/20-SII647,,#1098,Kane 2021,Exclusion reason: No knowledge user participation; ,""
An analysis of compounding factors of epidemics in complex emergencies: a system dynamics approach,"Harpring, R.; Maghsoudi, A.; Fikar, C.; Piotrowicz, W.D.; Heaslip, G.","Purpose: This study aims to describe the compounding factors in a complex emergency, which exacerbate a cholera epidemic among vulnerable populations due to supply chain disruptions. Basic needs such as food, medicine, water, sanitation and hygiene commodities are critical to reduce the incidence rate of cholera and control the spread of infection. Conflicts cause damage to infrastructure, displace vulnerable populations and restrict the flow of goods from both commercial and humanitarian organizations. This study assesses the underlying internal and external factors that either aggravate or mitigate the risk of a cholera outbreak in such settings, using Yemen as a case study. Design/methodology/approach: This study adopts a system dynamics methodology to analyze factors that influence cholera outbreaks in the context of the Yemeni Civil War. A causal loop diagram with multiple components was constructed to represent the complexities of humanitarian situations that require critical decision-making. The model was built using data from humanitarian organizations, non-governmental organizations and practitioners, along with literature from academic sources. Variables in the model were confirmed through semi-structured interviews with a field expert. Findings: Compounding factors that influenced the cholera outbreak in Yemen are visualized in a causal loop diagram, which can improve the understanding of relationships where numerous uncertainties exist. A strong link exists between humanitarian response and the level of infrastructure development in a country. Supply chains are affected by constraints deriving from the Yemeni conflict, further inhibiting the use of infrastructure, which limits access to basic goods and services. Aligning long-term development objectives with short-term humanitarian response efforts can create more flexible modes of assistance to prevent and control future outbreaks. Research limitations/implications: The model focuses on the qualitative aspects of system dynamics to visualize the logistics and supply chain-related constraints that impact cholera prevention, treatment and control through humanitarian interventions. The resulting causal loop diagram is bounded by the Yemen context; thus, an extension of the model adapted for other contexts is recommended for further study. Practical implications: This study presents a systematic view of dynamic factors existing in complex emergencies that have cause-and-effect relationships. Several models of cholera outbreaks have been used in previous studies, primarily focusing on the modes and mechanisms of transmission throughout a population. However, such models typically do not include other internal and external factors that influence the population and context at the site of an outbreak. This model incorporates those factors from a logistics perspective to address the distribution of in-kind goods and cash and voucher assistance. Social implications: This study has been aligned with six of the United Nations Sustainable Development Goals (SDGs), using their associated targets in the model as variables that influence the cholera incidence rate. Recognizing that the SDGs are interlinked, as are the dynamic factors in complex humanitarian emergencies, the authors have chosen to take an interdisciplinary approach to consider social, economic and environmental factors that may be impacted by this research. Originality/value: This paper provides an insight into the underlying inter-relations of internal and external factors present in the context of a cholera outbreak in a complex crisis. Supply chains for food; water, sanitation and hygiene; and health products are crucial to help prevent, control and treat an outbreak. The model exposes vulnerabilities in the supply chain, which may offer guidance for decision makers to improve resilience, reduce disruptions and decrease the severity of cholera outbreaks. © 2021, Russell Harpring, Amin Maghsoudi, Christian Fikar, Wojciech D. Piotrowicz and Graham Heaslip.",2021,,J. Humanit. Logist. Supply Chain Manage.,11,2,198-226,,10.1108/JHLSCM-07-2020-0063,,#1103,Harpring 2021,Exclusion reason: Theoretical framework; ,""
Stay with your community: Bridges between clusters trigger expansion of COVID-19,"Ohsawa, Y.; Tsubokura, M.","In this study, the spread of virus infection was simulated using artificial human networks. Here, real-space urban life was modeled as a modified scale-free network with constraints. To date, the scale-free network has been adopted for modeling online communities in several studies. However, in the present study, it has been modified to represent the social behaviors of people where the generated communities are restricted and reflect spatiotemporal constraints in real life. Furthermore, the networks have been extended by introducing multiple cliques in the initial step of network construction and enabling people to contact hidden (zero-degree) as well as popular (large-degree) people. Consequently, four findings and a policy proposal were obtained. First, “second waves” were observed in some cases of the simulations even without external influence or constraints on people’s social contacts or the releasing of the constraints. These waves tend to be lower than the first wave and occur in “fresh” clusters, that is, via the infection of people who are connected in the network but have not been infected previously. This implies that the bridge between infected and fresh clusters may trigger a new spread of the virus. Second, if the network changes its structure on the way of infection spread or after its suppression, a second wave larger than the first can occur. Third, the peak height in the time series of the number of infected cases depends on the difference between the upper bound of the number of people each member actually meets and the number of people they choose to meet during the period of infection spread. This tendency is observed for the two kinds of artificial networks introduced here and implies the impact of bridges between communities on the virus spreading. Fourth, the release of a previously imposed constraint may trigger a second wave higher than the peak of the time series without introducing any constraint so far previously, if the release is introduced at a time close to the peak. Thus, overall, both the government and individuals should be careful in returning to society where people enjoy free inter-community contact. © 2020 Ohsawa, Tsubokura. This is an open access article distributed under the terms of the Creative Commons Attribution License, which permits unrestricted use, distribution, and reproduction in any medium, provided the original author and source are credited.",2020,,PLoS ONE,15,12,,,10.1371/journal.pone.0242766,,#1106,Ohsawa 2020,Exclusion reason: No specific population; ,""
"Evaluation of strategies using simulation model to control a potential outbreak of highly pathogenic avian influenza among poultry farms in Central Luzon, Philippines","Salvador, R.; Tanquilut, N.; Macmac, R.; Lampang, K.N.; Chaisowwong, W.; Pfeiffer, D.; Punyapornwithaya, V.","The Philippines confirmed its first epidemic of Highly Pathogenic Avian Influenza (HPAI) on August 11, 2017. It ended in November of 2017. Despite the successful management of the epidemic, reemergence is a continuous threat. The aim of this study was to conduct a mathematical model to assess the spatial transmission of HPAI among poultry farms in Central Luzon. Different control strategies and the current government protocol of 1 km radius preemptive culling (PEC) from infected farms were evaluated. The alternative strategies include 0.5km PEC, 1.5km PEC, 2 km PEC, 2.5 km PEC, and 3 km PEC, no pre-emptive culling (NPEC). The NPEC scenario was further modeled with a time of government notification set at 24hours, 48 hours, and 72 hours after the detection. Disease spread scenarios under each strategy were generated using an SEIR (susceptible-exposed-infectious-removed) stochastic model. A spatial transmission kernel was calculated and used to represent all potential routes of infection between farms. We assumed that the latent period occurs between 1–2 days, disease detection at 5–7 days post-infection, notification of authorities at 5–7 days post-detection and start of culling at 1–3 days post notification. The epidemic scenarios were compared based on the number of infected farms, the total number of culled farms, and the duration of the epidemic. Our results revealed that the current protocol is the most appropriate option compared with the other alternative interventions considered among farms with reproductive ratio (Ri) > 1. Shortening the culling radius to 0.5 km increased the duration of the epidemic. Further increase in the PEC zone decreased the duration of the epidemic but may not justify the increased number of farms to be culled. Nonetheless, the no-pre-emptive culling (NPEC) strategy can be an effective alternative to the current protocol if farm managers inform the government immediately within 24 hours of observation of the presence of HPAI in their farms. Moreover, if notification is made on days 1–3 after the detection, the scale and length of the outbreak have been significantly reduced. In conclusion, this study provided a comparison of various control measures for confronting the spread of HPAI infection using the simulation model. Policy makers can use this information to enhance the effectiveness of the current control strategy. © 2020 Salvador et al. This is an open access article distributed under the terms of the Creative Commons Attribution License, which permits unrestricted use, distribution, and reproduction in any medium, provided the original author and source are credited.",2020,,PLoS ONE,15,9 September,,,10.1371/journal.pone.0238815,,#1108,Salvador 2020,Exclusion reason: Modeled population is not human; ,""
COVID-19 Lifecycle: Predictive Modelling of States in India,"Behl, R.; Mishra, M.","The study captures the COVID-19 lifecycle in different states of India using predictive analytics. Drawing upon the seminal susceptible–infected–removed (SIR) model of capturing the spread of viral diseases, this study models the spread of COVID-19 in the ten most infected states of India (as on 30 April 2020). Using publicly available state-wise time series data of COVID-19 patients during the period 1–30 April 2020, the study uses the forecasting technique of auto-regressive integrated moving averages (ARIMA) to predict the likely population susceptible to COVID-19 in each state. Thereafter, based on the SIR model, predictive modelling of state-wise COVID-19 data is carried out to determine: (a) the predictive accuracy; (b) the likely number of days it would take for the disease to reach the peak number of infections in a state; (c) the likely number of infections at the peak; and (d) the state-wise end date. The SIR model is implemented by running Python 3.7.4 on Jupyter Notebook and using the package Matplotlib 3.2.1 for visualization. The study offers rich insights for policymakers as well as common citizens. © 2020 International Management Institute, New Delhi.",2020,,Global Bus. Rev.,21,4,883-891,,10.1177/0972150920934642,,#1109,Behl 2020,Exclusion reason: No knowledge user participation; ,""
Forecasting the spread of COVID-19 in kuwait using compartmental and logistic regression models,"Almeshal, A.M.; Almazrouee, A.I.; Alenizi, M.R.; Alhajeri, S.N.","The state of Kuwait is facing a substantial challenge in responding to the spread of the novel coronavirus 2019 (COVID-19). The government's decision to repatriate stranded citizens back to Kuwait from various COVID-19 epicenters has generated a great concern. It has heightened the need for prediction models to estimate the epidemic size. Mathematical modeling plays a pivotal role in predicting the spread of infectious diseases to enable policymakers to implement various health and safety measures to contain the spread. This research presents a forecast of the COVID-19 epidemic size in Kuwait based on the confirmed data. Deterministic and stochastic modeling approaches were used to estimate the size of COVID-19 spread in Kuwait and determine its ending phase. In addition, various simulation scenarios were conducted to demonstrate the effectiveness of nonpharmaceutical intervention measures, particularly with time-varying infection rates and individual contact numbers. Results indicate that, with data until 19 April 2020 and before the repatriation plan, the estimated reproduction number in Kuwait is 2.2. It also confirms the efficiency of the containment measures of the state of Kuwait to control the spread even after the repatriation plan. The results show that a high contact rate among the population implies that the epidemic peak value is yet to be reached and that more strict intervention measures must be incorporated. © 2020 by the authors.",2020,,Appl. Sci.,10,10,,,10.3390/APP10103402,,#1116,Almeshal 2020,Exclusion reason: No knowledge user participation; ,""
Infectious disease prediction with kernel conditional density estimation,"Ray, E.L.; Sakrejda, K.; Lauer, S.A.; Johansson, M.A.; Reich, N.G.","Creating statistical models that generate accurate predictions of infectious disease incidence is a challenging problem whose solution could benefit public health decision makers. We develop a new approach to this problem using kernel conditional density estimation (KCDE) and copulas. We obtain predictive distributions for incidence in individual weeks using KCDE and tie those distributions together into joint distributions using copulas. This strategy enables us to create predictions for the timing of and incidence in the peak week of the season. Our implementation of KCDE incorporates 2 novel kernel components: a periodic component that captures seasonality in disease incidence and a component that allows for a full parameterization of the bandwidth matrix with discrete variables. We demonstrate via simulation that a fully parameterized bandwidth matrix can be beneficial for estimating conditional densities. We apply the method to predicting dengue fever and influenza and compare to a seasonal autoregressive integrated moving average model and HHH4, a previously published extension to the generalized linear model framework developed for infectious disease incidence. The KCDE outperforms the baseline methods for predictions of dengue incidence in individual weeks. The KCDE also offers more consistent performance than the baseline models for predictions of incidence in the peak week and is comparable to the baseline models on the other prediction targets. Using the periodic kernel function led to better predictions of incidence. Our approach and extensions of it could yield improved predictions for public health decision makers, particularly in diseases with heterogeneous seasonal dynamics such as dengue fever. Copyright © 2017 John Wiley & Sons, Ltd.",2017,,Stat. Med.,36,30,4908-4929,,10.1002/sim.7488,,#1126,Ray 2017,Exclusion reason: Not a mathematical model; ,""
"Modeling the cost-effectiveness of home-based HIV testing and education (HOPE) for pregnant women and their male partners in Nyanza Province, Kenya","Sharma, M.; Farquhar, C.; Ying, R.; Krakowiak, D.; Kinuthia, J.; Osoti, A.; Asila, V.; Gone, M.; Mark, J.; Barnabas, R.V.","Introduction: Women in sub-Saharan Africa face a 2-fold higher risk of HIV acquisition during pregnancy and postpartum and the majority do not know the HIV status of their male partner. Homebased couple HIV testing for pregnant women can reduce HIV transmission to women and infants while increasing antiretroviral therapy (ART) coverage in men. However, the cost-effectiveness of this program has not been evaluated. Methods: We modeled the health and economic impact of implementing a home-based partner education and HIV testing (HOPE) intervention for pregnant women and their male partners in a region of Western Kenya (formally Nyanza Province). We used data from the HOPE randomized clinical trial conducted in Kisumu, Kenya, to parameterize a mathematical model of HIV transmission. We conducted an in-country microcosting of the HOPE intervention (payer perspective) to estimate program costs as well as a lower cost scenario of task-shifting to community health workers. Results: The incremental cost of adding the HOPE intervention to standard antenatal care was $31-37 and $14-16 USD per couple tested with program and task-shifting costs, respectively. At 60% coverage of male partners, HOPE was projected to avert 6987 HIV infections and 2603 deaths in Nyanza province over 10 years with an incremental cost-effectiveness ratio (ICER) of $886 and $615 per disability-adjusted life year averted for the program and task-shifting scenario, respectively. ICERs were robust to changes in intervention coverage, effectiveness, and ART initiation and dropout rates. Conclusions: The HOPE intervention can moderately decrease HIV-associated morbidity and mortality by increasing ART coverage in male partners of pregnant women. ICERs fall below Kenya's per capita gross domestic product ($1358) and are therefore considered cost-effective. Task-shifting to community health workers can increase intervention affordability and feasibility. © 2016 Wolters Kluwer Health, Inc. All rights reserved.",2016,,J. Acquired Immune Defic. Syndr.,72,,S174-S180,,10.1097/QAI.0000000000001057,,#1128,Sharma 2016,Exclusion reason: No knowledge user participation; ,""
Comparing the impact of artemisinin-based combination therapies on malaria transmission in sub-Saharan Africa,"Ndeffo Mbah, M.L.; Parikh, S.; Galvani, A.P.","Artemisinin-based combination therapies (ACTs) are currently considered the first-line treatments for uncomplicated Plasmodium falciparum malaria. Among these, artemether-lumefantrine (AL) has been the most widely prescribed ACT in sub-Saharan Africa. Recent clinical trials conducted in sub-Saharan Africa have shown that dihydroartemisinin-piperaquine (DP), a most recent ACT, may have a longer post-treatment prophylactic period and post-treatment infection period (duration of gametocyte carriage) than AL. Using epidemiological and clinical data on the efficacy of AL and DP, we developed and parameterized a mathematical transmission model that we used to compare the population-level impact of AL and DP for reducing P. falciparum malaria transmission in sub-Saharan Africa. Our results showed that DP is likely to more effectively reduce malaria incidence of clinical episodes than AL. However in low P. falciparum transmission areas, DP and AL are likely to be equally effective in reducing malaria prevalence. The predictions of our model were shown to be robust to the empirical uncertainty summarizing the epidemiological parameters. DP should be considered as a replacement for AL as first-line treatment of uncomplicated malaria in highly endemic P. falciparum communities. To optimize the effectiveness of ACTs, it is necessary to tailor treatment policies to the transmission intensity in different settings. Copyright © 2015 by The American Society of Tropical Medicine and Hygiene.",2015,,Am. J. Trop. Med. Hyg.,92,3,555-560,,10.4269/ajtmh.14-0490,,#1129,NdeffoMbah 2015,Exclusion reason: No knowledge user participation; ,""
Analysis of the impact of diabetes on the dynamical transmission of tuberculosis,"Moualeu, D.P.; Bowong, S.; Tewa, J.J.; Emvudu, Y.","Tuberculosis (TB) remains a major global health problem. A possible risk factor for TB is diabetes (DM), which is predicted to increase dramatically over the next two decades, particularly in low and middle income countries, where TB is widespread. This study aimed to assess the strength of the association between TB and DM. We present a deterministic model for TB in a community in order to determine the impact of DM in the spread of the disease. The important mathematical features of the TB model are thoroughly investigated. The epidemic threshold known as the basic reproduction number and equilibria for the model are determined and stabilities analyzed. The model is numerically analyzed to assess the impact of DM on the transmission dynamics of TB. We perform sensitivity analysis on the key parameters that drive the disease dynamics in order to determine their relative importance to disease transmission and prevalence. Numerical simulations suggest that DM enhances the TB transmission and progression to active TB in a community. The results suggest that there is a need for increased attention to intervention strategies such as the chemoprophylaxis of TB latent individuals and treatment of active TB in people with DM, which may include testing for suspected diabetes, improved glucose control, and increased clinical and therapeutic monitoring in order to reduce the burden of the disease. © EDP Sciences, 2012.",2012,,Math. Model. Nat. Phenom.,7,3,117-146,,10.1051/mmnp/20127309,,#1135,Moualeu 2012,Exclusion reason: No knowledge user participation; ,""
